"Profile","Id","Path","Slice Name","Alias(s)","Label","Min","Max","Must Support?","Is Modifier?","Is Summary?","Type(s)","Short","Definition","Comments","Requirements","Default Value","Meaning When Missing","Fixed Value","Pattern","Example","Minimum Value","Maximum Value","Maximum Length","Binding Strength","Binding Description","Binding Value Set","Code","Slicing Discriminator","Slicing Description","Slicing Ordered","Slicing Rules","Base Path","Base Min","Base Max","Condition(s)","Constraint(s)"
"mii-ex-studie-akronym","Extension","Extension","","","",0,*,"","","","null {[]} {[]}
","Extension","An Extension","","","","","","","","","",,,,,"",,,,"Extension",0,*,"ele-1
","ele-1:All FHIR elements must have a @value or children {hasValue() or (children().count() > id.count())}
ext-1:Must have either extensions or value[x], not both {extension.exists() != value.exists()}"
"mii-ex-studie-akronym","Extension.id","Extension.id","","","",0,1,"","","","string {[]} {[]}
","Unique id for inter-element referencing","Unique id for the element within a resource (for internal references). This may be any string value that does not contain spaces.","","","","","","","","","",,,,,"",,,,"Element.id",0,1,"",""
"mii-ex-studie-akronym","Extension.extension","Extension.extension","","","",0,0,"","","","Extension {[]} {[]}
","Extension","An Extension","","","","","","","","","",,,,,"","value:url}
","Extensions are always sliced by (at least) url",,"open","Element.extension",0,*,"","ele-1:All FHIR elements must have a @value or children {hasValue() or (children().count() > id.count())}
ext-1:Must have either extensions or value[x], not both {extension.exists() != value.exists()}"
"mii-ex-studie-akronym","Extension.url","Extension.url","","","",1,1,"","","","uri {[]} {[]}
","identifies the meaning of the extension","Source of the definition for the extension code - a logical name or a URL.","The definition may point directly to a computable or human-readable definition of the extensibility codes, or it may be a logical URI as declared in some other specification. The definition SHALL be a URI for the Structure Definition defining the extension.","","","","<valueUri xmlns=""http://hl7.org/fhir"" value=""https://www.medizininformatik-initiative.de/fhir/modul-studie/StructureDefinition/mii-ex-studie-akronym""/>","","","","",,,,,"",,,,"Extension.url",1,1,"",""
"mii-ex-studie-akronym","Extension.value[x]","Extension.value[x]","","","",0,1,"","","","string {[]} {[]}
","Value of extension","Value of extension - must be one of a constrained set of the data types (see [Extensibility](http://hl7.org/fhir/R4/extensibility.html) for a list).","","","","","","","","","",,,,,"",,,,"Extension.value[x]",0,1,"","ele-1:All FHIR elements must have a @value or children {hasValue() or (children().count() > id.count())}
"
"mii-ex-studie-backport-associatedParty","Extension","Extension","","","",0,*,"","","","null {[]} {[]}
","Extension","An Extension","","","","","","","","","",,,,,"",,,,"Extension",0,*,"ele-1
","ele-1:All FHIR elements must have a @value or children {hasValue() or (children().count() > id.count())}
ext-1:Must have either extensions or value[x], not both {extension.exists() != value.exists()}"
"mii-ex-studie-backport-associatedParty","Extension.id","Extension.id","","","",0,1,"","","","string {[]} {[]}
","Unique id for inter-element referencing","Unique id for the element within a resource (for internal references). This may be any string value that does not contain spaces.","","","","","","","","","",,,,,"",,,,"Element.id",0,1,"",""
"mii-ex-studie-backport-associatedParty","Extension.extension","Extension.extension","","","",1,*,"","","","Extension {[]} {[]}
","Extension","An Extension","","","","","","","","","",,,,,"","value:url}
","Extensions are always sliced by (at least) url",,"open","Element.extension",0,*,"","ele-1:All FHIR elements must have a @value or children {hasValue() or (children().count() > id.count())}
ext-1:Must have either extensions or value[x], not both {extension.exists() != value.exists()}"
"mii-ex-studie-backport-associatedParty","Extension.extension:name","Extension.extension","name","","",0,1,"","","","Extension {[]} {[]}
","Extension","An Extension","","","","","","","","","",,,,,"",,,,"Element.extension",0,*,"","ele-1:All FHIR elements must have a @value or children {hasValue() or (children().count() > id.count())}
ext-1:Must have either extensions or value[x], not both {extension.exists() != value.exists()}"
"mii-ex-studie-backport-associatedParty","Extension.extension:name.id","Extension.extension.id","","","",0,1,"","","","string {[]} {[]}
","Unique id for inter-element referencing","Unique id for the element within a resource (for internal references). This may be any string value that does not contain spaces.","","","","","","","","","",,,,,"",,,,"Element.id",0,1,"",""
"mii-ex-studie-backport-associatedParty","Extension.extension:name.extension","Extension.extension.extension","","","",0,0,"","","","Extension {[]} {[]}
","Extension","An Extension","","","","","","","","","",,,,,"","value:url}
","Extensions are always sliced by (at least) url",,"open","Element.extension",0,*,"","ele-1:All FHIR elements must have a @value or children {hasValue() or (children().count() > id.count())}
ext-1:Must have either extensions or value[x], not both {extension.exists() != value.exists()}"
"mii-ex-studie-backport-associatedParty","Extension.extension:name.url","Extension.extension.url","","","",1,1,"","","","uri {[]} {[]}
","identifies the meaning of the extension","Source of the definition for the extension code - a logical name or a URL.","The definition may point directly to a computable or human-readable definition of the extensibility codes, or it may be a logical URI as declared in some other specification. The definition SHALL be a URI for the Structure Definition defining the extension.","","","","<valueUri xmlns=""http://hl7.org/fhir"" value=""name""/>","","","","",,,,,"",,,,"Extension.url",1,1,"",""
"mii-ex-studie-backport-associatedParty","Extension.extension:name.value[x]","Extension.extension.value[x]","","","",0,1,"","","","string {[]} {[]}
","Value of extension","Value of extension - must be one of a constrained set of the data types (see [Extensibility](http://hl7.org/fhir/R4/extensibility.html) for a list).","","","","","","","","","",,,,,"",,,,"Extension.value[x]",0,1,"","ele-1:All FHIR elements must have a @value or children {hasValue() or (children().count() > id.count())}
"
"mii-ex-studie-backport-associatedParty","Extension.extension:role","Extension.extension","role","","",1,1,"Y","","","Extension {[]} {[]}
","Extension","An Extension","","","","","","","","","",,,,,"",,,,"Element.extension",0,*,"","ele-1:All FHIR elements must have a @value or children {hasValue() or (children().count() > id.count())}
ext-1:Must have either extensions or value[x], not both {extension.exists() != value.exists()}"
"mii-ex-studie-backport-associatedParty","Extension.extension:role.id","Extension.extension.id","","","",0,1,"","","","string {[]} {[]}
","Unique id for inter-element referencing","Unique id for the element within a resource (for internal references). This may be any string value that does not contain spaces.","","","","","","","","","",,,,,"",,,,"Element.id",0,1,"",""
"mii-ex-studie-backport-associatedParty","Extension.extension:role.extension","Extension.extension.extension","","","",0,0,"","","","Extension {[]} {[]}
","Extension","An Extension","","","","","","","","","",,,,,"","value:url}
","Extensions are always sliced by (at least) url",,"open","Element.extension",0,*,"","ele-1:All FHIR elements must have a @value or children {hasValue() or (children().count() > id.count())}
ext-1:Must have either extensions or value[x], not both {extension.exists() != value.exists()}"
"mii-ex-studie-backport-associatedParty","Extension.extension:role.url","Extension.extension.url","","","",1,1,"","","","uri {[]} {[]}
","identifies the meaning of the extension","Source of the definition for the extension code - a logical name or a URL.","The definition may point directly to a computable or human-readable definition of the extensibility codes, or it may be a logical URI as declared in some other specification. The definition SHALL be a URI for the Structure Definition defining the extension.","","","","<valueUri xmlns=""http://hl7.org/fhir"" value=""role""/>","","","","",,,,,"",,,,"Extension.url",1,1,"",""
"mii-ex-studie-backport-associatedParty","Extension.extension:role.value[x]","Extension.extension.value[x]","","","",0,1,"","","","CodeableConcept {[]} {[]}
","Value of extension","Value of extension - must be one of a constrained set of the data types (see [Extensibility](http://hl7.org/fhir/R4/extensibility.html) for a list).","","","","","","","","","",,"extensible","","http://hl7.org/fhir/ValueSet/research-study-party-role","",,,,"Extension.value[x]",0,1,"","ele-1:All FHIR elements must have a @value or children {hasValue() or (children().count() > id.count())}
"
"mii-ex-studie-backport-associatedParty","Extension.extension:period","Extension.extension","period","","",0,1,"","","","Extension {[]} {[]}
","Extension","An Extension","","","","","","","","","",,,,,"",,,,"Element.extension",0,*,"","ele-1:All FHIR elements must have a @value or children {hasValue() or (children().count() > id.count())}
ext-1:Must have either extensions or value[x], not both {extension.exists() != value.exists()}"
"mii-ex-studie-backport-associatedParty","Extension.extension:period.id","Extension.extension.id","","","",0,1,"","","","string {[]} {[]}
","Unique id for inter-element referencing","Unique id for the element within a resource (for internal references). This may be any string value that does not contain spaces.","","","","","","","","","",,,,,"",,,,"Element.id",0,1,"",""
"mii-ex-studie-backport-associatedParty","Extension.extension:period.extension","Extension.extension.extension","","","",0,0,"","","","Extension {[]} {[]}
","Extension","An Extension","","","","","","","","","",,,,,"","value:url}
","Extensions are always sliced by (at least) url",,"open","Element.extension",0,*,"","ele-1:All FHIR elements must have a @value or children {hasValue() or (children().count() > id.count())}
ext-1:Must have either extensions or value[x], not both {extension.exists() != value.exists()}"
"mii-ex-studie-backport-associatedParty","Extension.extension:period.url","Extension.extension.url","","","",1,1,"","","","uri {[]} {[]}
","identifies the meaning of the extension","Source of the definition for the extension code - a logical name or a URL.","The definition may point directly to a computable or human-readable definition of the extensibility codes, or it may be a logical URI as declared in some other specification. The definition SHALL be a URI for the Structure Definition defining the extension.","","","","<valueUri xmlns=""http://hl7.org/fhir"" value=""period""/>","","","","",,,,,"",,,,"Extension.url",1,1,"",""
"mii-ex-studie-backport-associatedParty","Extension.extension:period.value[x]","Extension.extension.value[x]","","","",0,1,"","","","Period {[]} {[]}
","Value of extension","Value of extension - must be one of a constrained set of the data types (see [Extensibility](http://hl7.org/fhir/R4/extensibility.html) for a list).","","","","","","","","","",,,,,"",,,,"Extension.value[x]",0,1,"","ele-1:All FHIR elements must have a @value or children {hasValue() or (children().count() > id.count())}
"
"mii-ex-studie-backport-associatedParty","Extension.extension:classifier","Extension.extension","classifier","","",0,*,"","","","Extension {[]} {[]}
","Extension","An Extension","","","","","","","","","",,,,,"",,,,"Element.extension",0,*,"","ele-1:All FHIR elements must have a @value or children {hasValue() or (children().count() > id.count())}
ext-1:Must have either extensions or value[x], not both {extension.exists() != value.exists()}"
"mii-ex-studie-backport-associatedParty","Extension.extension:classifier.id","Extension.extension.id","","","",0,1,"","","","string {[]} {[]}
","Unique id for inter-element referencing","Unique id for the element within a resource (for internal references). This may be any string value that does not contain spaces.","","","","","","","","","",,,,,"",,,,"Element.id",0,1,"",""
"mii-ex-studie-backport-associatedParty","Extension.extension:classifier.extension","Extension.extension.extension","","","",0,0,"","","","Extension {[]} {[]}
","Extension","An Extension","","","","","","","","","",,,,,"","value:url}
","Extensions are always sliced by (at least) url",,"open","Element.extension",0,*,"","ele-1:All FHIR elements must have a @value or children {hasValue() or (children().count() > id.count())}
ext-1:Must have either extensions or value[x], not both {extension.exists() != value.exists()}"
"mii-ex-studie-backport-associatedParty","Extension.extension:classifier.url","Extension.extension.url","","","",1,1,"","","","uri {[]} {[]}
","identifies the meaning of the extension","Source of the definition for the extension code - a logical name or a URL.","The definition may point directly to a computable or human-readable definition of the extensibility codes, or it may be a logical URI as declared in some other specification. The definition SHALL be a URI for the Structure Definition defining the extension.","","","","<valueUri xmlns=""http://hl7.org/fhir"" value=""classifier""/>","","","","",,,,,"",,,,"Extension.url",1,1,"",""
"mii-ex-studie-backport-associatedParty","Extension.extension:classifier.value[x]","Extension.extension.value[x]","","","",0,1,"","","","CodeableConcept {[]} {[]}
","Value of extension","Value of extension - must be one of a constrained set of the data types (see [Extensibility](http://hl7.org/fhir/R4/extensibility.html) for a list).","","","","","","","","","",,"example","","http://hl7.org/fhir/ValueSet/research-study-party-organization-type","",,,,"Extension.value[x]",0,1,"","ele-1:All FHIR elements must have a @value or children {hasValue() or (children().count() > id.count())}
"
"mii-ex-studie-backport-associatedParty","Extension.extension:party","Extension.extension","party","","",0,1,"Y","","","Extension {[]} {[]}
","Extension","An Extension","","","","","","","","","",,,,,"",,,,"Element.extension",0,*,"","ele-1:All FHIR elements must have a @value or children {hasValue() or (children().count() > id.count())}
ext-1:Must have either extensions or value[x], not both {extension.exists() != value.exists()}"
"mii-ex-studie-backport-associatedParty","Extension.extension:party.id","Extension.extension.id","","","",0,1,"","","","string {[]} {[]}
","Unique id for inter-element referencing","Unique id for the element within a resource (for internal references). This may be any string value that does not contain spaces.","","","","","","","","","",,,,,"",,,,"Element.id",0,1,"",""
"mii-ex-studie-backport-associatedParty","Extension.extension:party.extension","Extension.extension.extension","","","",0,0,"","","","Extension {[]} {[]}
","Extension","An Extension","","","","","","","","","",,,,,"","value:url}
","Extensions are always sliced by (at least) url",,"open","Element.extension",0,*,"","ele-1:All FHIR elements must have a @value or children {hasValue() or (children().count() > id.count())}
ext-1:Must have either extensions or value[x], not both {extension.exists() != value.exists()}"
"mii-ex-studie-backport-associatedParty","Extension.extension:party.url","Extension.extension.url","","","",1,1,"","","","uri {[]} {[]}
","identifies the meaning of the extension","Source of the definition for the extension code - a logical name or a URL.","The definition may point directly to a computable or human-readable definition of the extensibility codes, or it may be a logical URI as declared in some other specification. The definition SHALL be a URI for the Structure Definition defining the extension.","","","","<valueUri xmlns=""http://hl7.org/fhir"" value=""party""/>","","","","",,,,,"",,,,"Extension.url",1,1,"",""
"mii-ex-studie-backport-associatedParty","Extension.extension:party.value[x]","Extension.extension.value[x]","","","",0,1,"","","","Reference {[]} {[CanonicalType[http://hl7.org/fhir/StructureDefinition/Practitioner], CanonicalType[http://hl7.org/fhir/StructureDefinition/PractitionerRole], CanonicalType[http://hl7.org/fhir/StructureDefinition/Organization]]}
","Value of extension","Value of extension - must be one of a constrained set of the data types (see [Extensibility](http://hl7.org/fhir/R4/extensibility.html) for a list).","","","","","","","","","",,,,,"",,,,"Extension.value[x]",0,1,"","ele-1:All FHIR elements must have a @value or children {hasValue() or (children().count() > id.count())}
"
"mii-ex-studie-backport-associatedParty","Extension.url","Extension.url","","","",1,1,"","","","uri {[]} {[]}
","identifies the meaning of the extension","Source of the definition for the extension code - a logical name or a URL.","The definition may point directly to a computable or human-readable definition of the extensibility codes, or it may be a logical URI as declared in some other specification. The definition SHALL be a URI for the Structure Definition defining the extension.","","","","<valueUri xmlns=""http://hl7.org/fhir"" value=""http://hl7.org/fhir/5.0/StructureDefinition/extension-ResearchStudy.associatedParty""/>","","","","",,,,,"",,,,"Extension.url",1,1,"",""
"mii-ex-studie-backport-associatedParty","Extension.value[x]","Extension.value[x]","","","",0,0,"","","","base64Binary {[]} {[]}
boolean {[]} {[]}canonical {[]} {[]}code {[]} {[]}date {[]} {[]}dateTime {[]} {[]}decimal {[]} {[]}id {[]} {[]}instant {[]} {[]}integer {[]} {[]}markdown {[]} {[]}oid {[]} {[]}positiveInt {[]} {[]}string {[]} {[]}time {[]} {[]}unsignedInt {[]} {[]}uri {[]} {[]}url {[]} {[]}uuid {[]} {[]}Address {[]} {[]}Age {[]} {[]}Annotation {[]} {[]}Attachment {[]} {[]}CodeableConcept {[]} {[]}Coding {[]} {[]}ContactPoint {[]} {[]}Count {[]} {[]}Distance {[]} {[]}Duration {[]} {[]}HumanName {[]} {[]}Identifier {[]} {[]}Money {[]} {[]}Period {[]} {[]}Quantity {[]} {[]}Range {[]} {[]}Ratio {[]} {[]}Reference {[]} {[]}SampledData {[]} {[]}Signature {[]} {[]}Timing {[]} {[]}ContactDetail {[]} {[]}Contributor {[]} {[]}DataRequirement {[]} {[]}Expression {[]} {[]}ParameterDefinition {[]} {[]}RelatedArtifact {[]} {[]}TriggerDefinition {[]} {[]}UsageContext {[]} {[]}Dosage {[]} {[]}Meta {[]} {[]}","Value of extension","Value of extension - must be one of a constrained set of the data types (see [Extensibility](http://hl7.org/fhir/R4/extensibility.html) for a list).","","","","","","","","","",,,,,"",,,,"Extension.value[x]",0,1,"","ele-1:All FHIR elements must have a @value or children {hasValue() or (children().count() > id.count())}
"
"mii-ex-studie-backport-definition-by-combination","Extension","Extension","","","",0,*,"","","","null {[]} {[]}
","Extension","An Extension","","","","","","","","","",,,,,"",,,,"Extension",0,*,"ele-1
","ele-1:All FHIR elements must have a @value or children {hasValue() or (children().count() > id.count())}
ext-1:Must have either extensions or value[x], not both {extension.exists() != value.exists()}"
"mii-ex-studie-backport-definition-by-combination","Extension.id","Extension.id","","","",0,1,"","","","string {[]} {[]}
","Unique id for inter-element referencing","Unique id for the element within a resource (for internal references). This may be any string value that does not contain spaces.","","","","","","","","","",,,,,"",,,,"Element.id",0,1,"",""
"mii-ex-studie-backport-definition-by-combination","Extension.extension","Extension.extension","","","",2,*,"","","","Extension {[]} {[]}
","Extension","An Extension","","","","","","","","","",,,,,"","value:url}
","Extensions are always sliced by (at least) url",,"open","Element.extension",0,*,"","ele-1:All FHIR elements must have a @value or children {hasValue() or (children().count() > id.count())}
ext-1:Must have either extensions or value[x], not both {extension.exists() != value.exists()}"
"mii-ex-studie-backport-definition-by-combination","Extension.extension:code","Extension.extension","code","","",1,1,"Y","","","Extension {[]} {[]}
","Extension","An Extension","","","","","","","","","",,,,,"",,,,"Element.extension",0,*,"","ele-1:All FHIR elements must have a @value or children {hasValue() or (children().count() > id.count())}
ext-1:Must have either extensions or value[x], not both {extension.exists() != value.exists()}"
"mii-ex-studie-backport-definition-by-combination","Extension.extension:code.id","Extension.extension.id","","","",0,1,"","","","string {[]} {[]}
","Unique id for inter-element referencing","Unique id for the element within a resource (for internal references). This may be any string value that does not contain spaces.","","","","","","","","","",,,,,"",,,,"Element.id",0,1,"",""
"mii-ex-studie-backport-definition-by-combination","Extension.extension:code.extension","Extension.extension.extension","","","",0,0,"","","","Extension {[]} {[]}
","Extension","An Extension","","","","","","","","","",,,,,"","value:url}
","Extensions are always sliced by (at least) url",,"open","Element.extension",0,*,"","ele-1:All FHIR elements must have a @value or children {hasValue() or (children().count() > id.count())}
ext-1:Must have either extensions or value[x], not both {extension.exists() != value.exists()}"
"mii-ex-studie-backport-definition-by-combination","Extension.extension:code.url","Extension.extension.url","","","",1,1,"","","","uri {[]} {[]}
","identifies the meaning of the extension","Source of the definition for the extension code - a logical name or a URL.","The definition may point directly to a computable or human-readable definition of the extensibility codes, or it may be a logical URI as declared in some other specification. The definition SHALL be a URI for the Structure Definition defining the extension.","","","","<valueUri xmlns=""http://hl7.org/fhir"" value=""code""/>","","","","",,,,,"",,,,"Extension.url",1,1,"",""
"mii-ex-studie-backport-definition-by-combination","Extension.extension:code.value[x]","Extension.extension.value[x]","","","",0,1,"","","","code {[]} {[]}
","Value of extension","Value of extension - must be one of a constrained set of the data types (see [Extensibility](http://hl7.org/fhir/R4/extensibility.html) for a list).","","","","","","","","","",,"required","","http://hl7.org/fhir/ValueSet/characteristic-combination","",,,,"Extension.value[x]",0,1,"","ele-1:All FHIR elements must have a @value or children {hasValue() or (children().count() > id.count())}
"
"mii-ex-studie-backport-definition-by-combination","Extension.extension:threshhold","Extension.extension","threshhold","","",0,1,"","","","Extension {[]} {[]}
","Extension","An Extension","","","","","","","","","",,,,,"",,,,"Element.extension",0,*,"","ele-1:All FHIR elements must have a @value or children {hasValue() or (children().count() > id.count())}
ext-1:Must have either extensions or value[x], not both {extension.exists() != value.exists()}"
"mii-ex-studie-backport-definition-by-combination","Extension.extension:threshhold.id","Extension.extension.id","","","",0,1,"","","","string {[]} {[]}
","Unique id for inter-element referencing","Unique id for the element within a resource (for internal references). This may be any string value that does not contain spaces.","","","","","","","","","",,,,,"",,,,"Element.id",0,1,"",""
"mii-ex-studie-backport-definition-by-combination","Extension.extension:threshhold.extension","Extension.extension.extension","","","",0,0,"","","","Extension {[]} {[]}
","Extension","An Extension","","","","","","","","","",,,,,"","value:url}
","Extensions are always sliced by (at least) url",,"open","Element.extension",0,*,"","ele-1:All FHIR elements must have a @value or children {hasValue() or (children().count() > id.count())}
ext-1:Must have either extensions or value[x], not both {extension.exists() != value.exists()}"
"mii-ex-studie-backport-definition-by-combination","Extension.extension:threshhold.url","Extension.extension.url","","","",1,1,"","","","uri {[]} {[]}
","identifies the meaning of the extension","Source of the definition for the extension code - a logical name or a URL.","The definition may point directly to a computable or human-readable definition of the extensibility codes, or it may be a logical URI as declared in some other specification. The definition SHALL be a URI for the Structure Definition defining the extension.","","","","<valueUri xmlns=""http://hl7.org/fhir"" value=""threshhold""/>","","","","",,,,,"",,,,"Extension.url",1,1,"",""
"mii-ex-studie-backport-definition-by-combination","Extension.extension:threshhold.value[x]","Extension.extension.value[x]","","","",0,1,"","","","positiveInt {[]} {[]}
","Value of extension","Value of extension - must be one of a constrained set of the data types (see [Extensibility](http://hl7.org/fhir/R4/extensibility.html) for a list).","","","","","","","","","",,,,,"",,,,"Extension.value[x]",0,1,"","ele-1:All FHIR elements must have a @value or children {hasValue() or (children().count() > id.count())}
"
"mii-ex-studie-backport-definition-by-combination","Extension.extension:characteristic","Extension.extension","characteristic","","",1,*,"Y","","","Extension {[]} {[]}
","Extension","An Extension","","","","","","","","","",,,,,"",,,,"Element.extension",0,*,"","ele-1:All FHIR elements must have a @value or children {hasValue() or (children().count() > id.count())}
ext-1:Must have either extensions or value[x], not both {extension.exists() != value.exists()}"
"mii-ex-studie-backport-definition-by-combination","Extension.extension:characteristic.id","Extension.extension.id","","","",0,1,"","","","string {[]} {[]}
","Unique id for inter-element referencing","Unique id for the element within a resource (for internal references). This may be any string value that does not contain spaces.","","","","","","","","","",,,,,"",,,,"Element.id",0,1,"",""
"mii-ex-studie-backport-definition-by-combination","Extension.extension:characteristic.extension","Extension.extension.extension","","","",0,0,"","","","Extension {[]} {[]}
","Extension","An Extension","","","","","","","","","",,,,,"","value:url}
","Extensions are always sliced by (at least) url",,"open","Element.extension",0,*,"","ele-1:All FHIR elements must have a @value or children {hasValue() or (children().count() > id.count())}
ext-1:Must have either extensions or value[x], not both {extension.exists() != value.exists()}"
"mii-ex-studie-backport-definition-by-combination","Extension.extension:characteristic.url","Extension.extension.url","","","",1,1,"","","","uri {[]} {[]}
","identifies the meaning of the extension","Source of the definition for the extension code - a logical name or a URL.","The definition may point directly to a computable or human-readable definition of the extensibility codes, or it may be a logical URI as declared in some other specification. The definition SHALL be a URI for the Structure Definition defining the extension.","","","","<valueUri xmlns=""http://hl7.org/fhir"" value=""characteristic""/>","","","","",,,,,"",,,,"Extension.url",1,1,"",""
"mii-ex-studie-backport-definition-by-combination","Extension.extension:characteristic.value[x]","Extension.extension.value[x]","","","",0,1,"","","","id {[]} {[]}
","Value of extension","Value of extension - must be one of a constrained set of the data types (see [Extensibility](http://hl7.org/fhir/R4/extensibility.html) for a list).","","","","","","","","","",,,,,"",,,,"Extension.value[x]",0,1,"","ele-1:All FHIR elements must have a @value or children {hasValue() or (children().count() > id.count())}
"
"mii-ex-studie-backport-definition-by-combination","Extension.url","Extension.url","","","",1,1,"","","","uri {[]} {[]}
","identifies the meaning of the extension","Source of the definition for the extension code - a logical name or a URL.","The definition may point directly to a computable or human-readable definition of the extensibility codes, or it may be a logical URI as declared in some other specification. The definition SHALL be a URI for the Structure Definition defining the extension.","","","","<valueUri xmlns=""http://hl7.org/fhir"" value=""http://hl7.org/fhir/5.0/StructureDefinition/extension-EvidenceVariable.characteristic.definitionByCombination""/>","","","","",,,,,"",,,,"Extension.url",1,1,"",""
"mii-ex-studie-backport-definition-by-combination","Extension.value[x]","Extension.value[x]","","","",0,0,"","","","base64Binary {[]} {[]}
boolean {[]} {[]}canonical {[]} {[]}code {[]} {[]}date {[]} {[]}dateTime {[]} {[]}decimal {[]} {[]}id {[]} {[]}instant {[]} {[]}integer {[]} {[]}markdown {[]} {[]}oid {[]} {[]}positiveInt {[]} {[]}string {[]} {[]}time {[]} {[]}unsignedInt {[]} {[]}uri {[]} {[]}url {[]} {[]}uuid {[]} {[]}Address {[]} {[]}Age {[]} {[]}Annotation {[]} {[]}Attachment {[]} {[]}CodeableConcept {[]} {[]}Coding {[]} {[]}ContactPoint {[]} {[]}Count {[]} {[]}Distance {[]} {[]}Duration {[]} {[]}HumanName {[]} {[]}Identifier {[]} {[]}Money {[]} {[]}Period {[]} {[]}Quantity {[]} {[]}Range {[]} {[]}Ratio {[]} {[]}Reference {[]} {[]}SampledData {[]} {[]}Signature {[]} {[]}Timing {[]} {[]}ContactDetail {[]} {[]}Contributor {[]} {[]}DataRequirement {[]} {[]}Expression {[]} {[]}ParameterDefinition {[]} {[]}RelatedArtifact {[]} {[]}TriggerDefinition {[]} {[]}UsageContext {[]} {[]}Dosage {[]} {[]}Meta {[]} {[]}","Value of extension","Value of extension - must be one of a constrained set of the data types (see [Extensibility](http://hl7.org/fhir/R4/extensibility.html) for a list).","","","","","","","","","",,,,,"",,,,"Extension.value[x]",0,1,"","ele-1:All FHIR elements must have a @value or children {hasValue() or (children().count() > id.count())}
"
"mii-ex-studie-backport-definition-by-type-and-value","Extension","Extension","","","",0,*,"","","","null {[]} {[]}
","Extension","An Extension","","","","","","","","","",,,,,"",,,,"Extension",0,*,"ele-1
","ele-1:All FHIR elements must have a @value or children {hasValue() or (children().count() > id.count())}
ext-1:Must have either extensions or value[x], not both {extension.exists() != value.exists()}"
"mii-ex-studie-backport-definition-by-type-and-value","Extension.id","Extension.id","","","",0,1,"","","","string {[]} {[]}
","Unique id for inter-element referencing","Unique id for the element within a resource (for internal references). This may be any string value that does not contain spaces.","","","","","","","","","",,,,,"",,,,"Element.id",0,1,"",""
"mii-ex-studie-backport-definition-by-type-and-value","Extension.extension","Extension.extension","","","",2,*,"","","","Extension {[]} {[]}
","Extension","An Extension","","","","","","","","","",,,,,"","value:url}
","Extensions are always sliced by (at least) url",,"open","Element.extension",0,*,"","ele-1:All FHIR elements must have a @value or children {hasValue() or (children().count() > id.count())}
ext-1:Must have either extensions or value[x], not both {extension.exists() != value.exists()}"
"mii-ex-studie-backport-definition-by-type-and-value","Extension.extension:type","Extension.extension","type","","",1,1,"Y","","","Extension {[]} {[]}
","Extension","An Extension","","","","","","","","","",,,,,"",,,,"Element.extension",0,*,"","ele-1:All FHIR elements must have a @value or children {hasValue() or (children().count() > id.count())}
ext-1:Must have either extensions or value[x], not both {extension.exists() != value.exists()}"
"mii-ex-studie-backport-definition-by-type-and-value","Extension.extension:type.id","Extension.extension.id","","","",0,1,"","","","string {[]} {[]}
","Unique id for inter-element referencing","Unique id for the element within a resource (for internal references). This may be any string value that does not contain spaces.","","","","","","","","","",,,,,"",,,,"Element.id",0,1,"",""
"mii-ex-studie-backport-definition-by-type-and-value","Extension.extension:type.extension","Extension.extension.extension","","","",0,0,"","","","Extension {[]} {[]}
","Extension","An Extension","","","","","","","","","",,,,,"","value:url}
","Extensions are always sliced by (at least) url",,"open","Element.extension",0,*,"","ele-1:All FHIR elements must have a @value or children {hasValue() or (children().count() > id.count())}
ext-1:Must have either extensions or value[x], not both {extension.exists() != value.exists()}"
"mii-ex-studie-backport-definition-by-type-and-value","Extension.extension:type.url","Extension.extension.url","","","",1,1,"","","","uri {[]} {[]}
","identifies the meaning of the extension","Source of the definition for the extension code - a logical name or a URL.","The definition may point directly to a computable or human-readable definition of the extensibility codes, or it may be a logical URI as declared in some other specification. The definition SHALL be a URI for the Structure Definition defining the extension.","","","","<valueUri xmlns=""http://hl7.org/fhir"" value=""type""/>","","","","",,,,,"",,,,"Extension.url",1,1,"",""
"mii-ex-studie-backport-definition-by-type-and-value","Extension.extension:type.value[x]","Extension.extension.value[x]","","","",0,1,"","","","CodeableConcept {[]} {[]}
","Value of extension","Value of extension - must be one of a constrained set of the data types (see [Extensibility](http://hl7.org/fhir/R4/extensibility.html) for a list).","","","","","","","","","",,"example","","http://terminology.hl7.org/ValueSet/usage-context-type","",,,,"Extension.value[x]",0,1,"","ele-1:All FHIR elements must have a @value or children {hasValue() or (children().count() > id.count())}
"
"mii-ex-studie-backport-definition-by-type-and-value","Extension.extension:method","Extension.extension","method","","",0,*,"","","","Extension {[]} {[]}
","Extension","An Extension","","","","","","","","","",,,,,"",,,,"Element.extension",0,*,"","ele-1:All FHIR elements must have a @value or children {hasValue() or (children().count() > id.count())}
ext-1:Must have either extensions or value[x], not both {extension.exists() != value.exists()}"
"mii-ex-studie-backport-definition-by-type-and-value","Extension.extension:method.id","Extension.extension.id","","","",0,1,"","","","string {[]} {[]}
","Unique id for inter-element referencing","Unique id for the element within a resource (for internal references). This may be any string value that does not contain spaces.","","","","","","","","","",,,,,"",,,,"Element.id",0,1,"",""
"mii-ex-studie-backport-definition-by-type-and-value","Extension.extension:method.extension","Extension.extension.extension","","","",0,0,"","","","Extension {[]} {[]}
","Extension","An Extension","","","","","","","","","",,,,,"","value:url}
","Extensions are always sliced by (at least) url",,"open","Element.extension",0,*,"","ele-1:All FHIR elements must have a @value or children {hasValue() or (children().count() > id.count())}
ext-1:Must have either extensions or value[x], not both {extension.exists() != value.exists()}"
"mii-ex-studie-backport-definition-by-type-and-value","Extension.extension:method.url","Extension.extension.url","","","",1,1,"","","","uri {[]} {[]}
","identifies the meaning of the extension","Source of the definition for the extension code - a logical name or a URL.","The definition may point directly to a computable or human-readable definition of the extensibility codes, or it may be a logical URI as declared in some other specification. The definition SHALL be a URI for the Structure Definition defining the extension.","","","","<valueUri xmlns=""http://hl7.org/fhir"" value=""method""/>","","","","",,,,,"",,,,"Extension.url",1,1,"",""
"mii-ex-studie-backport-definition-by-type-and-value","Extension.extension:method.value[x]","Extension.extension.value[x]","","","",0,1,"","","","CodeableConcept {[]} {[]}
","Value of extension","Value of extension - must be one of a constrained set of the data types (see [Extensibility](http://hl7.org/fhir/R4/extensibility.html) for a list).","","","","","","","","","",,"example","","http://hl7.org/fhir/ValueSet/definition-method","",,,,"Extension.value[x]",0,1,"","ele-1:All FHIR elements must have a @value or children {hasValue() or (children().count() > id.count())}
"
"mii-ex-studie-backport-definition-by-type-and-value","Extension.extension:device","Extension.extension","device","","",0,1,"","","","Extension {[]} {[]}
","Extension","An Extension","","","","","","","","","",,,,,"",,,,"Element.extension",0,*,"","ele-1:All FHIR elements must have a @value or children {hasValue() or (children().count() > id.count())}
ext-1:Must have either extensions or value[x], not both {extension.exists() != value.exists()}"
"mii-ex-studie-backport-definition-by-type-and-value","Extension.extension:device.id","Extension.extension.id","","","",0,1,"","","","string {[]} {[]}
","Unique id for inter-element referencing","Unique id for the element within a resource (for internal references). This may be any string value that does not contain spaces.","","","","","","","","","",,,,,"",,,,"Element.id",0,1,"",""
"mii-ex-studie-backport-definition-by-type-and-value","Extension.extension:device.extension","Extension.extension.extension","","","",0,0,"","","","Extension {[]} {[]}
","Extension","An Extension","","","","","","","","","",,,,,"","value:url}
","Extensions are always sliced by (at least) url",,"open","Element.extension",0,*,"","ele-1:All FHIR elements must have a @value or children {hasValue() or (children().count() > id.count())}
ext-1:Must have either extensions or value[x], not both {extension.exists() != value.exists()}"
"mii-ex-studie-backport-definition-by-type-and-value","Extension.extension:device.url","Extension.extension.url","","","",1,1,"","","","uri {[]} {[]}
","identifies the meaning of the extension","Source of the definition for the extension code - a logical name or a URL.","The definition may point directly to a computable or human-readable definition of the extensibility codes, or it may be a logical URI as declared in some other specification. The definition SHALL be a URI for the Structure Definition defining the extension.","","","","<valueUri xmlns=""http://hl7.org/fhir"" value=""device""/>","","","","",,,,,"",,,,"Extension.url",1,1,"",""
"mii-ex-studie-backport-definition-by-type-and-value","Extension.extension:device.value[x]","Extension.extension.value[x]","","","",0,1,"","","","Reference {[]} {[CanonicalType[http://hl7.org/fhir/StructureDefinition/Device], CanonicalType[http://hl7.org/fhir/StructureDefinition/DeviceMetric]]}
","Value of extension","Value of extension - must be one of a constrained set of the data types (see [Extensibility](http://hl7.org/fhir/R4/extensibility.html) for a list).","","","","","","","","","",,,,,"",,,,"Extension.value[x]",0,1,"","ele-1:All FHIR elements must have a @value or children {hasValue() or (children().count() > id.count())}
"
"mii-ex-studie-backport-definition-by-type-and-value","Extension.extension:offset","Extension.extension","offset","","",0,1,"","","","Extension {[]} {[]}
","Extension","An Extension","","","","","","","","","",,,,,"",,,,"Element.extension",0,*,"","ele-1:All FHIR elements must have a @value or children {hasValue() or (children().count() > id.count())}
ext-1:Must have either extensions or value[x], not both {extension.exists() != value.exists()}"
"mii-ex-studie-backport-definition-by-type-and-value","Extension.extension:offset.id","Extension.extension.id","","","",0,1,"","","","string {[]} {[]}
","Unique id for inter-element referencing","Unique id for the element within a resource (for internal references). This may be any string value that does not contain spaces.","","","","","","","","","",,,,,"",,,,"Element.id",0,1,"",""
"mii-ex-studie-backport-definition-by-type-and-value","Extension.extension:offset.extension","Extension.extension.extension","","","",0,0,"","","","Extension {[]} {[]}
","Extension","An Extension","","","","","","","","","",,,,,"","value:url}
","Extensions are always sliced by (at least) url",,"open","Element.extension",0,*,"","ele-1:All FHIR elements must have a @value or children {hasValue() or (children().count() > id.count())}
ext-1:Must have either extensions or value[x], not both {extension.exists() != value.exists()}"
"mii-ex-studie-backport-definition-by-type-and-value","Extension.extension:offset.url","Extension.extension.url","","","",1,1,"","","","uri {[]} {[]}
","identifies the meaning of the extension","Source of the definition for the extension code - a logical name or a URL.","The definition may point directly to a computable or human-readable definition of the extensibility codes, or it may be a logical URI as declared in some other specification. The definition SHALL be a URI for the Structure Definition defining the extension.","","","","<valueUri xmlns=""http://hl7.org/fhir"" value=""offset""/>","","","","",,,,,"",,,,"Extension.url",1,1,"",""
"mii-ex-studie-backport-definition-by-type-and-value","Extension.extension:offset.value[x]","Extension.extension.value[x]","","","",0,1,"","","","CodeableConcept {[]} {[]}
","Value of extension","Value of extension - must be one of a constrained set of the data types (see [Extensibility](http://hl7.org/fhir/R4/extensibility.html) for a list).","","","","","","","","","",,"example","","http://hl7.org/fhir/ValueSet/characteristic-offset","",,,,"Extension.value[x]",0,1,"","ele-1:All FHIR elements must have a @value or children {hasValue() or (children().count() > id.count())}
"
"mii-ex-studie-backport-definition-by-type-and-value","Extension.extension:value","Extension.extension","value","","",1,1,"Y","","","Extension {[]} {[]}
","Extension","An Extension","","","","","","","","","",,,,,"",,,,"Element.extension",0,*,"","ele-1:All FHIR elements must have a @value or children {hasValue() or (children().count() > id.count())}
ext-1:Must have either extensions or value[x], not both {extension.exists() != value.exists()}"
"mii-ex-studie-backport-definition-by-type-and-value","Extension.extension:value.id","Extension.extension.id","","","",0,1,"","","","string {[]} {[]}
","Unique id for inter-element referencing","Unique id for the element within a resource (for internal references). This may be any string value that does not contain spaces.","","","","","","","","","",,,,,"",,,,"Element.id",0,1,"",""
"mii-ex-studie-backport-definition-by-type-and-value","Extension.extension:value.extension","Extension.extension.extension","","","",0,0,"","","","Extension {[]} {[]}
","Extension","An Extension","","","","","","","","","",,,,,"","value:url}
","Extensions are always sliced by (at least) url",,"open","Element.extension",0,*,"","ele-1:All FHIR elements must have a @value or children {hasValue() or (children().count() > id.count())}
ext-1:Must have either extensions or value[x], not both {extension.exists() != value.exists()}"
"mii-ex-studie-backport-definition-by-type-and-value","Extension.extension:value.url","Extension.extension.url","","","",1,1,"","","","uri {[]} {[]}
","identifies the meaning of the extension","Source of the definition for the extension code - a logical name or a URL.","The definition may point directly to a computable or human-readable definition of the extensibility codes, or it may be a logical URI as declared in some other specification. The definition SHALL be a URI for the Structure Definition defining the extension.","","","","<valueUri xmlns=""http://hl7.org/fhir"" value=""value""/>","","","","",,,,,"",,,,"Extension.url",1,1,"",""
"mii-ex-studie-backport-definition-by-type-and-value","Extension.extension:value.value[x]","Extension.extension.value[x]","","","",0,1,"","","","boolean {[]} {[]}
id {[]} {[]}CodeableConcept {[]} {[]}Quantity {[]} {[]}Range {[]} {[]}Reference {[]} {[]}","Value of extension","Value of extension - must be one of a constrained set of the data types (see [Extensibility](http://hl7.org/fhir/R4/extensibility.html) for a list).","","","","","","","","","",,,,,"",,,,"Extension.value[x]",0,1,"","ele-1:All FHIR elements must have a @value or children {hasValue() or (children().count() > id.count())}
"
"mii-ex-studie-backport-definition-by-type-and-value","Extension.url","Extension.url","","","",1,1,"","","","uri {[]} {[]}
","identifies the meaning of the extension","Source of the definition for the extension code - a logical name or a URL.","The definition may point directly to a computable or human-readable definition of the extensibility codes, or it may be a logical URI as declared in some other specification. The definition SHALL be a URI for the Structure Definition defining the extension.","","","","<valueUri xmlns=""http://hl7.org/fhir"" value=""http://hl7.org/fhir/5.0/StructureDefinition/extension-EvidenceVariable.characteristic.definitionByTypeAndValue""/>","","","","",,,,,"",,,,"Extension.url",1,1,"",""
"mii-ex-studie-backport-definition-by-type-and-value","Extension.value[x]","Extension.value[x]","","","",0,0,"","","","base64Binary {[]} {[]}
boolean {[]} {[]}canonical {[]} {[]}code {[]} {[]}date {[]} {[]}dateTime {[]} {[]}decimal {[]} {[]}id {[]} {[]}instant {[]} {[]}integer {[]} {[]}markdown {[]} {[]}oid {[]} {[]}positiveInt {[]} {[]}string {[]} {[]}time {[]} {[]}unsignedInt {[]} {[]}uri {[]} {[]}url {[]} {[]}uuid {[]} {[]}Address {[]} {[]}Age {[]} {[]}Annotation {[]} {[]}Attachment {[]} {[]}CodeableConcept {[]} {[]}Coding {[]} {[]}ContactPoint {[]} {[]}Count {[]} {[]}Distance {[]} {[]}Duration {[]} {[]}HumanName {[]} {[]}Identifier {[]} {[]}Money {[]} {[]}Period {[]} {[]}Quantity {[]} {[]}Range {[]} {[]}Ratio {[]} {[]}Reference {[]} {[]}SampledData {[]} {[]}Signature {[]} {[]}Timing {[]} {[]}ContactDetail {[]} {[]}Contributor {[]} {[]}DataRequirement {[]} {[]}Expression {[]} {[]}ParameterDefinition {[]} {[]}RelatedArtifact {[]} {[]}TriggerDefinition {[]} {[]}UsageContext {[]} {[]}Dosage {[]} {[]}Meta {[]} {[]}","Value of extension","Value of extension - must be one of a constrained set of the data types (see [Extensibility](http://hl7.org/fhir/R4/extensibility.html) for a list).","","","","","","","","","",,,,,"",,,,"Extension.value[x]",0,1,"","ele-1:All FHIR elements must have a @value or children {hasValue() or (children().count() > id.count())}
"
"mii-ex-studie-backport-definitionCanonical","Extension","Extension","","","",0,*,"","","","null {[]} {[]}
","Extension","An Extension","","","","","","","","","",,,,,"",,,,"Extension",0,*,"ele-1
","ele-1:All FHIR elements must have a @value or children {hasValue() or (children().count() > id.count())}
ext-1:Must have either extensions or value[x], not both {extension.exists() != value.exists()}"
"mii-ex-studie-backport-definitionCanonical","Extension.id","Extension.id","","","",0,1,"","","","string {[]} {[]}
","Unique id for inter-element referencing","Unique id for the element within a resource (for internal references). This may be any string value that does not contain spaces.","","","","","","","","","",,,,,"",,,,"Element.id",0,1,"",""
"mii-ex-studie-backport-definitionCanonical","Extension.extension","Extension.extension","","","",0,0,"","","","Extension {[]} {[]}
","Extension","An Extension","","","","","","","","","",,,,,"","value:url}
","Extensions are always sliced by (at least) url",,"open","Element.extension",0,*,"","ele-1:All FHIR elements must have a @value or children {hasValue() or (children().count() > id.count())}
ext-1:Must have either extensions or value[x], not both {extension.exists() != value.exists()}"
"mii-ex-studie-backport-definitionCanonical","Extension.url","Extension.url","","","",1,1,"","","","uri {[]} {[]}
","identifies the meaning of the extension","Source of the definition for the extension code - a logical name or a URL.","The definition may point directly to a computable or human-readable definition of the extensibility codes, or it may be a logical URI as declared in some other specification. The definition SHALL be a URI for the Structure Definition defining the extension.","","","","<valueUri xmlns=""http://hl7.org/fhir"" value=""http://hl7.org/fhir/5.0/StructureDefinition/extension-EvidenceVariable.characteristic.definitionCanonical""/>","","","","",,,,,"",,,,"Extension.url",1,1,"",""
"mii-ex-studie-backport-definitionCanonical","Extension.value[x]","Extension.value[x]","","","",0,1,"","","","canonical {[]} {[CanonicalType[http://hl7.org/fhir/StructureDefinition/EvidenceVariable], CanonicalType[http://hl7.org/fhir/StructureDefinition/Evidence]]}
","Value of extension","Value of extension - must be one of a constrained set of the data types (see [Extensibility](http://hl7.org/fhir/R4/extensibility.html) for a list).","","","","","","","","","",,,,,"",,,,"Extension.value[x]",0,1,"","ele-1:All FHIR elements must have a @value or children {hasValue() or (children().count() > id.count())}
"
"mii-ex-studie-backport-definitionReference","Extension","Extension","","","",0,*,"","","","null {[]} {[]}
","Extension","An Extension","","","","","","","","","",,,,,"",,,,"Extension",0,*,"ele-1
","ele-1:All FHIR elements must have a @value or children {hasValue() or (children().count() > id.count())}
ext-1:Must have either extensions or value[x], not both {extension.exists() != value.exists()}"
"mii-ex-studie-backport-definitionReference","Extension.id","Extension.id","","","",0,1,"","","","string {[]} {[]}
","Unique id for inter-element referencing","Unique id for the element within a resource (for internal references). This may be any string value that does not contain spaces.","","","","","","","","","",,,,,"",,,,"Element.id",0,1,"",""
"mii-ex-studie-backport-definitionReference","Extension.extension","Extension.extension","","","",0,0,"","","","Extension {[]} {[]}
","Extension","An Extension","","","","","","","","","",,,,,"","value:url}
","Extensions are always sliced by (at least) url",,"open","Element.extension",0,*,"","ele-1:All FHIR elements must have a @value or children {hasValue() or (children().count() > id.count())}
ext-1:Must have either extensions or value[x], not both {extension.exists() != value.exists()}"
"mii-ex-studie-backport-definitionReference","Extension.url","Extension.url","","","",1,1,"","","","uri {[]} {[]}
","identifies the meaning of the extension","Source of the definition for the extension code - a logical name or a URL.","The definition may point directly to a computable or human-readable definition of the extensibility codes, or it may be a logical URI as declared in some other specification. The definition SHALL be a URI for the Structure Definition defining the extension.","","","","<valueUri xmlns=""http://hl7.org/fhir"" value=""http://hl7.org/fhir/5.0/StructureDefinition/extension-EvidenceVariable.characteristic.definitionReference""/>","","","","",,,,,"",,,,"Extension.url",1,1,"",""
"mii-ex-studie-backport-definitionReference","Extension.value[x]","Extension.value[x]","","","",0,1,"","","","Reference {[]} {[CanonicalType[http://hl7.org/fhir/StructureDefinition/EvidenceVariable], CanonicalType[http://hl7.org/fhir/StructureDefinition/Evidence], CanonicalType[http://hl7.org/fhir/StructureDefinition/Group]]}
","Value of extension","Value of extension - must be one of a constrained set of the data types (see [Extensibility](http://hl7.org/fhir/R4/extensibility.html) for a list).","","","","","","","","","",,,,,"",,,,"Extension.value[x]",0,1,"","ele-1:All FHIR elements must have a @value or children {hasValue() or (children().count() > id.count())}
"
"mii-ex-studie-backport-label","Extension","Extension","","","",0,*,"","","","null {[]} {[]}
","Extension","An Extension","","","","","","","","","",,,,,"",,,,"Extension",0,*,"ele-1
","ele-1:All FHIR elements must have a @value or children {hasValue() or (children().count() > id.count())}
ext-1:Must have either extensions or value[x], not both {extension.exists() != value.exists()}"
"mii-ex-studie-backport-label","Extension.id","Extension.id","","","",0,1,"","","","string {[]} {[]}
","Unique id for inter-element referencing","Unique id for the element within a resource (for internal references). This may be any string value that does not contain spaces.","","","","","","","","","",,,,,"",,,,"Element.id",0,1,"",""
"mii-ex-studie-backport-label","Extension.extension","Extension.extension","","","",1,*,"","","","Extension {[]} {[]}
","Extension","An Extension","","","","","","","","","",,,,,"","value:url}
","Extensions are always sliced by (at least) url",,"open","Element.extension",0,*,"","ele-1:All FHIR elements must have a @value or children {hasValue() or (children().count() > id.count())}
ext-1:Must have either extensions or value[x], not both {extension.exists() != value.exists()}"
"mii-ex-studie-backport-label","Extension.extension:type","Extension.extension","type","","",0,1,"","","","Extension {[]} {[]}
","Extension","An Extension","","","","","","","","","",,,,,"",,,,"Element.extension",0,*,"","ele-1:All FHIR elements must have a @value or children {hasValue() or (children().count() > id.count())}
ext-1:Must have either extensions or value[x], not both {extension.exists() != value.exists()}"
"mii-ex-studie-backport-label","Extension.extension:type.id","Extension.extension.id","","","",0,1,"","","","string {[]} {[]}
","Unique id for inter-element referencing","Unique id for the element within a resource (for internal references). This may be any string value that does not contain spaces.","","","","","","","","","",,,,,"",,,,"Element.id",0,1,"",""
"mii-ex-studie-backport-label","Extension.extension:type.extension","Extension.extension.extension","","","",0,0,"","","","Extension {[]} {[]}
","Extension","An Extension","","","","","","","","","",,,,,"","value:url}
","Extensions are always sliced by (at least) url",,"open","Element.extension",0,*,"","ele-1:All FHIR elements must have a @value or children {hasValue() or (children().count() > id.count())}
ext-1:Must have either extensions or value[x], not both {extension.exists() != value.exists()}"
"mii-ex-studie-backport-label","Extension.extension:type.url","Extension.extension.url","","","",1,1,"","","","uri {[]} {[]}
","identifies the meaning of the extension","Source of the definition for the extension code - a logical name or a URL.","The definition may point directly to a computable or human-readable definition of the extensibility codes, or it may be a logical URI as declared in some other specification. The definition SHALL be a URI for the Structure Definition defining the extension.","","","","<valueUri xmlns=""http://hl7.org/fhir"" value=""type""/>","","","","",,,,,"",,,,"Extension.url",1,1,"",""
"mii-ex-studie-backport-label","Extension.extension:type.value[x]","Extension.extension.value[x]","","","",0,1,"","","","CodeableConcept {[]} {[]}
","Value of extension","Value of extension - must be one of a constrained set of the data types (see [Extensibility](http://hl7.org/fhir/R4/extensibility.html) for a list).","","","","","","","","","",,"extensible","","http://terminology.hl7.org/ValueSet/title-type","",,,,"Extension.value[x]",0,1,"","ele-1:All FHIR elements must have a @value or children {hasValue() or (children().count() > id.count())}
"
"mii-ex-studie-backport-label","Extension.extension:value","Extension.extension","value","","",1,1,"Y","","","Extension {[]} {[]}
","Extension","An Extension","","","","","","","","","",,,,,"",,,,"Element.extension",0,*,"","ele-1:All FHIR elements must have a @value or children {hasValue() or (children().count() > id.count())}
ext-1:Must have either extensions or value[x], not both {extension.exists() != value.exists()}"
"mii-ex-studie-backport-label","Extension.extension:value.id","Extension.extension.id","","","",0,1,"","","","string {[]} {[]}
","Unique id for inter-element referencing","Unique id for the element within a resource (for internal references). This may be any string value that does not contain spaces.","","","","","","","","","",,,,,"",,,,"Element.id",0,1,"",""
"mii-ex-studie-backport-label","Extension.extension:value.extension","Extension.extension.extension","","","",0,0,"","","","Extension {[]} {[]}
","Extension","An Extension","","","","","","","","","",,,,,"","value:url}
","Extensions are always sliced by (at least) url",,"open","Element.extension",0,*,"","ele-1:All FHIR elements must have a @value or children {hasValue() or (children().count() > id.count())}
ext-1:Must have either extensions or value[x], not both {extension.exists() != value.exists()}"
"mii-ex-studie-backport-label","Extension.extension:value.url","Extension.extension.url","","","",1,1,"","","","uri {[]} {[]}
","identifies the meaning of the extension","Source of the definition for the extension code - a logical name or a URL.","The definition may point directly to a computable or human-readable definition of the extensibility codes, or it may be a logical URI as declared in some other specification. The definition SHALL be a URI for the Structure Definition defining the extension.","","","","<valueUri xmlns=""http://hl7.org/fhir"" value=""value""/>","","","","",,,,,"",,,,"Extension.url",1,1,"",""
"mii-ex-studie-backport-label","Extension.extension:value.value[x]","Extension.extension.value[x]","","","",0,1,"","","","string {[]} {[]}
","Value of extension","Value of extension - must be one of a constrained set of the data types (see [Extensibility](http://hl7.org/fhir/R4/extensibility.html) for a list).","","","","","","","","","",,,,,"",,,,"Extension.value[x]",0,1,"","ele-1:All FHIR elements must have a @value or children {hasValue() or (children().count() > id.count())}
"
"mii-ex-studie-backport-label","Extension.url","Extension.url","","","",1,1,"","","","uri {[]} {[]}
","identifies the meaning of the extension","Source of the definition for the extension code - a logical name or a URL.","The definition may point directly to a computable or human-readable definition of the extensibility codes, or it may be a logical URI as declared in some other specification. The definition SHALL be a URI for the Structure Definition defining the extension.","","","","<valueUri xmlns=""http://hl7.org/fhir"" value=""http://hl7.org/fhir/5.0/StructureDefinition/extension-ResearchStudy.label""/>","","","","",,,,,"",,,,"Extension.url",1,1,"",""
"mii-ex-studie-backport-label","Extension.value[x]","Extension.value[x]","","","",0,0,"","","","base64Binary {[]} {[]}
boolean {[]} {[]}canonical {[]} {[]}code {[]} {[]}date {[]} {[]}dateTime {[]} {[]}decimal {[]} {[]}id {[]} {[]}instant {[]} {[]}integer {[]} {[]}markdown {[]} {[]}oid {[]} {[]}positiveInt {[]} {[]}string {[]} {[]}time {[]} {[]}unsignedInt {[]} {[]}uri {[]} {[]}url {[]} {[]}uuid {[]} {[]}Address {[]} {[]}Age {[]} {[]}Annotation {[]} {[]}Attachment {[]} {[]}CodeableConcept {[]} {[]}Coding {[]} {[]}ContactPoint {[]} {[]}Count {[]} {[]}Distance {[]} {[]}Duration {[]} {[]}HumanName {[]} {[]}Identifier {[]} {[]}Money {[]} {[]}Period {[]} {[]}Quantity {[]} {[]}Range {[]} {[]}Ratio {[]} {[]}Reference {[]} {[]}SampledData {[]} {[]}Signature {[]} {[]}Timing {[]} {[]}ContactDetail {[]} {[]}Contributor {[]} {[]}DataRequirement {[]} {[]}Expression {[]} {[]}ParameterDefinition {[]} {[]}RelatedArtifact {[]} {[]}TriggerDefinition {[]} {[]}UsageContext {[]} {[]}Dosage {[]} {[]}Meta {[]} {[]}","Value of extension","Value of extension - must be one of a constrained set of the data types (see [Extensibility](http://hl7.org/fhir/R4/extensibility.html) for a list).","","","","","","","","","",,,,,"",,,,"Extension.value[x]",0,1,"","ele-1:All FHIR elements must have a @value or children {hasValue() or (children().count() > id.count())}
"
"mii-ex-studie-backport-linkId","Extension","Extension","","","",0,*,"","","","null {[]} {[]}
","Extension","An Extension","","","","","","","","","",,,,,"",,,,"Extension",0,*,"ele-1
","ele-1:All FHIR elements must have a @value or children {hasValue() or (children().count() > id.count())}
ext-1:Must have either extensions or value[x], not both {extension.exists() != value.exists()}"
"mii-ex-studie-backport-linkId","Extension.id","Extension.id","","","",0,1,"","","","string {[]} {[]}
","Unique id for inter-element referencing","Unique id for the element within a resource (for internal references). This may be any string value that does not contain spaces.","","","","","","","","","",,,,,"",,,,"Element.id",0,1,"",""
"mii-ex-studie-backport-linkId","Extension.extension","Extension.extension","","","",0,0,"","","","Extension {[]} {[]}
","Extension","An Extension","","","","","","","","","",,,,,"","value:url}
","Extensions are always sliced by (at least) url",,"open","Element.extension",0,*,"","ele-1:All FHIR elements must have a @value or children {hasValue() or (children().count() > id.count())}
ext-1:Must have either extensions or value[x], not both {extension.exists() != value.exists()}"
"mii-ex-studie-backport-linkId","Extension.url","Extension.url","","","",1,1,"","","","uri {[]} {[]}
","identifies the meaning of the extension","Source of the definition for the extension code - a logical name or a URL.","The definition may point directly to a computable or human-readable definition of the extensibility codes, or it may be a logical URI as declared in some other specification. The definition SHALL be a URI for the Structure Definition defining the extension.","","","","<valueUri xmlns=""http://hl7.org/fhir"" value=""http://hl7.org/fhir/5.0/StructureDefinition/extension-EvidenceVariable.characteristic.linkId""/>","","","","",,,,,"",,,,"Extension.url",1,1,"",""
"mii-ex-studie-backport-linkId","Extension.value[x]","Extension.value[x]","","","",0,1,"","","","id {[]} {[]}
","Value of extension","Value of extension - must be one of a constrained set of the data types (see [Extensibility](http://hl7.org/fhir/R4/extensibility.html) for a list).","","","","","","","","","",,,,,"",,,,"Extension.value[x]",0,1,"","ele-1:All FHIR elements must have a @value or children {hasValue() or (children().count() > id.count())}
"
"mii-ex-studie-eligibility","Extension","Extension","","","",0,*,"","","","null {[]} {[]}
","Extension","An Extension","","","","","","","","","",,,,,"",,,,"Extension",0,*,"ele-1
","ele-1:All FHIR elements must have a @value or children {hasValue() or (children().count() > id.count())}
ext-1:Must have either extensions or value[x], not both {extension.exists() != value.exists()}"
"mii-ex-studie-eligibility","Extension.id","Extension.id","","","",0,1,"","","","string {[]} {[]}
","Unique id for inter-element referencing","Unique id for the element within a resource (for internal references). This may be any string value that does not contain spaces.","","","","","","","","","",,,,,"",,,,"Element.id",0,1,"",""
"mii-ex-studie-eligibility","Extension.extension","Extension.extension","","","",0,0,"","","","Extension {[]} {[]}
","Extension","An Extension","","","","","","","","","",,,,,"","value:url}
","Extensions are always sliced by (at least) url",,"open","Element.extension",0,*,"","ele-1:All FHIR elements must have a @value or children {hasValue() or (children().count() > id.count())}
ext-1:Must have either extensions or value[x], not both {extension.exists() != value.exists()}"
"mii-ex-studie-eligibility","Extension.url","Extension.url","","","",1,1,"","","","uri {[]} {[]}
","identifies the meaning of the extension","Source of the definition for the extension code - a logical name or a URL.","The definition may point directly to a computable or human-readable definition of the extensibility codes, or it may be a logical URI as declared in some other specification. The definition SHALL be a URI for the Structure Definition defining the extension.","","","","<valueUri xmlns=""http://hl7.org/fhir"" value=""https://www.medizininformatik-initiative.de/fhir/modul-studie/StructureDefinition/mii-ex-studie-eligibility""/>","","","","",,,,,"",,,,"Extension.url",1,1,"",""
"mii-ex-studie-eligibility","Extension.value[x]","Extension.value[x]","","","",0,1,"","","","Reference {[]} {[CanonicalType[http://hl7.org/fhir/StructureDefinition/Group], CanonicalType[http://hl7.org/fhir/StructureDefinition/EvidenceVariable]]}
","Value of extension","Value of extension - must be one of a constrained set of the data types (see [Extensibility](http://hl7.org/fhir/R4/extensibility.html) for a list).","","","","","","","","","",,,,,"",,,,"Extension.value[x]",0,1,"","ele-1:All FHIR elements must have a @value or children {hasValue() or (children().count() > id.count())}
"
"mii-ex-studie-ethikvotum","Extension","Extension","","","",0,*,"","","","null {[]} {[]}
","Extension","An Extension","","","","","","","","","",,,,,"",,,,"Extension",0,*,"ele-1
","ele-1:All FHIR elements must have a @value or children {hasValue() or (children().count() > id.count())}
ext-1:Must have either extensions or value[x], not both {extension.exists() != value.exists()}"
"mii-ex-studie-ethikvotum","Extension.id","Extension.id","","","",0,1,"","","","string {[]} {[]}
","Unique id for inter-element referencing","Unique id for the element within a resource (for internal references). This may be any string value that does not contain spaces.","","","","","","","","","",,,,,"",,,,"Element.id",0,1,"",""
"mii-ex-studie-ethikvotum","Extension.extension","Extension.extension","","","",3,*,"","","","Extension {[]} {[]}
","Extension","An Extension","","","","","","","","","",,,,,"","value:url}
","Extensions are always sliced by (at least) url",,"open","Element.extension",0,*,"","ele-1:All FHIR elements must have a @value or children {hasValue() or (children().count() > id.count())}
ext-1:Must have either extensions or value[x], not both {extension.exists() != value.exists()}"
"mii-ex-studie-ethikvotum","Extension.extension:status","Extension.extension","status","","",1,1,"Y","","","Extension {[]} {[]}
","Extension","An Extension","","","","","","","","","",,,,,"",,,,"Element.extension",0,*,"","ele-1:All FHIR elements must have a @value or children {hasValue() or (children().count() > id.count())}
ext-1:Must have either extensions or value[x], not both {extension.exists() != value.exists()}"
"mii-ex-studie-ethikvotum","Extension.extension:status.id","Extension.extension.id","","","",0,1,"","","","string {[]} {[]}
","Unique id for inter-element referencing","Unique id for the element within a resource (for internal references). This may be any string value that does not contain spaces.","","","","","","","","","",,,,,"",,,,"Element.id",0,1,"",""
"mii-ex-studie-ethikvotum","Extension.extension:status.extension","Extension.extension.extension","","","",0,0,"","","","Extension {[]} {[]}
","Extension","An Extension","","","","","","","","","",,,,,"","value:url}
","Extensions are always sliced by (at least) url",,"open","Element.extension",0,*,"","ele-1:All FHIR elements must have a @value or children {hasValue() or (children().count() > id.count())}
ext-1:Must have either extensions or value[x], not both {extension.exists() != value.exists()}"
"mii-ex-studie-ethikvotum","Extension.extension:status.url","Extension.extension.url","","","",1,1,"","","","uri {[]} {[]}
","identifies the meaning of the extension","Source of the definition for the extension code - a logical name or a URL.","The definition may point directly to a computable or human-readable definition of the extensibility codes, or it may be a logical URI as declared in some other specification. The definition SHALL be a URI for the Structure Definition defining the extension.","","","","<valueUri xmlns=""http://hl7.org/fhir"" value=""status""/>","","","","",,,,,"",,,,"Extension.url",1,1,"",""
"mii-ex-studie-ethikvotum","Extension.extension:status.value[x]","Extension.extension.value[x]","","","",0,1,"","","","string {[]} {[]}
","Value of extension","Value of extension - must be one of a constrained set of the data types (see [Extensibility](http://hl7.org/fhir/R4/extensibility.html) for a list).","","","","","","","","","",,,,,"",,,,"Extension.value[x]",0,1,"","ele-1:All FHIR elements must have a @value or children {hasValue() or (children().count() > id.count())}
"
"mii-ex-studie-ethikvotum","Extension.extension:kommission","Extension.extension","kommission","","",1,1,"Y","","","Extension {[]} {[]}
","Extension","An Extension","","","","","","","","","",,,,,"",,,,"Element.extension",0,*,"","ele-1:All FHIR elements must have a @value or children {hasValue() or (children().count() > id.count())}
ext-1:Must have either extensions or value[x], not both {extension.exists() != value.exists()}"
"mii-ex-studie-ethikvotum","Extension.extension:kommission.id","Extension.extension.id","","","",0,1,"","","","string {[]} {[]}
","Unique id for inter-element referencing","Unique id for the element within a resource (for internal references). This may be any string value that does not contain spaces.","","","","","","","","","",,,,,"",,,,"Element.id",0,1,"",""
"mii-ex-studie-ethikvotum","Extension.extension:kommission.extension","Extension.extension.extension","","","",0,0,"","","","Extension {[]} {[]}
","Extension","An Extension","","","","","","","","","",,,,,"","value:url}
","Extensions are always sliced by (at least) url",,"open","Element.extension",0,*,"","ele-1:All FHIR elements must have a @value or children {hasValue() or (children().count() > id.count())}
ext-1:Must have either extensions or value[x], not both {extension.exists() != value.exists()}"
"mii-ex-studie-ethikvotum","Extension.extension:kommission.url","Extension.extension.url","","","",1,1,"","","","uri {[]} {[]}
","identifies the meaning of the extension","Source of the definition for the extension code - a logical name or a URL.","The definition may point directly to a computable or human-readable definition of the extensibility codes, or it may be a logical URI as declared in some other specification. The definition SHALL be a URI for the Structure Definition defining the extension.","","","","<valueUri xmlns=""http://hl7.org/fhir"" value=""kommission""/>","","","","",,,,,"",,,,"Extension.url",1,1,"",""
"mii-ex-studie-ethikvotum","Extension.extension:kommission.value[x]","Extension.extension.value[x]","","","",0,1,"","","","string {[]} {[]}
","Value of extension","Value of extension - must be one of a constrained set of the data types (see [Extensibility](http://hl7.org/fhir/R4/extensibility.html) for a list).","","","","","","","","","",,,,,"",,,,"Extension.value[x]",0,1,"","ele-1:All FHIR elements must have a @value or children {hasValue() or (children().count() > id.count())}
"
"mii-ex-studie-ethikvotum","Extension.extension:ethiknummer","Extension.extension","ethiknummer","","",1,1,"Y","","","Extension {[]} {[]}
","Extension","An Extension","","","","","","","","","",,,,,"",,,,"Element.extension",0,*,"","ele-1:All FHIR elements must have a @value or children {hasValue() or (children().count() > id.count())}
ext-1:Must have either extensions or value[x], not both {extension.exists() != value.exists()}"
"mii-ex-studie-ethikvotum","Extension.extension:ethiknummer.id","Extension.extension.id","","","",0,1,"","","","string {[]} {[]}
","Unique id for inter-element referencing","Unique id for the element within a resource (for internal references). This may be any string value that does not contain spaces.","","","","","","","","","",,,,,"",,,,"Element.id",0,1,"",""
"mii-ex-studie-ethikvotum","Extension.extension:ethiknummer.extension","Extension.extension.extension","","","",0,0,"","","","Extension {[]} {[]}
","Extension","An Extension","","","","","","","","","",,,,,"","value:url}
","Extensions are always sliced by (at least) url",,"open","Element.extension",0,*,"","ele-1:All FHIR elements must have a @value or children {hasValue() or (children().count() > id.count())}
ext-1:Must have either extensions or value[x], not both {extension.exists() != value.exists()}"
"mii-ex-studie-ethikvotum","Extension.extension:ethiknummer.url","Extension.extension.url","","","",1,1,"","","","uri {[]} {[]}
","identifies the meaning of the extension","Source of the definition for the extension code - a logical name or a URL.","The definition may point directly to a computable or human-readable definition of the extensibility codes, or it may be a logical URI as declared in some other specification. The definition SHALL be a URI for the Structure Definition defining the extension.","","","","<valueUri xmlns=""http://hl7.org/fhir"" value=""ethiknummer""/>","","","","",,,,,"",,,,"Extension.url",1,1,"",""
"mii-ex-studie-ethikvotum","Extension.extension:ethiknummer.value[x]","Extension.extension.value[x]","","","",0,1,"","","","string {[]} {[]}
","Value of extension","Value of extension - must be one of a constrained set of the data types (see [Extensibility](http://hl7.org/fhir/R4/extensibility.html) for a list).","","","","","","","","","",,,,,"",,,,"Extension.value[x]",0,1,"","ele-1:All FHIR elements must have a @value or children {hasValue() or (children().count() > id.count())}
"
"mii-ex-studie-ethikvotum","Extension.url","Extension.url","","","",1,1,"","","","uri {[]} {[]}
","identifies the meaning of the extension","Source of the definition for the extension code - a logical name or a URL.","The definition may point directly to a computable or human-readable definition of the extensibility codes, or it may be a logical URI as declared in some other specification. The definition SHALL be a URI for the Structure Definition defining the extension.","","","","<valueUri xmlns=""http://hl7.org/fhir"" value=""https://www.medizininformatik-initiative.de/fhir/modul-studie/StructureDefinition/mii-ex-studie-ethikvotum""/>","","","","",,,,,"",,,,"Extension.url",1,1,"",""
"mii-ex-studie-ethikvotum","Extension.value[x]","Extension.value[x]","","","",0,0,"","","","base64Binary {[]} {[]}
boolean {[]} {[]}canonical {[]} {[]}code {[]} {[]}date {[]} {[]}dateTime {[]} {[]}decimal {[]} {[]}id {[]} {[]}instant {[]} {[]}integer {[]} {[]}markdown {[]} {[]}oid {[]} {[]}positiveInt {[]} {[]}string {[]} {[]}time {[]} {[]}unsignedInt {[]} {[]}uri {[]} {[]}url {[]} {[]}uuid {[]} {[]}Address {[]} {[]}Age {[]} {[]}Annotation {[]} {[]}Attachment {[]} {[]}CodeableConcept {[]} {[]}Coding {[]} {[]}ContactPoint {[]} {[]}Count {[]} {[]}Distance {[]} {[]}Duration {[]} {[]}HumanName {[]} {[]}Identifier {[]} {[]}Money {[]} {[]}Period {[]} {[]}Quantity {[]} {[]}Range {[]} {[]}Ratio {[]} {[]}Reference {[]} {[]}SampledData {[]} {[]}Signature {[]} {[]}Timing {[]} {[]}ContactDetail {[]} {[]}Contributor {[]} {[]}DataRequirement {[]} {[]}Expression {[]} {[]}ParameterDefinition {[]} {[]}RelatedArtifact {[]} {[]}TriggerDefinition {[]} {[]}UsageContext {[]} {[]}Dosage {[]} {[]}Meta {[]} {[]}","Value of extension","Value of extension - must be one of a constrained set of the data types (see [Extensibility](http://hl7.org/fhir/R4/extensibility.html) for a list).","","","","","","","","","",,,,,"",,,,"Extension.value[x]",0,1,"","ele-1:All FHIR elements must have a @value or children {hasValue() or (children().count() > id.count())}
"
"mii-ex-studie-finanzierung","Extension","Extension","","","",0,*,"","","","null {[]} {[]}
","Extension","An Extension","","","","","","","","","",,,,,"",,,,"Extension",0,*,"ele-1
","ele-1:All FHIR elements must have a @value or children {hasValue() or (children().count() > id.count())}
ext-1:Must have either extensions or value[x], not both {extension.exists() != value.exists()}"
"mii-ex-studie-finanzierung","Extension.id","Extension.id","","","",0,1,"","","","string {[]} {[]}
","Unique id for inter-element referencing","Unique id for the element within a resource (for internal references). This may be any string value that does not contain spaces.","","","","","","","","","",,,,,"",,,,"Element.id",0,1,"",""
"mii-ex-studie-finanzierung","Extension.extension","Extension.extension","","","",0,0,"","","","Extension {[]} {[]}
","Extension","An Extension","","","","","","","","","",,,,,"","value:url}
","Extensions are always sliced by (at least) url",,"open","Element.extension",0,*,"","ele-1:All FHIR elements must have a @value or children {hasValue() or (children().count() > id.count())}
ext-1:Must have either extensions or value[x], not both {extension.exists() != value.exists()}"
"mii-ex-studie-finanzierung","Extension.url","Extension.url","","","",1,1,"","","","uri {[]} {[]}
","identifies the meaning of the extension","Source of the definition for the extension code - a logical name or a URL.","The definition may point directly to a computable or human-readable definition of the extensibility codes, or it may be a logical URI as declared in some other specification. The definition SHALL be a URI for the Structure Definition defining the extension.","","","","<valueUri xmlns=""http://hl7.org/fhir"" value=""https://www.medizininformatik-initiative.de/fhir/modul-studie/StructureDefinition/mii-ex-studie-finanzierung""/>","","","","",,,,,"",,,,"Extension.url",1,1,"",""
"mii-ex-studie-finanzierung","Extension.value[x]","Extension.value[x]","","","",0,1,"","","","string {[]} {[]}
","Value of extension","Value of extension - must be one of a constrained set of the data types (see [Extensibility](http://hl7.org/fhir/R4/extensibility.html) for a list).","","","","","","","","","",,,,,"",,,,"Extension.value[x]",0,1,"","ele-1:All FHIR elements must have a @value or children {hasValue() or (children().count() > id.count())}
"
"mii-ex-studie-quell-register","Extension","Extension","","","",0,*,"","","","null {[]} {[]}
","Extension","An Extension","","","","","","","","","",,,,,"",,,,"Extension",0,*,"ele-1
","ele-1:All FHIR elements must have a @value or children {hasValue() or (children().count() > id.count())}
ext-1:Must have either extensions or value[x], not both {extension.exists() != value.exists()}"
"mii-ex-studie-quell-register","Extension.id","Extension.id","","","",0,1,"","","","string {[]} {[]}
","Unique id for inter-element referencing","Unique id for the element within a resource (for internal references). This may be any string value that does not contain spaces.","","","","","","","","","",,,,,"",,,,"Element.id",0,1,"",""
"mii-ex-studie-quell-register","Extension.extension","Extension.extension","","","",0,0,"","","","Extension {[]} {[]}
","Extension","An Extension","","","","","","","","","",,,,,"","value:url}
","Extensions are always sliced by (at least) url",,"open","Element.extension",0,*,"","ele-1:All FHIR elements must have a @value or children {hasValue() or (children().count() > id.count())}
ext-1:Must have either extensions or value[x], not both {extension.exists() != value.exists()}"
"mii-ex-studie-quell-register","Extension.url","Extension.url","","","",1,1,"","","","uri {[]} {[]}
","identifies the meaning of the extension","Source of the definition for the extension code - a logical name or a URL.","The definition may point directly to a computable or human-readable definition of the extensibility codes, or it may be a logical URI as declared in some other specification. The definition SHALL be a URI for the Structure Definition defining the extension.","","","","<valueUri xmlns=""http://hl7.org/fhir"" value=""https://www.medizininformatik-initiative.de/fhir/modul-studie/StructureDefinition/mii-ex-studie-quell-register""/>","","","","",,,,,"",,,,"Extension.url",1,1,"",""
"mii-ex-studie-quell-register","Extension.value[x]","Extension.value[x]","","","",0,1,"","","","boolean {[]} {[]}
","Value of extension","Value of extension - must be one of a constrained set of the data types (see [Extensibility](http://hl7.org/fhir/R4/extensibility.html) for a list).","","","","","","","","","",,,,,"",,,,"Extension.value[x]",0,1,"","ele-1:All FHIR elements must have a @value or children {hasValue() or (children().count() > id.count())}
"
"mii-ex-studie-rekrutierung","Extension","Extension","","","",0,*,"","","","null {[]} {[]}
","Extension","An Extension","","","","","","","","","",,,,,"",,,,"Extension",0,*,"ele-1
","ele-1:All FHIR elements must have a @value or children {hasValue() or (children().count() > id.count())}
ext-1:Must have either extensions or value[x], not both {extension.exists() != value.exists()}"
"mii-ex-studie-rekrutierung","Extension.id","Extension.id","","","",0,1,"","","","string {[]} {[]}
","Unique id for inter-element referencing","Unique id for the element within a resource (for internal references). This may be any string value that does not contain spaces.","","","","","","","","","",,,,,"",,,,"Element.id",0,1,"",""
"mii-ex-studie-rekrutierung","Extension.extension","Extension.extension","","extensions
user content","",0,*,"","","","Extension {[]} {[]}
","Additional content defined by implementations","May be used to represent additional information that is not part of the basic definition of the element. To make the use of extensions safe and manageable, there is a strict set of governance  applied to the definition and use of extensions. Though any implementer can define an extension, there is a set of requirements that SHALL be met as part of the definition of the extension.","There can be no stigma associated with the use of extensions by any application, project, or standard - regardless of the institution or jurisdiction that uses or defines the extensions.  The use of extensions is what allows the FHIR specification to retain a core level of simplicity for everyone.","","","","","","","","",,,,,"","value:url}
","Extensions are always sliced by (at least) url",,"open","Element.extension",0,*,"","ele-1:All FHIR elements must have a @value or children {hasValue() or (children().count() > id.count())}
ext-1:Must have either extensions or value[x], not both {extension.exists() != value.exists()}"
"mii-ex-studie-rekrutierung","Extension.extension:rekrutierungsstand-datum","Extension.extension","rekrutierungsstand-datum","","",0,1,"Y","","","Extension {[]} {[]}
","Extension","An Extension","","","","","","","","","",,,,,"",,,,"Element.extension",0,*,"","ele-1:All FHIR elements must have a @value or children {hasValue() or (children().count() > id.count())}
ext-1:Must have either extensions or value[x], not both {extension.exists() != value.exists()}"
"mii-ex-studie-rekrutierung","Extension.extension:rekrutierungsstand-datum.id","Extension.extension.id","","","",0,1,"","","","string {[]} {[]}
","Unique id for inter-element referencing","Unique id for the element within a resource (for internal references). This may be any string value that does not contain spaces.","","","","","","","","","",,,,,"",,,,"Element.id",0,1,"",""
"mii-ex-studie-rekrutierung","Extension.extension:rekrutierungsstand-datum.extension","Extension.extension.extension","","","",0,0,"","","","Extension {[]} {[]}
","Extension","An Extension","","","","","","","","","",,,,,"","value:url}
","Extensions are always sliced by (at least) url",,"open","Element.extension",0,*,"","ele-1:All FHIR elements must have a @value or children {hasValue() or (children().count() > id.count())}
ext-1:Must have either extensions or value[x], not both {extension.exists() != value.exists()}"
"mii-ex-studie-rekrutierung","Extension.extension:rekrutierungsstand-datum.url","Extension.extension.url","","","",1,1,"","","","uri {[]} {[]}
","identifies the meaning of the extension","Source of the definition for the extension code - a logical name or a URL.","The definition may point directly to a computable or human-readable definition of the extensibility codes, or it may be a logical URI as declared in some other specification. The definition SHALL be a URI for the Structure Definition defining the extension.","","","","<valueUri xmlns=""http://hl7.org/fhir"" value=""rekrutierungsstand-datum""/>","","","","",,,,,"",,,,"Extension.url",1,1,"",""
"mii-ex-studie-rekrutierung","Extension.extension:rekrutierungsstand-datum.value[x]","Extension.extension.value[x]","","","",0,1,"","","","date {[]} {[]}
","Value of extension","Value of extension - must be one of a constrained set of the data types (see [Extensibility](http://hl7.org/fhir/R4/extensibility.html) for a list).","","","","","","","","","",,,,,"",,,,"Extension.value[x]",0,1,"","ele-1:All FHIR elements must have a @value or children {hasValue() or (children().count() > id.count())}
"
"mii-ex-studie-rekrutierung","Extension.extension:rekrutierungsstand-genauigkeit","Extension.extension","rekrutierungsstand-genauigkeit","","",0,1,"Y","","","Extension {[]} {[]}
","Extension","An Extension","","","","","","","","","",,,,,"",,,,"Element.extension",0,*,"","ele-1:All FHIR elements must have a @value or children {hasValue() or (children().count() > id.count())}
ext-1:Must have either extensions or value[x], not both {extension.exists() != value.exists()}"
"mii-ex-studie-rekrutierung","Extension.extension:rekrutierungsstand-genauigkeit.id","Extension.extension.id","","","",0,1,"","","","string {[]} {[]}
","Unique id for inter-element referencing","Unique id for the element within a resource (for internal references). This may be any string value that does not contain spaces.","","","","","","","","","",,,,,"",,,,"Element.id",0,1,"",""
"mii-ex-studie-rekrutierung","Extension.extension:rekrutierungsstand-genauigkeit.extension","Extension.extension.extension","","","",0,0,"","","","Extension {[]} {[]}
","Extension","An Extension","","","","","","","","","",,,,,"","value:url}
","Extensions are always sliced by (at least) url",,"open","Element.extension",0,*,"","ele-1:All FHIR elements must have a @value or children {hasValue() or (children().count() > id.count())}
ext-1:Must have either extensions or value[x], not both {extension.exists() != value.exists()}"
"mii-ex-studie-rekrutierung","Extension.extension:rekrutierungsstand-genauigkeit.url","Extension.extension.url","","","",1,1,"","","","uri {[]} {[]}
","identifies the meaning of the extension","Source of the definition for the extension code - a logical name or a URL.","The definition may point directly to a computable or human-readable definition of the extensibility codes, or it may be a logical URI as declared in some other specification. The definition SHALL be a URI for the Structure Definition defining the extension.","","","","<valueUri xmlns=""http://hl7.org/fhir"" value=""rekrutierungsstand-genauigkeit""/>","","","","",,,,,"",,,,"Extension.url",1,1,"",""
"mii-ex-studie-rekrutierung","Extension.extension:rekrutierungsstand-genauigkeit.value[x]","Extension.extension.value[x]","","","",0,1,"","","","string {[]} {[]}
","Value of extension","Value of extension - must be one of a constrained set of the data types (see [Extensibility](http://hl7.org/fhir/R4/extensibility.html) for a list).","","","","","","","","","",,,,,"",,,,"Extension.value[x]",0,1,"","ele-1:All FHIR elements must have a @value or children {hasValue() or (children().count() > id.count())}
"
"mii-ex-studie-rekrutierung","Extension.extension:rekrutierungsstand","Extension.extension","rekrutierungsstand","","",0,1,"Y","","","Extension {[]} {[]}
","Extension","An Extension","","","","","","","","","",,,,,"",,,,"Element.extension",0,*,"","ele-1:All FHIR elements must have a @value or children {hasValue() or (children().count() > id.count())}
ext-1:Must have either extensions or value[x], not both {extension.exists() != value.exists()}"
"mii-ex-studie-rekrutierung","Extension.extension:rekrutierungsstand.id","Extension.extension.id","","","",0,1,"","","","string {[]} {[]}
","Unique id for inter-element referencing","Unique id for the element within a resource (for internal references). This may be any string value that does not contain spaces.","","","","","","","","","",,,,,"",,,,"Element.id",0,1,"",""
"mii-ex-studie-rekrutierung","Extension.extension:rekrutierungsstand.extension","Extension.extension.extension","","","",0,0,"","","","Extension {[]} {[]}
","Extension","An Extension","","","","","","","","","",,,,,"","value:url}
","Extensions are always sliced by (at least) url",,"open","Element.extension",0,*,"","ele-1:All FHIR elements must have a @value or children {hasValue() or (children().count() > id.count())}
ext-1:Must have either extensions or value[x], not both {extension.exists() != value.exists()}"
"mii-ex-studie-rekrutierung","Extension.extension:rekrutierungsstand.url","Extension.extension.url","","","",1,1,"","","","uri {[]} {[]}
","identifies the meaning of the extension","Source of the definition for the extension code - a logical name or a URL.","The definition may point directly to a computable or human-readable definition of the extensibility codes, or it may be a logical URI as declared in some other specification. The definition SHALL be a URI for the Structure Definition defining the extension.","","","","<valueUri xmlns=""http://hl7.org/fhir"" value=""rekrutierungsstand""/>","","","","",,,,,"",,,,"Extension.url",1,1,"",""
"mii-ex-studie-rekrutierung","Extension.extension:rekrutierungsstand.value[x]","Extension.extension.value[x]","","","",0,1,"","","","integer {[]} {[]}
","Value of extension","Value of extension - must be one of a constrained set of the data types (see [Extensibility](http://hl7.org/fhir/R4/extensibility.html) for a list).","","","","","","","","","",,,,,"",,,,"Extension.value[x]",0,1,"","ele-1:All FHIR elements must have a @value or children {hasValue() or (children().count() > id.count())}
"
"mii-ex-studie-rekrutierung","Extension.extension:rekrutierungsziel","Extension.extension","rekrutierungsziel","","",0,1,"Y","","","Extension {[]} {[]}
","Extension","An Extension","","","","","","","","","",,,,,"",,,,"Element.extension",0,*,"","ele-1:All FHIR elements must have a @value or children {hasValue() or (children().count() > id.count())}
ext-1:Must have either extensions or value[x], not both {extension.exists() != value.exists()}"
"mii-ex-studie-rekrutierung","Extension.extension:rekrutierungsziel.id","Extension.extension.id","","","",0,1,"","","","string {[]} {[]}
","Unique id for inter-element referencing","Unique id for the element within a resource (for internal references). This may be any string value that does not contain spaces.","","","","","","","","","",,,,,"",,,,"Element.id",0,1,"",""
"mii-ex-studie-rekrutierung","Extension.extension:rekrutierungsziel.extension","Extension.extension.extension","","","",0,0,"","","","Extension {[]} {[]}
","Extension","An Extension","","","","","","","","","",,,,,"","value:url}
","Extensions are always sliced by (at least) url",,"open","Element.extension",0,*,"","ele-1:All FHIR elements must have a @value or children {hasValue() or (children().count() > id.count())}
ext-1:Must have either extensions or value[x], not both {extension.exists() != value.exists()}"
"mii-ex-studie-rekrutierung","Extension.extension:rekrutierungsziel.url","Extension.extension.url","","","",1,1,"","","","uri {[]} {[]}
","identifies the meaning of the extension","Source of the definition for the extension code - a logical name or a URL.","The definition may point directly to a computable or human-readable definition of the extensibility codes, or it may be a logical URI as declared in some other specification. The definition SHALL be a URI for the Structure Definition defining the extension.","","","","<valueUri xmlns=""http://hl7.org/fhir"" value=""rekrutierungsziel""/>","","","","",,,,,"",,,,"Extension.url",1,1,"",""
"mii-ex-studie-rekrutierung","Extension.extension:rekrutierungsziel.value[x]","Extension.extension.value[x]","","","",0,1,"","","","integer {[]} {[]}
","Value of extension","Value of extension - must be one of a constrained set of the data types (see [Extensibility](http://hl7.org/fhir/R4/extensibility.html) for a list).","","","","","","","","","",,,,,"",,,,"Extension.value[x]",0,1,"","ele-1:All FHIR elements must have a @value or children {hasValue() or (children().count() > id.count())}
"
"mii-ex-studie-rekrutierung","Extension.extension:rekrutierungsstart","Extension.extension","rekrutierungsstart","","",0,1,"Y","","","Extension {[]} {[]}
","Extension","An Extension","","","","","","","","","",,,,,"",,,,"Element.extension",0,*,"","ele-1:All FHIR elements must have a @value or children {hasValue() or (children().count() > id.count())}
ext-1:Must have either extensions or value[x], not both {extension.exists() != value.exists()}"
"mii-ex-studie-rekrutierung","Extension.extension:rekrutierungsstart.id","Extension.extension.id","","","",0,1,"","","","string {[]} {[]}
","Unique id for inter-element referencing","Unique id for the element within a resource (for internal references). This may be any string value that does not contain spaces.","","","","","","","","","",,,,,"",,,,"Element.id",0,1,"",""
"mii-ex-studie-rekrutierung","Extension.extension:rekrutierungsstart.extension","Extension.extension.extension","","","",0,0,"","","","Extension {[]} {[]}
","Extension","An Extension","","","","","","","","","",,,,,"","value:url}
","Extensions are always sliced by (at least) url",,"open","Element.extension",0,*,"","ele-1:All FHIR elements must have a @value or children {hasValue() or (children().count() > id.count())}
ext-1:Must have either extensions or value[x], not both {extension.exists() != value.exists()}"
"mii-ex-studie-rekrutierung","Extension.extension:rekrutierungsstart.url","Extension.extension.url","","","",1,1,"","","","uri {[]} {[]}
","identifies the meaning of the extension","Source of the definition for the extension code - a logical name or a URL.","The definition may point directly to a computable or human-readable definition of the extensibility codes, or it may be a logical URI as declared in some other specification. The definition SHALL be a URI for the Structure Definition defining the extension.","","","","<valueUri xmlns=""http://hl7.org/fhir"" value=""rekrutierungsstart""/>","","","","",,,,,"",,,,"Extension.url",1,1,"",""
"mii-ex-studie-rekrutierung","Extension.extension:rekrutierungsstart.value[x]","Extension.extension.value[x]","","","",0,1,"","","","date {[]} {[]}
","Value of extension","Value of extension - must be one of a constrained set of the data types (see [Extensibility](http://hl7.org/fhir/R4/extensibility.html) for a list).","","","","","","","","","",,,,,"",,,,"Extension.value[x]",0,1,"","ele-1:All FHIR elements must have a @value or children {hasValue() or (children().count() > id.count())}
"
"mii-ex-studie-rekrutierung","Extension.url","Extension.url","","","",1,1,"","","","uri {[]} {[]}
","identifies the meaning of the extension","Source of the definition for the extension code - a logical name or a URL.","The definition may point directly to a computable or human-readable definition of the extensibility codes, or it may be a logical URI as declared in some other specification. The definition SHALL be a URI for the Structure Definition defining the extension.","","","","<valueUri xmlns=""http://hl7.org/fhir"" value=""https://www.medizininformatik-initiative.de/fhir/modul-studie/StructureDefinition/mii-ex-studie-rekrutierung""/>","","","","",,,,,"",,,,"Extension.url",1,1,"",""
"mii-ex-studie-rekrutierung","Extension.value[x]","Extension.value[x]","","","",0,0,"","","","base64Binary {[]} {[]}
boolean {[]} {[]}canonical {[]} {[]}code {[]} {[]}date {[]} {[]}dateTime {[]} {[]}decimal {[]} {[]}id {[]} {[]}instant {[]} {[]}integer {[]} {[]}markdown {[]} {[]}oid {[]} {[]}positiveInt {[]} {[]}string {[]} {[]}time {[]} {[]}unsignedInt {[]} {[]}uri {[]} {[]}url {[]} {[]}uuid {[]} {[]}Address {[]} {[]}Age {[]} {[]}Annotation {[]} {[]}Attachment {[]} {[]}CodeableConcept {[]} {[]}Coding {[]} {[]}ContactPoint {[]} {[]}Count {[]} {[]}Distance {[]} {[]}Duration {[]} {[]}HumanName {[]} {[]}Identifier {[]} {[]}Money {[]} {[]}Period {[]} {[]}Quantity {[]} {[]}Range {[]} {[]}Ratio {[]} {[]}Reference {[]} {[]}SampledData {[]} {[]}Signature {[]} {[]}Timing {[]} {[]}ContactDetail {[]} {[]}Contributor {[]} {[]}DataRequirement {[]} {[]}Expression {[]} {[]}ParameterDefinition {[]} {[]}RelatedArtifact {[]} {[]}TriggerDefinition {[]} {[]}UsageContext {[]} {[]}Dosage {[]} {[]}Meta {[]} {[]}","Value of extension","Value of extension - must be one of a constrained set of the data types (see [Extensibility](http://hl7.org/fhir/R4/extensibility.html) for a list).","","","","","","","","","",,,,,"",,,,"Extension.value[x]",0,1,"","ele-1:All FHIR elements must have a @value or children {hasValue() or (children().count() > id.count())}
"
"mii-ex-studie-studienregister","Extension","Extension","","","",0,*,"","","","null {[]} {[]}
","Extension","An Extension","","","","","","","","","",,,,,"",,,,"Extension",0,*,"ele-1
","ele-1:All FHIR elements must have a @value or children {hasValue() or (children().count() > id.count())}
ext-1:Must have either extensions or value[x], not both {extension.exists() != value.exists()}"
"mii-ex-studie-studienregister","Extension.id","Extension.id","","","",0,1,"","","","string {[]} {[]}
","Unique id for inter-element referencing","Unique id for the element within a resource (for internal references). This may be any string value that does not contain spaces.","","","","","","","","","",,,,,"",,,,"Element.id",0,1,"",""
"mii-ex-studie-studienregister","Extension.extension","Extension.extension","","","",0,0,"","","","Extension {[]} {[]}
","Extension","An Extension","","","","","","","","","",,,,,"","value:url}
","Extensions are always sliced by (at least) url",,"open","Element.extension",0,*,"","ele-1:All FHIR elements must have a @value or children {hasValue() or (children().count() > id.count())}
ext-1:Must have either extensions or value[x], not both {extension.exists() != value.exists()}"
"mii-ex-studie-studienregister","Extension.url","Extension.url","","","",1,1,"","","","uri {[]} {[]}
","identifies the meaning of the extension","Source of the definition for the extension code - a logical name or a URL.","The definition may point directly to a computable or human-readable definition of the extensibility codes, or it may be a logical URI as declared in some other specification. The definition SHALL be a URI for the Structure Definition defining the extension.","","","","<valueUri xmlns=""http://hl7.org/fhir"" value=""https://www.medizininformatik-initiative.de/fhir/modul-studie/StructureDefinition/mii-ex-studie-studienregister""/>","","","","",,,,,"",,,,"Extension.url",1,1,"",""
"mii-ex-studie-studienregister","Extension.value[x]","Extension.value[x]","","","",0,1,"","","","Reference {[]} {[CanonicalType[http://hl7.org/fhir/StructureDefinition/Library]]}
","Value of extension","Value of extension - must be one of a constrained set of the data types (see [Extensibility](http://hl7.org/fhir/R4/extensibility.html) for a list).","","","","","","","","","",,,,,"",,,,"Extension.value[x]",0,1,"","ele-1:All FHIR elements must have a @value or children {hasValue() or (children().count() > id.count())}
"
"mii-lm-studie-logicalmodel","mii-lm-studie-logicalmodel","mii-lm-studie-logicalmodel","","","",0,*,"","","","null {[]} {[]}
","MII LM Studie LogicalModel","Logische Repräsentation der Forschungsvorhaben","","","","","","","","","",,,,,"",,,,"Element",0,*,"ele-1
","ele-1:All FHIR elements must have a @value or children {hasValue() or (children().count() > id.count())}
"
"mii-lm-studie-logicalmodel","mii-lm-studie-logicalmodel.id","mii-lm-studie-logicalmodel.id","","","",0,1,"","","","string {[]} {[]}
","Unique id for inter-element referencing","Unique id for the element within a resource (for internal references). This may be any string value that does not contain spaces.","","","","","","","","","",,,,,"",,,,"Element.id",0,1,"",""
"mii-lm-studie-logicalmodel","mii-lm-studie-logicalmodel.extension","mii-lm-studie-logicalmodel.extension","","extensions
user content","",0,*,"","","","Extension {[]} {[]}
","Additional content defined by implementations","May be used to represent additional information that is not part of the basic definition of the element. To make the use of extensions safe and manageable, there is a strict set of governance  applied to the definition and use of extensions. Though any implementer can define an extension, there is a set of requirements that SHALL be met as part of the definition of the extension.","There can be no stigma associated with the use of extensions by any application, project, or standard - regardless of the institution or jurisdiction that uses or defines the extensions.  The use of extensions is what allows the FHIR specification to retain a core level of simplicity for everyone.","","","","","","","","",,,,,"","value:url}
","Extensions are always sliced by (at least) url",,"open","Element.extension",0,*,"","ele-1:All FHIR elements must have a @value or children {hasValue() or (children().count() > id.count())}
ext-1:Must have either extensions or value[x], not both {extension.exists() != value.exists()}"
"mii-lm-studie-logicalmodel","mii-lm-studie-logicalmodel.BusinessID","mii-lm-studie-logicalmodel.BusinessID","","","",0,*,"","","","BackboneElement {[]} {[]}
","BusinessID eines Forschungsvorhabens","BusinessID eines Forschungsvorhabens","","","","","","","","","",,,,,"",,,,"mii-lm-studie-logicalmodel.BusinessID",0,*,"","ele-1:All FHIR elements must have a @value or children {hasValue() or (children().count() > id.count())}
"
"mii-lm-studie-logicalmodel","mii-lm-studie-logicalmodel.BusinessID.id","mii-lm-studie-logicalmodel.BusinessID.id","","","",0,1,"","","","string {[]} {[]}
","Unique id for inter-element referencing","Unique id for the element within a resource (for internal references). This may be any string value that does not contain spaces.","","","","","","","","","",,,,,"",,,,"Element.id",0,1,"",""
"mii-lm-studie-logicalmodel","mii-lm-studie-logicalmodel.BusinessID.extension","mii-lm-studie-logicalmodel.BusinessID.extension","","extensions
user content","",0,*,"","","","Extension {[]} {[]}
","Additional content defined by implementations","May be used to represent additional information that is not part of the basic definition of the element. To make the use of extensions safe and manageable, there is a strict set of governance  applied to the definition and use of extensions. Though any implementer can define an extension, there is a set of requirements that SHALL be met as part of the definition of the extension.","There can be no stigma associated with the use of extensions by any application, project, or standard - regardless of the institution or jurisdiction that uses or defines the extensions.  The use of extensions is what allows the FHIR specification to retain a core level of simplicity for everyone.","","","","","","","","",,,,,"","value:url}
","Extensions are always sliced by (at least) url",,"open","Element.extension",0,*,"","ele-1:All FHIR elements must have a @value or children {hasValue() or (children().count() > id.count())}
ext-1:Must have either extensions or value[x], not both {extension.exists() != value.exists()}"
"mii-lm-studie-logicalmodel","mii-lm-studie-logicalmodel.BusinessID.modifierExtension","mii-lm-studie-logicalmodel.BusinessID.modifierExtension","","extensions
user contentmodifiers","",0,*,"","Y","Y","Extension {[]} {[]}
","Extensions that cannot be ignored even if unrecognized","May be used to represent additional information that is not part of the basic definition of the element and that modifies the understanding of the element in which it is contained and/or the understanding of the containing element's descendants. Usually modifier elements provide negation or qualification. To make the use of extensions safe and manageable, there is a strict set of governance applied to the definition and use of extensions. Though any implementer can define an extension, there is a set of requirements that SHALL be met as part of the definition of the extension. Applications processing a resource are required to check for modifier extensions.

Modifier extensions SHALL NOT change the meaning of any elements on Resource or DomainResource (including cannot change the meaning of modifierExtension itself).","There can be no stigma associated with the use of extensions by any application, project, or standard - regardless of the institution or jurisdiction that uses or defines the extensions.  The use of extensions is what allows the FHIR specification to retain a core level of simplicity for everyone.","Modifier extensions allow for extensions that *cannot* be safely ignored to be clearly distinguished from the vast majority of extensions which can be safely ignored.  This promotes interoperability by eliminating the need for implementers to prohibit the presence of extensions. For further information, see the [definition of modifier extensions](http://hl7.org/fhir/R4/extensibility.html#modifierExtension).","","","","","","","",,,,,"",,,,"BackboneElement.modifierExtension",0,*,"","ele-1:All FHIR elements must have a @value or children {hasValue() or (children().count() > id.count())}
ext-1:Must have either extensions or value[x], not both {extension.exists() != value.exists()}"
"mii-lm-studie-logicalmodel","mii-lm-studie-logicalmodel.BusinessID.identifier","mii-lm-studie-logicalmodel.BusinessID.identifier","","","",0,*,"","","","Identifier {[]} {[]}
","Identifier einer BusinessID","Identifier einer BusinessID","","","","","","","","","",,,,,"",,,,"mii-lm-studie-logicalmodel.BusinessID.identifier",0,*,"",""
"mii-lm-studie-logicalmodel","mii-lm-studie-logicalmodel.BusinessID.System","mii-lm-studie-logicalmodel.BusinessID.System","","","",0,*,"","","","string {[]} {[]}
","System einer BusinessID","System einer BusinessID","","","","","","","","","",,,,,"",,,,"mii-lm-studie-logicalmodel.BusinessID.System",0,*,"",""
"mii-lm-studie-logicalmodel","mii-lm-studie-logicalmodel.Titel","mii-lm-studie-logicalmodel.Titel","","","",0,*,"","","","BackboneElement {[]} {[]}
","Titel eines Forschungsvorhabens","Titel eines Forschungsvorhabens","","","","","","","","","",,,,,"",,,,"mii-lm-studie-logicalmodel.Titel",0,*,"","ele-1:All FHIR elements must have a @value or children {hasValue() or (children().count() > id.count())}
"
"mii-lm-studie-logicalmodel","mii-lm-studie-logicalmodel.Titel.id","mii-lm-studie-logicalmodel.Titel.id","","","",0,1,"","","","string {[]} {[]}
","Unique id for inter-element referencing","Unique id for the element within a resource (for internal references). This may be any string value that does not contain spaces.","","","","","","","","","",,,,,"",,,,"Element.id",0,1,"",""
"mii-lm-studie-logicalmodel","mii-lm-studie-logicalmodel.Titel.extension","mii-lm-studie-logicalmodel.Titel.extension","","extensions
user content","",0,*,"","","","Extension {[]} {[]}
","Additional content defined by implementations","May be used to represent additional information that is not part of the basic definition of the element. To make the use of extensions safe and manageable, there is a strict set of governance  applied to the definition and use of extensions. Though any implementer can define an extension, there is a set of requirements that SHALL be met as part of the definition of the extension.","There can be no stigma associated with the use of extensions by any application, project, or standard - regardless of the institution or jurisdiction that uses or defines the extensions.  The use of extensions is what allows the FHIR specification to retain a core level of simplicity for everyone.","","","","","","","","",,,,,"","value:url}
","Extensions are always sliced by (at least) url",,"open","Element.extension",0,*,"","ele-1:All FHIR elements must have a @value or children {hasValue() or (children().count() > id.count())}
ext-1:Must have either extensions or value[x], not both {extension.exists() != value.exists()}"
"mii-lm-studie-logicalmodel","mii-lm-studie-logicalmodel.Titel.modifierExtension","mii-lm-studie-logicalmodel.Titel.modifierExtension","","extensions
user contentmodifiers","",0,*,"","Y","Y","Extension {[]} {[]}
","Extensions that cannot be ignored even if unrecognized","May be used to represent additional information that is not part of the basic definition of the element and that modifies the understanding of the element in which it is contained and/or the understanding of the containing element's descendants. Usually modifier elements provide negation or qualification. To make the use of extensions safe and manageable, there is a strict set of governance applied to the definition and use of extensions. Though any implementer can define an extension, there is a set of requirements that SHALL be met as part of the definition of the extension. Applications processing a resource are required to check for modifier extensions.

Modifier extensions SHALL NOT change the meaning of any elements on Resource or DomainResource (including cannot change the meaning of modifierExtension itself).","There can be no stigma associated with the use of extensions by any application, project, or standard - regardless of the institution or jurisdiction that uses or defines the extensions.  The use of extensions is what allows the FHIR specification to retain a core level of simplicity for everyone.","Modifier extensions allow for extensions that *cannot* be safely ignored to be clearly distinguished from the vast majority of extensions which can be safely ignored.  This promotes interoperability by eliminating the need for implementers to prohibit the presence of extensions. For further information, see the [definition of modifier extensions](http://hl7.org/fhir/R4/extensibility.html#modifierExtension).","","","","","","","",,,,,"",,,,"BackboneElement.modifierExtension",0,*,"","ele-1:All FHIR elements must have a @value or children {hasValue() or (children().count() > id.count())}
ext-1:Must have either extensions or value[x], not both {extension.exists() != value.exists()}"
"mii-lm-studie-logicalmodel","mii-lm-studie-logicalmodel.Titel.OeffentlicherTitel","mii-lm-studie-logicalmodel.Titel.OeffentlicherTitel","","","",0,*,"","","","string {[]} {[]}
","Öffentlich sichtbarer Titel","Öffentlich sichtbarer Titel","","","","","","","","","",,,,,"",,,,"mii-lm-studie-logicalmodel.Titel.OeffentlicherTitel",0,*,"",""
"mii-lm-studie-logicalmodel","mii-lm-studie-logicalmodel.Titel.WissenschaftlicherTitel","mii-lm-studie-logicalmodel.Titel.WissenschaftlicherTitel","","","",0,*,"","","","string {[]} {[]}
","Wissenschaftlicher Titel","Wissenschaftlicher Titel","","","","","","","","","",,,,,"",,,,"mii-lm-studie-logicalmodel.Titel.WissenschaftlicherTitel",0,*,"",""
"mii-lm-studie-logicalmodel","mii-lm-studie-logicalmodel.Titel.Akronym","mii-lm-studie-logicalmodel.Titel.Akronym","","","",0,*,"","","","string {[]} {[]}
","Akronym des Titels","Akronym des Titels","","","","","","","","","",,,,,"",,,,"mii-lm-studie-logicalmodel.Titel.Akronym",0,*,"",""
"mii-lm-studie-logicalmodel","mii-lm-studie-logicalmodel.Einwilligung","mii-lm-studie-logicalmodel.Einwilligung","","","",0,*,"","","","Reference {[]} {[]}
","Einwilligung eines Forschungsvorhabens","Einwilligung eines Forschungsvorhabens","","","","","","","","","",,,,,"",,,,"mii-lm-studie-logicalmodel.Einwilligung",0,*,"",""
"mii-lm-studie-logicalmodel","mii-lm-studie-logicalmodel.Kontakt","mii-lm-studie-logicalmodel.Kontakt","","","",0,*,"","","","BackboneElement {[]} {[]}
","Kontakt eines Forschungsvorhabens","Kontakt eines Forschungsvorhabens","","","","","","","","","",,,,,"",,,,"mii-lm-studie-logicalmodel.Kontakt",0,*,"","ele-1:All FHIR elements must have a @value or children {hasValue() or (children().count() > id.count())}
"
"mii-lm-studie-logicalmodel","mii-lm-studie-logicalmodel.Kontakt.id","mii-lm-studie-logicalmodel.Kontakt.id","","","",0,1,"","","","string {[]} {[]}
","Unique id for inter-element referencing","Unique id for the element within a resource (for internal references). This may be any string value that does not contain spaces.","","","","","","","","","",,,,,"",,,,"Element.id",0,1,"",""
"mii-lm-studie-logicalmodel","mii-lm-studie-logicalmodel.Kontakt.extension","mii-lm-studie-logicalmodel.Kontakt.extension","","extensions
user content","",0,*,"","","","Extension {[]} {[]}
","Additional content defined by implementations","May be used to represent additional information that is not part of the basic definition of the element. To make the use of extensions safe and manageable, there is a strict set of governance  applied to the definition and use of extensions. Though any implementer can define an extension, there is a set of requirements that SHALL be met as part of the definition of the extension.","There can be no stigma associated with the use of extensions by any application, project, or standard - regardless of the institution or jurisdiction that uses or defines the extensions.  The use of extensions is what allows the FHIR specification to retain a core level of simplicity for everyone.","","","","","","","","",,,,,"","value:url}
","Extensions are always sliced by (at least) url",,"open","Element.extension",0,*,"","ele-1:All FHIR elements must have a @value or children {hasValue() or (children().count() > id.count())}
ext-1:Must have either extensions or value[x], not both {extension.exists() != value.exists()}"
"mii-lm-studie-logicalmodel","mii-lm-studie-logicalmodel.Kontakt.modifierExtension","mii-lm-studie-logicalmodel.Kontakt.modifierExtension","","extensions
user contentmodifiers","",0,*,"","Y","Y","Extension {[]} {[]}
","Extensions that cannot be ignored even if unrecognized","May be used to represent additional information that is not part of the basic definition of the element and that modifies the understanding of the element in which it is contained and/or the understanding of the containing element's descendants. Usually modifier elements provide negation or qualification. To make the use of extensions safe and manageable, there is a strict set of governance applied to the definition and use of extensions. Though any implementer can define an extension, there is a set of requirements that SHALL be met as part of the definition of the extension. Applications processing a resource are required to check for modifier extensions.

Modifier extensions SHALL NOT change the meaning of any elements on Resource or DomainResource (including cannot change the meaning of modifierExtension itself).","There can be no stigma associated with the use of extensions by any application, project, or standard - regardless of the institution or jurisdiction that uses or defines the extensions.  The use of extensions is what allows the FHIR specification to retain a core level of simplicity for everyone.","Modifier extensions allow for extensions that *cannot* be safely ignored to be clearly distinguished from the vast majority of extensions which can be safely ignored.  This promotes interoperability by eliminating the need for implementers to prohibit the presence of extensions. For further information, see the [definition of modifier extensions](http://hl7.org/fhir/R4/extensibility.html#modifierExtension).","","","","","","","",,,,,"",,,,"BackboneElement.modifierExtension",0,*,"","ele-1:All FHIR elements must have a @value or children {hasValue() or (children().count() > id.count())}
ext-1:Must have either extensions or value[x], not both {extension.exists() != value.exists()}"
"mii-lm-studie-logicalmodel","mii-lm-studie-logicalmodel.Kontakt.Titel","mii-lm-studie-logicalmodel.Kontakt.Titel","","","",0,*,"","","","string {[]} {[]}
","Titel eines Kontakts","Titel eines Kontakts","","","","","","","","","",,,,,"",,,,"mii-lm-studie-logicalmodel.Kontakt.Titel",0,*,"",""
"mii-lm-studie-logicalmodel","mii-lm-studie-logicalmodel.Kontakt.Vorname","mii-lm-studie-logicalmodel.Kontakt.Vorname","","","",0,*,"","","","string {[]} {[]}
","Vorname eines Kontakts","Vorname eines Kontakts","","","","","","","","","",,,,,"",,,,"mii-lm-studie-logicalmodel.Kontakt.Vorname",0,*,"",""
"mii-lm-studie-logicalmodel","mii-lm-studie-logicalmodel.Kontakt.Nachname","mii-lm-studie-logicalmodel.Kontakt.Nachname","","","",0,*,"","","","string {[]} {[]}
","Nachname eines Kontakts","Nachname eines Kontakts","","","","","","","","","",,,,,"",,,,"mii-lm-studie-logicalmodel.Kontakt.Nachname",0,*,"",""
"mii-lm-studie-logicalmodel","mii-lm-studie-logicalmodel.Kontakt.Adresse","mii-lm-studie-logicalmodel.Kontakt.Adresse","","","",0,*,"","","","BackboneElement {[]} {[]}
","Adresse eines Kontakts","Adresse eines Kontakts","","","","","","","","","",,,,,"",,,,"mii-lm-studie-logicalmodel.Kontakt.Adresse",0,*,"","ele-1:All FHIR elements must have a @value or children {hasValue() or (children().count() > id.count())}
"
"mii-lm-studie-logicalmodel","mii-lm-studie-logicalmodel.Kontakt.Adresse.id","mii-lm-studie-logicalmodel.Kontakt.Adresse.id","","","",0,1,"","","","string {[]} {[]}
","Unique id for inter-element referencing","Unique id for the element within a resource (for internal references). This may be any string value that does not contain spaces.","","","","","","","","","",,,,,"",,,,"Element.id",0,1,"",""
"mii-lm-studie-logicalmodel","mii-lm-studie-logicalmodel.Kontakt.Adresse.extension","mii-lm-studie-logicalmodel.Kontakt.Adresse.extension","","extensions
user content","",0,*,"","","","Extension {[]} {[]}
","Additional content defined by implementations","May be used to represent additional information that is not part of the basic definition of the element. To make the use of extensions safe and manageable, there is a strict set of governance  applied to the definition and use of extensions. Though any implementer can define an extension, there is a set of requirements that SHALL be met as part of the definition of the extension.","There can be no stigma associated with the use of extensions by any application, project, or standard - regardless of the institution or jurisdiction that uses or defines the extensions.  The use of extensions is what allows the FHIR specification to retain a core level of simplicity for everyone.","","","","","","","","",,,,,"","value:url}
","Extensions are always sliced by (at least) url",,"open","Element.extension",0,*,"","ele-1:All FHIR elements must have a @value or children {hasValue() or (children().count() > id.count())}
ext-1:Must have either extensions or value[x], not both {extension.exists() != value.exists()}"
"mii-lm-studie-logicalmodel","mii-lm-studie-logicalmodel.Kontakt.Adresse.modifierExtension","mii-lm-studie-logicalmodel.Kontakt.Adresse.modifierExtension","","extensions
user contentmodifiers","",0,*,"","Y","Y","Extension {[]} {[]}
","Extensions that cannot be ignored even if unrecognized","May be used to represent additional information that is not part of the basic definition of the element and that modifies the understanding of the element in which it is contained and/or the understanding of the containing element's descendants. Usually modifier elements provide negation or qualification. To make the use of extensions safe and manageable, there is a strict set of governance applied to the definition and use of extensions. Though any implementer can define an extension, there is a set of requirements that SHALL be met as part of the definition of the extension. Applications processing a resource are required to check for modifier extensions.

Modifier extensions SHALL NOT change the meaning of any elements on Resource or DomainResource (including cannot change the meaning of modifierExtension itself).","There can be no stigma associated with the use of extensions by any application, project, or standard - regardless of the institution or jurisdiction that uses or defines the extensions.  The use of extensions is what allows the FHIR specification to retain a core level of simplicity for everyone.","Modifier extensions allow for extensions that *cannot* be safely ignored to be clearly distinguished from the vast majority of extensions which can be safely ignored.  This promotes interoperability by eliminating the need for implementers to prohibit the presence of extensions. For further information, see the [definition of modifier extensions](http://hl7.org/fhir/R4/extensibility.html#modifierExtension).","","","","","","","",,,,,"",,,,"BackboneElement.modifierExtension",0,*,"","ele-1:All FHIR elements must have a @value or children {hasValue() or (children().count() > id.count())}
ext-1:Must have either extensions or value[x], not both {extension.exists() != value.exists()}"
"mii-lm-studie-logicalmodel","mii-lm-studie-logicalmodel.Kontakt.Adresse.Strasse","mii-lm-studie-logicalmodel.Kontakt.Adresse.Strasse","","","",0,*,"","","","string {[]} {[]}
","Strasse einer Adresse","Strasse einer Adresse","","","","","","","","","",,,,,"",,,,"mii-lm-studie-logicalmodel.Kontakt.Adresse.Strasse",0,*,"",""
"mii-lm-studie-logicalmodel","mii-lm-studie-logicalmodel.Kontakt.Adresse.Hausnummer","mii-lm-studie-logicalmodel.Kontakt.Adresse.Hausnummer","","","",0,*,"","","","string {[]} {[]}
","Hausnummer einer Adresse","Hausnummer einer Adresse","","","","","","","","","",,,,,"",,,,"mii-lm-studie-logicalmodel.Kontakt.Adresse.Hausnummer",0,*,"",""
"mii-lm-studie-logicalmodel","mii-lm-studie-logicalmodel.Kontakt.Adresse.PLZ","mii-lm-studie-logicalmodel.Kontakt.Adresse.PLZ","","","",0,*,"","","","string {[]} {[]}
","PLZ einer Adresse","PLZ einer Adresse","","","","","","","","","",,,,,"",,,,"mii-lm-studie-logicalmodel.Kontakt.Adresse.PLZ",0,*,"",""
"mii-lm-studie-logicalmodel","mii-lm-studie-logicalmodel.Kontakt.Adresse.Wohnort","mii-lm-studie-logicalmodel.Kontakt.Adresse.Wohnort","","","",0,*,"","","","string {[]} {[]}
","Wohnort einer Adresse","Wohnort einer Adresse","","","","","","","","","",,,,,"",,,,"mii-lm-studie-logicalmodel.Kontakt.Adresse.Wohnort",0,*,"",""
"mii-lm-studie-logicalmodel","mii-lm-studie-logicalmodel.Kontakt.Adresse.Land","mii-lm-studie-logicalmodel.Kontakt.Adresse.Land","","","",0,*,"","","","code {[]} {[]}
","Land einer Adresse","Land einer Adresse","","","","","","","","","",,,,,"",,,,"mii-lm-studie-logicalmodel.Kontakt.Adresse.Land",0,*,"",""
"mii-lm-studie-logicalmodel","mii-lm-studie-logicalmodel.Kontakt.Email","mii-lm-studie-logicalmodel.Kontakt.Email","","","",0,*,"","","","string {[]} {[]}
","Email eines Kontakts","Email eines Kontakts","","","","","","","","","",,,,,"",,,,"mii-lm-studie-logicalmodel.Kontakt.Email",0,*,"",""
"mii-lm-studie-logicalmodel","mii-lm-studie-logicalmodel.Kontakt.Tel","mii-lm-studie-logicalmodel.Kontakt.Tel","","","",0,*,"","","","string {[]} {[]}
","Telefonnummer eines Kontakts","Telefonnummer eines Kontakts","","","","","","","","","",,,,,"",,,,"mii-lm-studie-logicalmodel.Kontakt.Tel",0,*,"",""
"mii-lm-studie-logicalmodel","mii-lm-studie-logicalmodel.Kontakt.Zugehoerigkeit","mii-lm-studie-logicalmodel.Kontakt.Zugehoerigkeit","","","",0,*,"","","","string {[]} {[]}
","Zugehoerigkeit eines Kontakts","Zugehoerigkeit eines Kontakts","","","","","","","","","",,,,,"",,,,"mii-lm-studie-logicalmodel.Kontakt.Zugehoerigkeit",0,*,"",""
"mii-lm-studie-logicalmodel","mii-lm-studie-logicalmodel.Beteiligter","mii-lm-studie-logicalmodel.Beteiligter","","","",0,*,"","","","BackboneElement {[]} {[]}
","Beteiligter eines Forschungsvorhabens","Beteiligter eines Forschungsvorhabens","","","","","","","","","",,,,,"",,,,"mii-lm-studie-logicalmodel.Beteiligter",0,*,"","ele-1:All FHIR elements must have a @value or children {hasValue() or (children().count() > id.count())}
"
"mii-lm-studie-logicalmodel","mii-lm-studie-logicalmodel.Beteiligter.id","mii-lm-studie-logicalmodel.Beteiligter.id","","","",0,1,"","","","string {[]} {[]}
","Unique id for inter-element referencing","Unique id for the element within a resource (for internal references). This may be any string value that does not contain spaces.","","","","","","","","","",,,,,"",,,,"Element.id",0,1,"",""
"mii-lm-studie-logicalmodel","mii-lm-studie-logicalmodel.Beteiligter.extension","mii-lm-studie-logicalmodel.Beteiligter.extension","","extensions
user content","",0,*,"","","","Extension {[]} {[]}
","Additional content defined by implementations","May be used to represent additional information that is not part of the basic definition of the element. To make the use of extensions safe and manageable, there is a strict set of governance  applied to the definition and use of extensions. Though any implementer can define an extension, there is a set of requirements that SHALL be met as part of the definition of the extension.","There can be no stigma associated with the use of extensions by any application, project, or standard - regardless of the institution or jurisdiction that uses or defines the extensions.  The use of extensions is what allows the FHIR specification to retain a core level of simplicity for everyone.","","","","","","","","",,,,,"","value:url}
","Extensions are always sliced by (at least) url",,"open","Element.extension",0,*,"","ele-1:All FHIR elements must have a @value or children {hasValue() or (children().count() > id.count())}
ext-1:Must have either extensions or value[x], not both {extension.exists() != value.exists()}"
"mii-lm-studie-logicalmodel","mii-lm-studie-logicalmodel.Beteiligter.modifierExtension","mii-lm-studie-logicalmodel.Beteiligter.modifierExtension","","extensions
user contentmodifiers","",0,*,"","Y","Y","Extension {[]} {[]}
","Extensions that cannot be ignored even if unrecognized","May be used to represent additional information that is not part of the basic definition of the element and that modifies the understanding of the element in which it is contained and/or the understanding of the containing element's descendants. Usually modifier elements provide negation or qualification. To make the use of extensions safe and manageable, there is a strict set of governance applied to the definition and use of extensions. Though any implementer can define an extension, there is a set of requirements that SHALL be met as part of the definition of the extension. Applications processing a resource are required to check for modifier extensions.

Modifier extensions SHALL NOT change the meaning of any elements on Resource or DomainResource (including cannot change the meaning of modifierExtension itself).","There can be no stigma associated with the use of extensions by any application, project, or standard - regardless of the institution or jurisdiction that uses or defines the extensions.  The use of extensions is what allows the FHIR specification to retain a core level of simplicity for everyone.","Modifier extensions allow for extensions that *cannot* be safely ignored to be clearly distinguished from the vast majority of extensions which can be safely ignored.  This promotes interoperability by eliminating the need for implementers to prohibit the presence of extensions. For further information, see the [definition of modifier extensions](http://hl7.org/fhir/R4/extensibility.html#modifierExtension).","","","","","","","",,,,,"",,,,"BackboneElement.modifierExtension",0,*,"","ele-1:All FHIR elements must have a @value or children {hasValue() or (children().count() > id.count())}
ext-1:Must have either extensions or value[x], not both {extension.exists() != value.exists()}"
"mii-lm-studie-logicalmodel","mii-lm-studie-logicalmodel.Beteiligter.Rolle","mii-lm-studie-logicalmodel.Beteiligter.Rolle","","","",0,*,"","","","string {[]} {[]}
","Rolle eines Beteiligten","Rolle eines Beteiligten","","","","","","","","","",,,,,"",,,,"mii-lm-studie-logicalmodel.Beteiligter.Rolle",0,*,"",""
"mii-lm-studie-logicalmodel","mii-lm-studie-logicalmodel.Beteiligter.Kontakt","mii-lm-studie-logicalmodel.Beteiligter.Kontakt","","","",0,*,"","","","BackboneElement {[]} {[]}
","Kontakt eines Beteiligten","Kontakt eines Beteiligten","","","","","","","","","",,,,,"",,,,"mii-lm-studie-logicalmodel.Beteiligter.Kontakt",0,*,"","ele-1:All FHIR elements must have a @value or children {hasValue() or (children().count() > id.count())}
"
"mii-lm-studie-logicalmodel","mii-lm-studie-logicalmodel.Beteiligter.Kontakt.id","mii-lm-studie-logicalmodel.Beteiligter.Kontakt.id","","","",0,1,"","","","string {[]} {[]}
","Unique id for inter-element referencing","Unique id for the element within a resource (for internal references). This may be any string value that does not contain spaces.","","","","","","","","","",,,,,"",,,,"Element.id",0,1,"",""
"mii-lm-studie-logicalmodel","mii-lm-studie-logicalmodel.Beteiligter.Kontakt.extension","mii-lm-studie-logicalmodel.Beteiligter.Kontakt.extension","","extensions
user content","",0,*,"","","","Extension {[]} {[]}
","Additional content defined by implementations","May be used to represent additional information that is not part of the basic definition of the element. To make the use of extensions safe and manageable, there is a strict set of governance  applied to the definition and use of extensions. Though any implementer can define an extension, there is a set of requirements that SHALL be met as part of the definition of the extension.","There can be no stigma associated with the use of extensions by any application, project, or standard - regardless of the institution or jurisdiction that uses or defines the extensions.  The use of extensions is what allows the FHIR specification to retain a core level of simplicity for everyone.","","","","","","","","",,,,,"","value:url}
","Extensions are always sliced by (at least) url",,"open","Element.extension",0,*,"","ele-1:All FHIR elements must have a @value or children {hasValue() or (children().count() > id.count())}
ext-1:Must have either extensions or value[x], not both {extension.exists() != value.exists()}"
"mii-lm-studie-logicalmodel","mii-lm-studie-logicalmodel.Beteiligter.Kontakt.modifierExtension","mii-lm-studie-logicalmodel.Beteiligter.Kontakt.modifierExtension","","extensions
user contentmodifiers","",0,*,"","Y","Y","Extension {[]} {[]}
","Extensions that cannot be ignored even if unrecognized","May be used to represent additional information that is not part of the basic definition of the element and that modifies the understanding of the element in which it is contained and/or the understanding of the containing element's descendants. Usually modifier elements provide negation or qualification. To make the use of extensions safe and manageable, there is a strict set of governance applied to the definition and use of extensions. Though any implementer can define an extension, there is a set of requirements that SHALL be met as part of the definition of the extension. Applications processing a resource are required to check for modifier extensions.

Modifier extensions SHALL NOT change the meaning of any elements on Resource or DomainResource (including cannot change the meaning of modifierExtension itself).","There can be no stigma associated with the use of extensions by any application, project, or standard - regardless of the institution or jurisdiction that uses or defines the extensions.  The use of extensions is what allows the FHIR specification to retain a core level of simplicity for everyone.","Modifier extensions allow for extensions that *cannot* be safely ignored to be clearly distinguished from the vast majority of extensions which can be safely ignored.  This promotes interoperability by eliminating the need for implementers to prohibit the presence of extensions. For further information, see the [definition of modifier extensions](http://hl7.org/fhir/R4/extensibility.html#modifierExtension).","","","","","","","",,,,,"",,,,"BackboneElement.modifierExtension",0,*,"","ele-1:All FHIR elements must have a @value or children {hasValue() or (children().count() > id.count())}
ext-1:Must have either extensions or value[x], not both {extension.exists() != value.exists()}"
"mii-lm-studie-logicalmodel","mii-lm-studie-logicalmodel.Beteiligter.Kontakt.Grad","mii-lm-studie-logicalmodel.Beteiligter.Kontakt.Grad","","","",0,*,"","","","string {[]} {[]}
","Grad eines Kontakts","Grad eines Kontakts","","","","","","","","","",,,,,"",,,,"mii-lm-studie-logicalmodel.Beteiligter.Kontakt.Grad",0,*,"",""
"mii-lm-studie-logicalmodel","mii-lm-studie-logicalmodel.Beteiligter.Kontakt.Vorname","mii-lm-studie-logicalmodel.Beteiligter.Kontakt.Vorname","","","",0,*,"","","","string {[]} {[]}
","Vorname eines Kontakts","Vorname eines Kontakts","","","","","","","","","",,,,,"",,,,"mii-lm-studie-logicalmodel.Beteiligter.Kontakt.Vorname",0,*,"",""
"mii-lm-studie-logicalmodel","mii-lm-studie-logicalmodel.Beteiligter.Kontakt.Nachname","mii-lm-studie-logicalmodel.Beteiligter.Kontakt.Nachname","","","",0,*,"","","","string {[]} {[]}
","Nachname eines Kontakts","Nachname eines Kontakts","","","","","","","","","",,,,,"",,,,"mii-lm-studie-logicalmodel.Beteiligter.Kontakt.Nachname",0,*,"",""
"mii-lm-studie-logicalmodel","mii-lm-studie-logicalmodel.Beteiligter.Kontakt.Adresse","mii-lm-studie-logicalmodel.Beteiligter.Kontakt.Adresse","","","",0,*,"","","","BackboneElement {[]} {[]}
","Adresse eines Kontakts","Adresse eines Kontakts","","","","","","","","","",,,,,"",,,,"mii-lm-studie-logicalmodel.Beteiligter.Kontakt.Adresse",0,*,"","ele-1:All FHIR elements must have a @value or children {hasValue() or (children().count() > id.count())}
"
"mii-lm-studie-logicalmodel","mii-lm-studie-logicalmodel.Beteiligter.Kontakt.Adresse.id","mii-lm-studie-logicalmodel.Beteiligter.Kontakt.Adresse.id","","","",0,1,"","","","string {[]} {[]}
","Unique id for inter-element referencing","Unique id for the element within a resource (for internal references). This may be any string value that does not contain spaces.","","","","","","","","","",,,,,"",,,,"Element.id",0,1,"",""
"mii-lm-studie-logicalmodel","mii-lm-studie-logicalmodel.Beteiligter.Kontakt.Adresse.extension","mii-lm-studie-logicalmodel.Beteiligter.Kontakt.Adresse.extension","","extensions
user content","",0,*,"","","","Extension {[]} {[]}
","Additional content defined by implementations","May be used to represent additional information that is not part of the basic definition of the element. To make the use of extensions safe and manageable, there is a strict set of governance  applied to the definition and use of extensions. Though any implementer can define an extension, there is a set of requirements that SHALL be met as part of the definition of the extension.","There can be no stigma associated with the use of extensions by any application, project, or standard - regardless of the institution or jurisdiction that uses or defines the extensions.  The use of extensions is what allows the FHIR specification to retain a core level of simplicity for everyone.","","","","","","","","",,,,,"","value:url}
","Extensions are always sliced by (at least) url",,"open","Element.extension",0,*,"","ele-1:All FHIR elements must have a @value or children {hasValue() or (children().count() > id.count())}
ext-1:Must have either extensions or value[x], not both {extension.exists() != value.exists()}"
"mii-lm-studie-logicalmodel","mii-lm-studie-logicalmodel.Beteiligter.Kontakt.Adresse.modifierExtension","mii-lm-studie-logicalmodel.Beteiligter.Kontakt.Adresse.modifierExtension","","extensions
user contentmodifiers","",0,*,"","Y","Y","Extension {[]} {[]}
","Extensions that cannot be ignored even if unrecognized","May be used to represent additional information that is not part of the basic definition of the element and that modifies the understanding of the element in which it is contained and/or the understanding of the containing element's descendants. Usually modifier elements provide negation or qualification. To make the use of extensions safe and manageable, there is a strict set of governance applied to the definition and use of extensions. Though any implementer can define an extension, there is a set of requirements that SHALL be met as part of the definition of the extension. Applications processing a resource are required to check for modifier extensions.

Modifier extensions SHALL NOT change the meaning of any elements on Resource or DomainResource (including cannot change the meaning of modifierExtension itself).","There can be no stigma associated with the use of extensions by any application, project, or standard - regardless of the institution or jurisdiction that uses or defines the extensions.  The use of extensions is what allows the FHIR specification to retain a core level of simplicity for everyone.","Modifier extensions allow for extensions that *cannot* be safely ignored to be clearly distinguished from the vast majority of extensions which can be safely ignored.  This promotes interoperability by eliminating the need for implementers to prohibit the presence of extensions. For further information, see the [definition of modifier extensions](http://hl7.org/fhir/R4/extensibility.html#modifierExtension).","","","","","","","",,,,,"",,,,"BackboneElement.modifierExtension",0,*,"","ele-1:All FHIR elements must have a @value or children {hasValue() or (children().count() > id.count())}
ext-1:Must have either extensions or value[x], not both {extension.exists() != value.exists()}"
"mii-lm-studie-logicalmodel","mii-lm-studie-logicalmodel.Beteiligter.Kontakt.Adresse.Strasse","mii-lm-studie-logicalmodel.Beteiligter.Kontakt.Adresse.Strasse","","","",0,*,"","","","string {[]} {[]}
","Strasse einer Adresse","Strasse einer Adresse","","","","","","","","","",,,,,"",,,,"mii-lm-studie-logicalmodel.Beteiligter.Kontakt.Adresse.Strasse",0,*,"",""
"mii-lm-studie-logicalmodel","mii-lm-studie-logicalmodel.Beteiligter.Kontakt.Adresse.Hausnummer","mii-lm-studie-logicalmodel.Beteiligter.Kontakt.Adresse.Hausnummer","","","",0,*,"","","","string {[]} {[]}
","Hausnummer einer Adresse","Hausnummer einer Adresse","","","","","","","","","",,,,,"",,,,"mii-lm-studie-logicalmodel.Beteiligter.Kontakt.Adresse.Hausnummer",0,*,"",""
"mii-lm-studie-logicalmodel","mii-lm-studie-logicalmodel.Beteiligter.Kontakt.Adresse.PLZ","mii-lm-studie-logicalmodel.Beteiligter.Kontakt.Adresse.PLZ","","","",0,*,"","","","string {[]} {[]}
","PLZ einer Adresse","PLZ einer Adresse","","","","","","","","","",,,,,"",,,,"mii-lm-studie-logicalmodel.Beteiligter.Kontakt.Adresse.PLZ",0,*,"",""
"mii-lm-studie-logicalmodel","mii-lm-studie-logicalmodel.Beteiligter.Kontakt.Adresse.Wohnort","mii-lm-studie-logicalmodel.Beteiligter.Kontakt.Adresse.Wohnort","","","",0,*,"","","","string {[]} {[]}
","Wohnort einer Adresse","Wohnort einer Adresse","","","","","","","","","",,,,,"",,,,"mii-lm-studie-logicalmodel.Beteiligter.Kontakt.Adresse.Wohnort",0,*,"",""
"mii-lm-studie-logicalmodel","mii-lm-studie-logicalmodel.Beteiligter.Kontakt.Adresse.Land","mii-lm-studie-logicalmodel.Beteiligter.Kontakt.Adresse.Land","","","",0,*,"","","","code {[]} {[]}
","Land einer Adresse","Land einer Adresse","","","","","","","","","",,,,,"",,,,"mii-lm-studie-logicalmodel.Beteiligter.Kontakt.Adresse.Land",0,*,"",""
"mii-lm-studie-logicalmodel","mii-lm-studie-logicalmodel.Beteiligter.Kontakt.Email","mii-lm-studie-logicalmodel.Beteiligter.Kontakt.Email","","","",0,*,"","","","string {[]} {[]}
","Email eines Kontakts","Email eines Kontakts","","","","","","","","","",,,,,"",,,,"mii-lm-studie-logicalmodel.Beteiligter.Kontakt.Email",0,*,"",""
"mii-lm-studie-logicalmodel","mii-lm-studie-logicalmodel.Beteiligter.Kontakt.Tel","mii-lm-studie-logicalmodel.Beteiligter.Kontakt.Tel","","","",0,*,"","","","string {[]} {[]}
","Telefonnummer eines Kontakts","Telefonnummer eines Kontakts","","","","","","","","","",,,,,"",,,,"mii-lm-studie-logicalmodel.Beteiligter.Kontakt.Tel",0,*,"",""
"mii-lm-studie-logicalmodel","mii-lm-studie-logicalmodel.Beteiligter.Kontakt.Zugehoerigkeit","mii-lm-studie-logicalmodel.Beteiligter.Kontakt.Zugehoerigkeit","","","",0,*,"","","","string {[]} {[]}
","Zugehoerigkeit eines Kontakts","Zugehoerigkeit eines Kontakts","","","","","","","","","",,,,,"",,,,"mii-lm-studie-logicalmodel.Beteiligter.Kontakt.Zugehoerigkeit",0,*,"",""
"mii-lm-studie-logicalmodel","mii-lm-studie-logicalmodel.Beteiligter.Standort","mii-lm-studie-logicalmodel.Beteiligter.Standort","","","",0,*,"","","","BackboneElement {[]} {[]}
","Standort eines Beteiligten","Standort eines Beteiligten","","","","","","","","","",,,,,"",,,,"mii-lm-studie-logicalmodel.Beteiligter.Standort",0,*,"","ele-1:All FHIR elements must have a @value or children {hasValue() or (children().count() > id.count())}
"
"mii-lm-studie-logicalmodel","mii-lm-studie-logicalmodel.Beteiligter.Standort.id","mii-lm-studie-logicalmodel.Beteiligter.Standort.id","","","",0,1,"","","","string {[]} {[]}
","Unique id for inter-element referencing","Unique id for the element within a resource (for internal references). This may be any string value that does not contain spaces.","","","","","","","","","",,,,,"",,,,"Element.id",0,1,"",""
"mii-lm-studie-logicalmodel","mii-lm-studie-logicalmodel.Beteiligter.Standort.extension","mii-lm-studie-logicalmodel.Beteiligter.Standort.extension","","extensions
user content","",0,*,"","","","Extension {[]} {[]}
","Additional content defined by implementations","May be used to represent additional information that is not part of the basic definition of the element. To make the use of extensions safe and manageable, there is a strict set of governance  applied to the definition and use of extensions. Though any implementer can define an extension, there is a set of requirements that SHALL be met as part of the definition of the extension.","There can be no stigma associated with the use of extensions by any application, project, or standard - regardless of the institution or jurisdiction that uses or defines the extensions.  The use of extensions is what allows the FHIR specification to retain a core level of simplicity for everyone.","","","","","","","","",,,,,"","value:url}
","Extensions are always sliced by (at least) url",,"open","Element.extension",0,*,"","ele-1:All FHIR elements must have a @value or children {hasValue() or (children().count() > id.count())}
ext-1:Must have either extensions or value[x], not both {extension.exists() != value.exists()}"
"mii-lm-studie-logicalmodel","mii-lm-studie-logicalmodel.Beteiligter.Standort.modifierExtension","mii-lm-studie-logicalmodel.Beteiligter.Standort.modifierExtension","","extensions
user contentmodifiers","",0,*,"","Y","Y","Extension {[]} {[]}
","Extensions that cannot be ignored even if unrecognized","May be used to represent additional information that is not part of the basic definition of the element and that modifies the understanding of the element in which it is contained and/or the understanding of the containing element's descendants. Usually modifier elements provide negation or qualification. To make the use of extensions safe and manageable, there is a strict set of governance applied to the definition and use of extensions. Though any implementer can define an extension, there is a set of requirements that SHALL be met as part of the definition of the extension. Applications processing a resource are required to check for modifier extensions.

Modifier extensions SHALL NOT change the meaning of any elements on Resource or DomainResource (including cannot change the meaning of modifierExtension itself).","There can be no stigma associated with the use of extensions by any application, project, or standard - regardless of the institution or jurisdiction that uses or defines the extensions.  The use of extensions is what allows the FHIR specification to retain a core level of simplicity for everyone.","Modifier extensions allow for extensions that *cannot* be safely ignored to be clearly distinguished from the vast majority of extensions which can be safely ignored.  This promotes interoperability by eliminating the need for implementers to prohibit the presence of extensions. For further information, see the [definition of modifier extensions](http://hl7.org/fhir/R4/extensibility.html#modifierExtension).","","","","","","","",,,,,"",,,,"BackboneElement.modifierExtension",0,*,"","ele-1:All FHIR elements must have a @value or children {hasValue() or (children().count() > id.count())}
ext-1:Must have either extensions or value[x], not both {extension.exists() != value.exists()}"
"mii-lm-studie-logicalmodel","mii-lm-studie-logicalmodel.Beteiligter.Standort.Adresse","mii-lm-studie-logicalmodel.Beteiligter.Standort.Adresse","","","",0,*,"","","","BackboneElement {[]} {[]}
","Adresse eines Standorts","Adresse eines Standorts","","","","","","","","","",,,,,"",,,,"mii-lm-studie-logicalmodel.Beteiligter.Standort.Adresse",0,*,"","ele-1:All FHIR elements must have a @value or children {hasValue() or (children().count() > id.count())}
"
"mii-lm-studie-logicalmodel","mii-lm-studie-logicalmodel.Beteiligter.Standort.Adresse.id","mii-lm-studie-logicalmodel.Beteiligter.Standort.Adresse.id","","","",0,1,"","","","string {[]} {[]}
","Unique id for inter-element referencing","Unique id for the element within a resource (for internal references). This may be any string value that does not contain spaces.","","","","","","","","","",,,,,"",,,,"Element.id",0,1,"",""
"mii-lm-studie-logicalmodel","mii-lm-studie-logicalmodel.Beteiligter.Standort.Adresse.extension","mii-lm-studie-logicalmodel.Beteiligter.Standort.Adresse.extension","","extensions
user content","",0,*,"","","","Extension {[]} {[]}
","Additional content defined by implementations","May be used to represent additional information that is not part of the basic definition of the element. To make the use of extensions safe and manageable, there is a strict set of governance  applied to the definition and use of extensions. Though any implementer can define an extension, there is a set of requirements that SHALL be met as part of the definition of the extension.","There can be no stigma associated with the use of extensions by any application, project, or standard - regardless of the institution or jurisdiction that uses or defines the extensions.  The use of extensions is what allows the FHIR specification to retain a core level of simplicity for everyone.","","","","","","","","",,,,,"","value:url}
","Extensions are always sliced by (at least) url",,"open","Element.extension",0,*,"","ele-1:All FHIR elements must have a @value or children {hasValue() or (children().count() > id.count())}
ext-1:Must have either extensions or value[x], not both {extension.exists() != value.exists()}"
"mii-lm-studie-logicalmodel","mii-lm-studie-logicalmodel.Beteiligter.Standort.Adresse.modifierExtension","mii-lm-studie-logicalmodel.Beteiligter.Standort.Adresse.modifierExtension","","extensions
user contentmodifiers","",0,*,"","Y","Y","Extension {[]} {[]}
","Extensions that cannot be ignored even if unrecognized","May be used to represent additional information that is not part of the basic definition of the element and that modifies the understanding of the element in which it is contained and/or the understanding of the containing element's descendants. Usually modifier elements provide negation or qualification. To make the use of extensions safe and manageable, there is a strict set of governance applied to the definition and use of extensions. Though any implementer can define an extension, there is a set of requirements that SHALL be met as part of the definition of the extension. Applications processing a resource are required to check for modifier extensions.

Modifier extensions SHALL NOT change the meaning of any elements on Resource or DomainResource (including cannot change the meaning of modifierExtension itself).","There can be no stigma associated with the use of extensions by any application, project, or standard - regardless of the institution or jurisdiction that uses or defines the extensions.  The use of extensions is what allows the FHIR specification to retain a core level of simplicity for everyone.","Modifier extensions allow for extensions that *cannot* be safely ignored to be clearly distinguished from the vast majority of extensions which can be safely ignored.  This promotes interoperability by eliminating the need for implementers to prohibit the presence of extensions. For further information, see the [definition of modifier extensions](http://hl7.org/fhir/R4/extensibility.html#modifierExtension).","","","","","","","",,,,,"",,,,"BackboneElement.modifierExtension",0,*,"","ele-1:All FHIR elements must have a @value or children {hasValue() or (children().count() > id.count())}
ext-1:Must have either extensions or value[x], not both {extension.exists() != value.exists()}"
"mii-lm-studie-logicalmodel","mii-lm-studie-logicalmodel.Beteiligter.Standort.Adresse.Strasse","mii-lm-studie-logicalmodel.Beteiligter.Standort.Adresse.Strasse","","","",0,*,"","","","string {[]} {[]}
","Strasse einer Adresse","Strasse einer Adresse","","","","","","","","","",,,,,"",,,,"mii-lm-studie-logicalmodel.Beteiligter.Standort.Adresse.Strasse",0,*,"",""
"mii-lm-studie-logicalmodel","mii-lm-studie-logicalmodel.Beteiligter.Standort.Adresse.Hausnummer","mii-lm-studie-logicalmodel.Beteiligter.Standort.Adresse.Hausnummer","","","",0,*,"","","","string {[]} {[]}
","Hausnummer einer Adresse","Hausnummer einer Adresse","","","","","","","","","",,,,,"",,,,"mii-lm-studie-logicalmodel.Beteiligter.Standort.Adresse.Hausnummer",0,*,"",""
"mii-lm-studie-logicalmodel","mii-lm-studie-logicalmodel.Beteiligter.Standort.Adresse.PLZ","mii-lm-studie-logicalmodel.Beteiligter.Standort.Adresse.PLZ","","","",0,*,"","","","string {[]} {[]}
","PLZ einer Adresse","PLZ einer Adresse","","","","","","","","","",,,,,"",,,,"mii-lm-studie-logicalmodel.Beteiligter.Standort.Adresse.PLZ",0,*,"",""
"mii-lm-studie-logicalmodel","mii-lm-studie-logicalmodel.Beteiligter.Standort.Adresse.Wohnort","mii-lm-studie-logicalmodel.Beteiligter.Standort.Adresse.Wohnort","","","",0,*,"","","","string {[]} {[]}
","Wohnort einer Adresse","Wohnort einer Adresse","","","","","","","","","",,,,,"",,,,"mii-lm-studie-logicalmodel.Beteiligter.Standort.Adresse.Wohnort",0,*,"",""
"mii-lm-studie-logicalmodel","mii-lm-studie-logicalmodel.Beteiligter.Standort.Adresse.Land","mii-lm-studie-logicalmodel.Beteiligter.Standort.Adresse.Land","","","",0,*,"","","","code {[]} {[]}
","Land einer Adresse","Land einer Adresse","","","","","","","","","",,,,,"",,,,"mii-lm-studie-logicalmodel.Beteiligter.Standort.Adresse.Land",0,*,"",""
"mii-lm-studie-logicalmodel","mii-lm-studie-logicalmodel.Studienleiter","mii-lm-studie-logicalmodel.Studienleiter","","","",0,*,"","","","BackboneElement {[]} {[]}
","Studienleiter eines Forschungsvorhabens","Studienleiter eines Forschungsvorhabens","","","","","","","","","",,,,,"",,,,"mii-lm-studie-logicalmodel.Studienleiter",0,*,"","ele-1:All FHIR elements must have a @value or children {hasValue() or (children().count() > id.count())}
"
"mii-lm-studie-logicalmodel","mii-lm-studie-logicalmodel.Studienleiter.id","mii-lm-studie-logicalmodel.Studienleiter.id","","","",0,1,"","","","string {[]} {[]}
","Unique id for inter-element referencing","Unique id for the element within a resource (for internal references). This may be any string value that does not contain spaces.","","","","","","","","","",,,,,"",,,,"Element.id",0,1,"",""
"mii-lm-studie-logicalmodel","mii-lm-studie-logicalmodel.Studienleiter.extension","mii-lm-studie-logicalmodel.Studienleiter.extension","","extensions
user content","",0,*,"","","","Extension {[]} {[]}
","Additional content defined by implementations","May be used to represent additional information that is not part of the basic definition of the element. To make the use of extensions safe and manageable, there is a strict set of governance  applied to the definition and use of extensions. Though any implementer can define an extension, there is a set of requirements that SHALL be met as part of the definition of the extension.","There can be no stigma associated with the use of extensions by any application, project, or standard - regardless of the institution or jurisdiction that uses or defines the extensions.  The use of extensions is what allows the FHIR specification to retain a core level of simplicity for everyone.","","","","","","","","",,,,,"","value:url}
","Extensions are always sliced by (at least) url",,"open","Element.extension",0,*,"","ele-1:All FHIR elements must have a @value or children {hasValue() or (children().count() > id.count())}
ext-1:Must have either extensions or value[x], not both {extension.exists() != value.exists()}"
"mii-lm-studie-logicalmodel","mii-lm-studie-logicalmodel.Studienleiter.modifierExtension","mii-lm-studie-logicalmodel.Studienleiter.modifierExtension","","extensions
user contentmodifiers","",0,*,"","Y","Y","Extension {[]} {[]}
","Extensions that cannot be ignored even if unrecognized","May be used to represent additional information that is not part of the basic definition of the element and that modifies the understanding of the element in which it is contained and/or the understanding of the containing element's descendants. Usually modifier elements provide negation or qualification. To make the use of extensions safe and manageable, there is a strict set of governance applied to the definition and use of extensions. Though any implementer can define an extension, there is a set of requirements that SHALL be met as part of the definition of the extension. Applications processing a resource are required to check for modifier extensions.

Modifier extensions SHALL NOT change the meaning of any elements on Resource or DomainResource (including cannot change the meaning of modifierExtension itself).","There can be no stigma associated with the use of extensions by any application, project, or standard - regardless of the institution or jurisdiction that uses or defines the extensions.  The use of extensions is what allows the FHIR specification to retain a core level of simplicity for everyone.","Modifier extensions allow for extensions that *cannot* be safely ignored to be clearly distinguished from the vast majority of extensions which can be safely ignored.  This promotes interoperability by eliminating the need for implementers to prohibit the presence of extensions. For further information, see the [definition of modifier extensions](http://hl7.org/fhir/R4/extensibility.html#modifierExtension).","","","","","","","",,,,,"",,,,"BackboneElement.modifierExtension",0,*,"","ele-1:All FHIR elements must have a @value or children {hasValue() or (children().count() > id.count())}
ext-1:Must have either extensions or value[x], not both {extension.exists() != value.exists()}"
"mii-lm-studie-logicalmodel","mii-lm-studie-logicalmodel.Studienleiter.Kontakt","mii-lm-studie-logicalmodel.Studienleiter.Kontakt","","","",0,*,"","","","BackboneElement {[]} {[]}
","Kontakt eines Studienleiters","Kontakt eines Studienleiters","","","","","","","","","",,,,,"",,,,"mii-lm-studie-logicalmodel.Studienleiter.Kontakt",0,*,"","ele-1:All FHIR elements must have a @value or children {hasValue() or (children().count() > id.count())}
"
"mii-lm-studie-logicalmodel","mii-lm-studie-logicalmodel.Studienleiter.Kontakt.id","mii-lm-studie-logicalmodel.Studienleiter.Kontakt.id","","","",0,1,"","","","string {[]} {[]}
","Unique id for inter-element referencing","Unique id for the element within a resource (for internal references). This may be any string value that does not contain spaces.","","","","","","","","","",,,,,"",,,,"Element.id",0,1,"",""
"mii-lm-studie-logicalmodel","mii-lm-studie-logicalmodel.Studienleiter.Kontakt.extension","mii-lm-studie-logicalmodel.Studienleiter.Kontakt.extension","","extensions
user content","",0,*,"","","","Extension {[]} {[]}
","Additional content defined by implementations","May be used to represent additional information that is not part of the basic definition of the element. To make the use of extensions safe and manageable, there is a strict set of governance  applied to the definition and use of extensions. Though any implementer can define an extension, there is a set of requirements that SHALL be met as part of the definition of the extension.","There can be no stigma associated with the use of extensions by any application, project, or standard - regardless of the institution or jurisdiction that uses or defines the extensions.  The use of extensions is what allows the FHIR specification to retain a core level of simplicity for everyone.","","","","","","","","",,,,,"","value:url}
","Extensions are always sliced by (at least) url",,"open","Element.extension",0,*,"","ele-1:All FHIR elements must have a @value or children {hasValue() or (children().count() > id.count())}
ext-1:Must have either extensions or value[x], not both {extension.exists() != value.exists()}"
"mii-lm-studie-logicalmodel","mii-lm-studie-logicalmodel.Studienleiter.Kontakt.modifierExtension","mii-lm-studie-logicalmodel.Studienleiter.Kontakt.modifierExtension","","extensions
user contentmodifiers","",0,*,"","Y","Y","Extension {[]} {[]}
","Extensions that cannot be ignored even if unrecognized","May be used to represent additional information that is not part of the basic definition of the element and that modifies the understanding of the element in which it is contained and/or the understanding of the containing element's descendants. Usually modifier elements provide negation or qualification. To make the use of extensions safe and manageable, there is a strict set of governance applied to the definition and use of extensions. Though any implementer can define an extension, there is a set of requirements that SHALL be met as part of the definition of the extension. Applications processing a resource are required to check for modifier extensions.

Modifier extensions SHALL NOT change the meaning of any elements on Resource or DomainResource (including cannot change the meaning of modifierExtension itself).","There can be no stigma associated with the use of extensions by any application, project, or standard - regardless of the institution or jurisdiction that uses or defines the extensions.  The use of extensions is what allows the FHIR specification to retain a core level of simplicity for everyone.","Modifier extensions allow for extensions that *cannot* be safely ignored to be clearly distinguished from the vast majority of extensions which can be safely ignored.  This promotes interoperability by eliminating the need for implementers to prohibit the presence of extensions. For further information, see the [definition of modifier extensions](http://hl7.org/fhir/R4/extensibility.html#modifierExtension).","","","","","","","",,,,,"",,,,"BackboneElement.modifierExtension",0,*,"","ele-1:All FHIR elements must have a @value or children {hasValue() or (children().count() > id.count())}
ext-1:Must have either extensions or value[x], not both {extension.exists() != value.exists()}"
"mii-lm-studie-logicalmodel","mii-lm-studie-logicalmodel.Studienleiter.Kontakt.Grad","mii-lm-studie-logicalmodel.Studienleiter.Kontakt.Grad","","","",0,*,"","","","string {[]} {[]}
","Grad eines Kontakts","Grad eines Kontakts","","","","","","","","","",,,,,"",,,,"mii-lm-studie-logicalmodel.Studienleiter.Kontakt.Grad",0,*,"",""
"mii-lm-studie-logicalmodel","mii-lm-studie-logicalmodel.Studienleiter.Kontakt.Vorname","mii-lm-studie-logicalmodel.Studienleiter.Kontakt.Vorname","","","",0,*,"","","","string {[]} {[]}
","Vorname eines Kontakts","Vorname eines Kontakts","","","","","","","","","",,,,,"",,,,"mii-lm-studie-logicalmodel.Studienleiter.Kontakt.Vorname",0,*,"",""
"mii-lm-studie-logicalmodel","mii-lm-studie-logicalmodel.Studienleiter.Kontakt.Nachname","mii-lm-studie-logicalmodel.Studienleiter.Kontakt.Nachname","","","",0,*,"","","","string {[]} {[]}
","Nachname eines Kontakts","Nachname eines Kontakts","","","","","","","","","",,,,,"",,,,"mii-lm-studie-logicalmodel.Studienleiter.Kontakt.Nachname",0,*,"",""
"mii-lm-studie-logicalmodel","mii-lm-studie-logicalmodel.Studienleiter.Kontakt.Adresse","mii-lm-studie-logicalmodel.Studienleiter.Kontakt.Adresse","","","",0,*,"","","","BackboneElement {[]} {[]}
","Adresse eines Kontakts","Adresse eines Kontakts","","","","","","","","","",,,,,"",,,,"mii-lm-studie-logicalmodel.Studienleiter.Kontakt.Adresse",0,*,"","ele-1:All FHIR elements must have a @value or children {hasValue() or (children().count() > id.count())}
"
"mii-lm-studie-logicalmodel","mii-lm-studie-logicalmodel.Studienleiter.Kontakt.Adresse.id","mii-lm-studie-logicalmodel.Studienleiter.Kontakt.Adresse.id","","","",0,1,"","","","string {[]} {[]}
","Unique id for inter-element referencing","Unique id for the element within a resource (for internal references). This may be any string value that does not contain spaces.","","","","","","","","","",,,,,"",,,,"Element.id",0,1,"",""
"mii-lm-studie-logicalmodel","mii-lm-studie-logicalmodel.Studienleiter.Kontakt.Adresse.extension","mii-lm-studie-logicalmodel.Studienleiter.Kontakt.Adresse.extension","","extensions
user content","",0,*,"","","","Extension {[]} {[]}
","Additional content defined by implementations","May be used to represent additional information that is not part of the basic definition of the element. To make the use of extensions safe and manageable, there is a strict set of governance  applied to the definition and use of extensions. Though any implementer can define an extension, there is a set of requirements that SHALL be met as part of the definition of the extension.","There can be no stigma associated with the use of extensions by any application, project, or standard - regardless of the institution or jurisdiction that uses or defines the extensions.  The use of extensions is what allows the FHIR specification to retain a core level of simplicity for everyone.","","","","","","","","",,,,,"","value:url}
","Extensions are always sliced by (at least) url",,"open","Element.extension",0,*,"","ele-1:All FHIR elements must have a @value or children {hasValue() or (children().count() > id.count())}
ext-1:Must have either extensions or value[x], not both {extension.exists() != value.exists()}"
"mii-lm-studie-logicalmodel","mii-lm-studie-logicalmodel.Studienleiter.Kontakt.Adresse.modifierExtension","mii-lm-studie-logicalmodel.Studienleiter.Kontakt.Adresse.modifierExtension","","extensions
user contentmodifiers","",0,*,"","Y","Y","Extension {[]} {[]}
","Extensions that cannot be ignored even if unrecognized","May be used to represent additional information that is not part of the basic definition of the element and that modifies the understanding of the element in which it is contained and/or the understanding of the containing element's descendants. Usually modifier elements provide negation or qualification. To make the use of extensions safe and manageable, there is a strict set of governance applied to the definition and use of extensions. Though any implementer can define an extension, there is a set of requirements that SHALL be met as part of the definition of the extension. Applications processing a resource are required to check for modifier extensions.

Modifier extensions SHALL NOT change the meaning of any elements on Resource or DomainResource (including cannot change the meaning of modifierExtension itself).","There can be no stigma associated with the use of extensions by any application, project, or standard - regardless of the institution or jurisdiction that uses or defines the extensions.  The use of extensions is what allows the FHIR specification to retain a core level of simplicity for everyone.","Modifier extensions allow for extensions that *cannot* be safely ignored to be clearly distinguished from the vast majority of extensions which can be safely ignored.  This promotes interoperability by eliminating the need for implementers to prohibit the presence of extensions. For further information, see the [definition of modifier extensions](http://hl7.org/fhir/R4/extensibility.html#modifierExtension).","","","","","","","",,,,,"",,,,"BackboneElement.modifierExtension",0,*,"","ele-1:All FHIR elements must have a @value or children {hasValue() or (children().count() > id.count())}
ext-1:Must have either extensions or value[x], not both {extension.exists() != value.exists()}"
"mii-lm-studie-logicalmodel","mii-lm-studie-logicalmodel.Studienleiter.Kontakt.Adresse.Strasse","mii-lm-studie-logicalmodel.Studienleiter.Kontakt.Adresse.Strasse","","","",0,*,"","","","string {[]} {[]}
","Strasse einer Adresse","Strasse einer Adresse","","","","","","","","","",,,,,"",,,,"mii-lm-studie-logicalmodel.Studienleiter.Kontakt.Adresse.Strasse",0,*,"",""
"mii-lm-studie-logicalmodel","mii-lm-studie-logicalmodel.Studienleiter.Kontakt.Adresse.Hausnummer","mii-lm-studie-logicalmodel.Studienleiter.Kontakt.Adresse.Hausnummer","","","",0,*,"","","","string {[]} {[]}
","Hausnummer einer Adresse","Hausnummer einer Adresse","","","","","","","","","",,,,,"",,,,"mii-lm-studie-logicalmodel.Studienleiter.Kontakt.Adresse.Hausnummer",0,*,"",""
"mii-lm-studie-logicalmodel","mii-lm-studie-logicalmodel.Studienleiter.Kontakt.Adresse.PLZ","mii-lm-studie-logicalmodel.Studienleiter.Kontakt.Adresse.PLZ","","","",0,*,"","","","string {[]} {[]}
","PLZ einer Adresse","PLZ einer Adresse","","","","","","","","","",,,,,"",,,,"mii-lm-studie-logicalmodel.Studienleiter.Kontakt.Adresse.PLZ",0,*,"",""
"mii-lm-studie-logicalmodel","mii-lm-studie-logicalmodel.Studienleiter.Kontakt.Adresse.Wohnort","mii-lm-studie-logicalmodel.Studienleiter.Kontakt.Adresse.Wohnort","","","",0,*,"","","","string {[]} {[]}
","Wohnort einer Adresse","Wohnort einer Adresse","","","","","","","","","",,,,,"",,,,"mii-lm-studie-logicalmodel.Studienleiter.Kontakt.Adresse.Wohnort",0,*,"",""
"mii-lm-studie-logicalmodel","mii-lm-studie-logicalmodel.Studienleiter.Kontakt.Adresse.Land","mii-lm-studie-logicalmodel.Studienleiter.Kontakt.Adresse.Land","","","",0,*,"","","","code {[]} {[]}
","Land einer Adresse","Land einer Adresse","","","","","","","","","",,,,,"",,,,"mii-lm-studie-logicalmodel.Studienleiter.Kontakt.Adresse.Land",0,*,"",""
"mii-lm-studie-logicalmodel","mii-lm-studie-logicalmodel.Studienleiter.Kontakt.Email","mii-lm-studie-logicalmodel.Studienleiter.Kontakt.Email","","","",0,*,"","","","string {[]} {[]}
","Email eines Kontakts","Email eines Kontakts","","","","","","","","","",,,,,"",,,,"mii-lm-studie-logicalmodel.Studienleiter.Kontakt.Email",0,*,"",""
"mii-lm-studie-logicalmodel","mii-lm-studie-logicalmodel.Studienleiter.Kontakt.Tel","mii-lm-studie-logicalmodel.Studienleiter.Kontakt.Tel","","","",0,*,"","","","string {[]} {[]}
","Telefonnummer eines Kontakts","Telefonnummer eines Kontakts","","","","","","","","","",,,,,"",,,,"mii-lm-studie-logicalmodel.Studienleiter.Kontakt.Tel",0,*,"",""
"mii-lm-studie-logicalmodel","mii-lm-studie-logicalmodel.Studienleiter.Kontakt.Zugehoerigkeit","mii-lm-studie-logicalmodel.Studienleiter.Kontakt.Zugehoerigkeit","","","",0,*,"","","","string {[]} {[]}
","Zugehoerigkeit eines Kontakts","Zugehoerigkeit eines Kontakts","","","","","","","","","",,,,,"",,,,"mii-lm-studie-logicalmodel.Studienleiter.Kontakt.Zugehoerigkeit",0,*,"",""
"mii-lm-studie-logicalmodel","mii-lm-studie-logicalmodel.Studienleiter.Standort","mii-lm-studie-logicalmodel.Studienleiter.Standort","","","",0,*,"","","","BackboneElement {[]} {[]}
","Standort eines Studienleiters","Standort eines Studienleiters","","","","","","","","","",,,,,"",,,,"mii-lm-studie-logicalmodel.Studienleiter.Standort",0,*,"","ele-1:All FHIR elements must have a @value or children {hasValue() or (children().count() > id.count())}
"
"mii-lm-studie-logicalmodel","mii-lm-studie-logicalmodel.Studienleiter.Standort.id","mii-lm-studie-logicalmodel.Studienleiter.Standort.id","","","",0,1,"","","","string {[]} {[]}
","Unique id for inter-element referencing","Unique id for the element within a resource (for internal references). This may be any string value that does not contain spaces.","","","","","","","","","",,,,,"",,,,"Element.id",0,1,"",""
"mii-lm-studie-logicalmodel","mii-lm-studie-logicalmodel.Studienleiter.Standort.extension","mii-lm-studie-logicalmodel.Studienleiter.Standort.extension","","extensions
user content","",0,*,"","","","Extension {[]} {[]}
","Additional content defined by implementations","May be used to represent additional information that is not part of the basic definition of the element. To make the use of extensions safe and manageable, there is a strict set of governance  applied to the definition and use of extensions. Though any implementer can define an extension, there is a set of requirements that SHALL be met as part of the definition of the extension.","There can be no stigma associated with the use of extensions by any application, project, or standard - regardless of the institution or jurisdiction that uses or defines the extensions.  The use of extensions is what allows the FHIR specification to retain a core level of simplicity for everyone.","","","","","","","","",,,,,"","value:url}
","Extensions are always sliced by (at least) url",,"open","Element.extension",0,*,"","ele-1:All FHIR elements must have a @value or children {hasValue() or (children().count() > id.count())}
ext-1:Must have either extensions or value[x], not both {extension.exists() != value.exists()}"
"mii-lm-studie-logicalmodel","mii-lm-studie-logicalmodel.Studienleiter.Standort.modifierExtension","mii-lm-studie-logicalmodel.Studienleiter.Standort.modifierExtension","","extensions
user contentmodifiers","",0,*,"","Y","Y","Extension {[]} {[]}
","Extensions that cannot be ignored even if unrecognized","May be used to represent additional information that is not part of the basic definition of the element and that modifies the understanding of the element in which it is contained and/or the understanding of the containing element's descendants. Usually modifier elements provide negation or qualification. To make the use of extensions safe and manageable, there is a strict set of governance applied to the definition and use of extensions. Though any implementer can define an extension, there is a set of requirements that SHALL be met as part of the definition of the extension. Applications processing a resource are required to check for modifier extensions.

Modifier extensions SHALL NOT change the meaning of any elements on Resource or DomainResource (including cannot change the meaning of modifierExtension itself).","There can be no stigma associated with the use of extensions by any application, project, or standard - regardless of the institution or jurisdiction that uses or defines the extensions.  The use of extensions is what allows the FHIR specification to retain a core level of simplicity for everyone.","Modifier extensions allow for extensions that *cannot* be safely ignored to be clearly distinguished from the vast majority of extensions which can be safely ignored.  This promotes interoperability by eliminating the need for implementers to prohibit the presence of extensions. For further information, see the [definition of modifier extensions](http://hl7.org/fhir/R4/extensibility.html#modifierExtension).","","","","","","","",,,,,"",,,,"BackboneElement.modifierExtension",0,*,"","ele-1:All FHIR elements must have a @value or children {hasValue() or (children().count() > id.count())}
ext-1:Must have either extensions or value[x], not both {extension.exists() != value.exists()}"
"mii-lm-studie-logicalmodel","mii-lm-studie-logicalmodel.Studienleiter.Standort.Strasse","mii-lm-studie-logicalmodel.Studienleiter.Standort.Strasse","","","",0,*,"","","","string {[]} {[]}
","Strasse einer Adresse","Strasse einer Adresse","","","","","","","","","",,,,,"",,,,"mii-lm-studie-logicalmodel.Studienleiter.Standort.Strasse",0,*,"",""
"mii-lm-studie-logicalmodel","mii-lm-studie-logicalmodel.Studienleiter.Standort.Adresse","mii-lm-studie-logicalmodel.Studienleiter.Standort.Adresse","","","",0,*,"","","","BackboneElement {[]} {[]}
","Adresse eines Standorts","Adresse eines Standorts","","","","","","","","","",,,,,"",,,,"mii-lm-studie-logicalmodel.Studienleiter.Standort.Adresse",0,*,"","ele-1:All FHIR elements must have a @value or children {hasValue() or (children().count() > id.count())}
"
"mii-lm-studie-logicalmodel","mii-lm-studie-logicalmodel.Studienleiter.Standort.Adresse.id","mii-lm-studie-logicalmodel.Studienleiter.Standort.Adresse.id","","","",0,1,"","","","string {[]} {[]}
","Unique id for inter-element referencing","Unique id for the element within a resource (for internal references). This may be any string value that does not contain spaces.","","","","","","","","","",,,,,"",,,,"Element.id",0,1,"",""
"mii-lm-studie-logicalmodel","mii-lm-studie-logicalmodel.Studienleiter.Standort.Adresse.extension","mii-lm-studie-logicalmodel.Studienleiter.Standort.Adresse.extension","","extensions
user content","",0,*,"","","","Extension {[]} {[]}
","Additional content defined by implementations","May be used to represent additional information that is not part of the basic definition of the element. To make the use of extensions safe and manageable, there is a strict set of governance  applied to the definition and use of extensions. Though any implementer can define an extension, there is a set of requirements that SHALL be met as part of the definition of the extension.","There can be no stigma associated with the use of extensions by any application, project, or standard - regardless of the institution or jurisdiction that uses or defines the extensions.  The use of extensions is what allows the FHIR specification to retain a core level of simplicity for everyone.","","","","","","","","",,,,,"","value:url}
","Extensions are always sliced by (at least) url",,"open","Element.extension",0,*,"","ele-1:All FHIR elements must have a @value or children {hasValue() or (children().count() > id.count())}
ext-1:Must have either extensions or value[x], not both {extension.exists() != value.exists()}"
"mii-lm-studie-logicalmodel","mii-lm-studie-logicalmodel.Studienleiter.Standort.Adresse.modifierExtension","mii-lm-studie-logicalmodel.Studienleiter.Standort.Adresse.modifierExtension","","extensions
user contentmodifiers","",0,*,"","Y","Y","Extension {[]} {[]}
","Extensions that cannot be ignored even if unrecognized","May be used to represent additional information that is not part of the basic definition of the element and that modifies the understanding of the element in which it is contained and/or the understanding of the containing element's descendants. Usually modifier elements provide negation or qualification. To make the use of extensions safe and manageable, there is a strict set of governance applied to the definition and use of extensions. Though any implementer can define an extension, there is a set of requirements that SHALL be met as part of the definition of the extension. Applications processing a resource are required to check for modifier extensions.

Modifier extensions SHALL NOT change the meaning of any elements on Resource or DomainResource (including cannot change the meaning of modifierExtension itself).","There can be no stigma associated with the use of extensions by any application, project, or standard - regardless of the institution or jurisdiction that uses or defines the extensions.  The use of extensions is what allows the FHIR specification to retain a core level of simplicity for everyone.","Modifier extensions allow for extensions that *cannot* be safely ignored to be clearly distinguished from the vast majority of extensions which can be safely ignored.  This promotes interoperability by eliminating the need for implementers to prohibit the presence of extensions. For further information, see the [definition of modifier extensions](http://hl7.org/fhir/R4/extensibility.html#modifierExtension).","","","","","","","",,,,,"",,,,"BackboneElement.modifierExtension",0,*,"","ele-1:All FHIR elements must have a @value or children {hasValue() or (children().count() > id.count())}
ext-1:Must have either extensions or value[x], not both {extension.exists() != value.exists()}"
"mii-lm-studie-logicalmodel","mii-lm-studie-logicalmodel.Studienleiter.Standort.Adresse.Strasse","mii-lm-studie-logicalmodel.Studienleiter.Standort.Adresse.Strasse","","","",0,*,"","","","string {[]} {[]}
","Strasse einer Adresse","Strasse einer Adresse","","","","","","","","","",,,,,"",,,,"mii-lm-studie-logicalmodel.Studienleiter.Standort.Adresse.Strasse",0,*,"",""
"mii-lm-studie-logicalmodel","mii-lm-studie-logicalmodel.Studienleiter.Standort.Adresse.Hausnummer","mii-lm-studie-logicalmodel.Studienleiter.Standort.Adresse.Hausnummer","","","",0,*,"","","","string {[]} {[]}
","Hausnummer einer Adresse","Hausnummer einer Adresse","","","","","","","","","",,,,,"",,,,"mii-lm-studie-logicalmodel.Studienleiter.Standort.Adresse.Hausnummer",0,*,"",""
"mii-lm-studie-logicalmodel","mii-lm-studie-logicalmodel.Studienleiter.Standort.Adresse.PLZ","mii-lm-studie-logicalmodel.Studienleiter.Standort.Adresse.PLZ","","","",0,*,"","","","string {[]} {[]}
","PLZ einer Adresse","PLZ einer Adresse","","","","","","","","","",,,,,"",,,,"mii-lm-studie-logicalmodel.Studienleiter.Standort.Adresse.PLZ",0,*,"",""
"mii-lm-studie-logicalmodel","mii-lm-studie-logicalmodel.Studienleiter.Standort.Adresse.Wohnort","mii-lm-studie-logicalmodel.Studienleiter.Standort.Adresse.Wohnort","","","",0,*,"","","","string {[]} {[]}
","Wohnort einer Adresse","Wohnort einer Adresse","","","","","","","","","",,,,,"",,,,"mii-lm-studie-logicalmodel.Studienleiter.Standort.Adresse.Wohnort",0,*,"",""
"mii-lm-studie-logicalmodel","mii-lm-studie-logicalmodel.Studienleiter.Standort.Adresse.Land","mii-lm-studie-logicalmodel.Studienleiter.Standort.Adresse.Land","","","",0,*,"","","","code {[]} {[]}
","Land einer Adresse","Land einer Adresse","","","","","","","","","",,,,,"",,,,"mii-lm-studie-logicalmodel.Studienleiter.Standort.Adresse.Land",0,*,"",""
"mii-lm-studie-logicalmodel","mii-lm-studie-logicalmodel.Sponsor","mii-lm-studie-logicalmodel.Sponsor","","","",0,*,"","","","BackboneElement {[]} {[]}
","Studienleiter eines Sponsors","Studienleiter eines Sponsors","","","","","","","","","",,,,,"",,,,"mii-lm-studie-logicalmodel.Sponsor",0,*,"","ele-1:All FHIR elements must have a @value or children {hasValue() or (children().count() > id.count())}
"
"mii-lm-studie-logicalmodel","mii-lm-studie-logicalmodel.Sponsor.id","mii-lm-studie-logicalmodel.Sponsor.id","","","",0,1,"","","","string {[]} {[]}
","Unique id for inter-element referencing","Unique id for the element within a resource (for internal references). This may be any string value that does not contain spaces.","","","","","","","","","",,,,,"",,,,"Element.id",0,1,"",""
"mii-lm-studie-logicalmodel","mii-lm-studie-logicalmodel.Sponsor.extension","mii-lm-studie-logicalmodel.Sponsor.extension","","extensions
user content","",0,*,"","","","Extension {[]} {[]}
","Additional content defined by implementations","May be used to represent additional information that is not part of the basic definition of the element. To make the use of extensions safe and manageable, there is a strict set of governance  applied to the definition and use of extensions. Though any implementer can define an extension, there is a set of requirements that SHALL be met as part of the definition of the extension.","There can be no stigma associated with the use of extensions by any application, project, or standard - regardless of the institution or jurisdiction that uses or defines the extensions.  The use of extensions is what allows the FHIR specification to retain a core level of simplicity for everyone.","","","","","","","","",,,,,"","value:url}
","Extensions are always sliced by (at least) url",,"open","Element.extension",0,*,"","ele-1:All FHIR elements must have a @value or children {hasValue() or (children().count() > id.count())}
ext-1:Must have either extensions or value[x], not both {extension.exists() != value.exists()}"
"mii-lm-studie-logicalmodel","mii-lm-studie-logicalmodel.Sponsor.modifierExtension","mii-lm-studie-logicalmodel.Sponsor.modifierExtension","","extensions
user contentmodifiers","",0,*,"","Y","Y","Extension {[]} {[]}
","Extensions that cannot be ignored even if unrecognized","May be used to represent additional information that is not part of the basic definition of the element and that modifies the understanding of the element in which it is contained and/or the understanding of the containing element's descendants. Usually modifier elements provide negation or qualification. To make the use of extensions safe and manageable, there is a strict set of governance applied to the definition and use of extensions. Though any implementer can define an extension, there is a set of requirements that SHALL be met as part of the definition of the extension. Applications processing a resource are required to check for modifier extensions.

Modifier extensions SHALL NOT change the meaning of any elements on Resource or DomainResource (including cannot change the meaning of modifierExtension itself).","There can be no stigma associated with the use of extensions by any application, project, or standard - regardless of the institution or jurisdiction that uses or defines the extensions.  The use of extensions is what allows the FHIR specification to retain a core level of simplicity for everyone.","Modifier extensions allow for extensions that *cannot* be safely ignored to be clearly distinguished from the vast majority of extensions which can be safely ignored.  This promotes interoperability by eliminating the need for implementers to prohibit the presence of extensions. For further information, see the [definition of modifier extensions](http://hl7.org/fhir/R4/extensibility.html#modifierExtension).","","","","","","","",,,,,"",,,,"BackboneElement.modifierExtension",0,*,"","ele-1:All FHIR elements must have a @value or children {hasValue() or (children().count() > id.count())}
ext-1:Must have either extensions or value[x], not both {extension.exists() != value.exists()}"
"mii-lm-studie-logicalmodel","mii-lm-studie-logicalmodel.Sponsor.Kontakt","mii-lm-studie-logicalmodel.Sponsor.Kontakt","","","",0,*,"","","","BackboneElement {[]} {[]}
","Kontakt eines Sponsors","Kontakt eines Sponsors","","","","","","","","","",,,,,"",,,,"mii-lm-studie-logicalmodel.Sponsor.Kontakt",0,*,"","ele-1:All FHIR elements must have a @value or children {hasValue() or (children().count() > id.count())}
"
"mii-lm-studie-logicalmodel","mii-lm-studie-logicalmodel.Sponsor.Kontakt.id","mii-lm-studie-logicalmodel.Sponsor.Kontakt.id","","","",0,1,"","","","string {[]} {[]}
","Unique id for inter-element referencing","Unique id for the element within a resource (for internal references). This may be any string value that does not contain spaces.","","","","","","","","","",,,,,"",,,,"Element.id",0,1,"",""
"mii-lm-studie-logicalmodel","mii-lm-studie-logicalmodel.Sponsor.Kontakt.extension","mii-lm-studie-logicalmodel.Sponsor.Kontakt.extension","","extensions
user content","",0,*,"","","","Extension {[]} {[]}
","Additional content defined by implementations","May be used to represent additional information that is not part of the basic definition of the element. To make the use of extensions safe and manageable, there is a strict set of governance  applied to the definition and use of extensions. Though any implementer can define an extension, there is a set of requirements that SHALL be met as part of the definition of the extension.","There can be no stigma associated with the use of extensions by any application, project, or standard - regardless of the institution or jurisdiction that uses or defines the extensions.  The use of extensions is what allows the FHIR specification to retain a core level of simplicity for everyone.","","","","","","","","",,,,,"","value:url}
","Extensions are always sliced by (at least) url",,"open","Element.extension",0,*,"","ele-1:All FHIR elements must have a @value or children {hasValue() or (children().count() > id.count())}
ext-1:Must have either extensions or value[x], not both {extension.exists() != value.exists()}"
"mii-lm-studie-logicalmodel","mii-lm-studie-logicalmodel.Sponsor.Kontakt.modifierExtension","mii-lm-studie-logicalmodel.Sponsor.Kontakt.modifierExtension","","extensions
user contentmodifiers","",0,*,"","Y","Y","Extension {[]} {[]}
","Extensions that cannot be ignored even if unrecognized","May be used to represent additional information that is not part of the basic definition of the element and that modifies the understanding of the element in which it is contained and/or the understanding of the containing element's descendants. Usually modifier elements provide negation or qualification. To make the use of extensions safe and manageable, there is a strict set of governance applied to the definition and use of extensions. Though any implementer can define an extension, there is a set of requirements that SHALL be met as part of the definition of the extension. Applications processing a resource are required to check for modifier extensions.

Modifier extensions SHALL NOT change the meaning of any elements on Resource or DomainResource (including cannot change the meaning of modifierExtension itself).","There can be no stigma associated with the use of extensions by any application, project, or standard - regardless of the institution or jurisdiction that uses or defines the extensions.  The use of extensions is what allows the FHIR specification to retain a core level of simplicity for everyone.","Modifier extensions allow for extensions that *cannot* be safely ignored to be clearly distinguished from the vast majority of extensions which can be safely ignored.  This promotes interoperability by eliminating the need for implementers to prohibit the presence of extensions. For further information, see the [definition of modifier extensions](http://hl7.org/fhir/R4/extensibility.html#modifierExtension).","","","","","","","",,,,,"",,,,"BackboneElement.modifierExtension",0,*,"","ele-1:All FHIR elements must have a @value or children {hasValue() or (children().count() > id.count())}
ext-1:Must have either extensions or value[x], not both {extension.exists() != value.exists()}"
"mii-lm-studie-logicalmodel","mii-lm-studie-logicalmodel.Sponsor.Kontakt.Grad","mii-lm-studie-logicalmodel.Sponsor.Kontakt.Grad","","","",0,*,"","","","string {[]} {[]}
","Grad eines Kontakts","Grad eines Kontakts","","","","","","","","","",,,,,"",,,,"mii-lm-studie-logicalmodel.Sponsor.Kontakt.Grad",0,*,"",""
"mii-lm-studie-logicalmodel","mii-lm-studie-logicalmodel.Sponsor.Kontakt.Vorname","mii-lm-studie-logicalmodel.Sponsor.Kontakt.Vorname","","","",0,*,"","","","string {[]} {[]}
","Vorname eines Kontakts","Vorname eines Kontakts","","","","","","","","","",,,,,"",,,,"mii-lm-studie-logicalmodel.Sponsor.Kontakt.Vorname",0,*,"",""
"mii-lm-studie-logicalmodel","mii-lm-studie-logicalmodel.Sponsor.Kontakt.Nachname","mii-lm-studie-logicalmodel.Sponsor.Kontakt.Nachname","","","",0,*,"","","","string {[]} {[]}
","Nachname eines Kontakts","Nachname eines Kontakts","","","","","","","","","",,,,,"",,,,"mii-lm-studie-logicalmodel.Sponsor.Kontakt.Nachname",0,*,"",""
"mii-lm-studie-logicalmodel","mii-lm-studie-logicalmodel.Sponsor.Kontakt.Adresse","mii-lm-studie-logicalmodel.Sponsor.Kontakt.Adresse","","","",0,*,"","","","BackboneElement {[]} {[]}
","Adresse eines Kontakts","Adresse eines Kontakts","","","","","","","","","",,,,,"",,,,"mii-lm-studie-logicalmodel.Sponsor.Kontakt.Adresse",0,*,"","ele-1:All FHIR elements must have a @value or children {hasValue() or (children().count() > id.count())}
"
"mii-lm-studie-logicalmodel","mii-lm-studie-logicalmodel.Sponsor.Kontakt.Adresse.id","mii-lm-studie-logicalmodel.Sponsor.Kontakt.Adresse.id","","","",0,1,"","","","string {[]} {[]}
","Unique id for inter-element referencing","Unique id for the element within a resource (for internal references). This may be any string value that does not contain spaces.","","","","","","","","","",,,,,"",,,,"Element.id",0,1,"",""
"mii-lm-studie-logicalmodel","mii-lm-studie-logicalmodel.Sponsor.Kontakt.Adresse.extension","mii-lm-studie-logicalmodel.Sponsor.Kontakt.Adresse.extension","","extensions
user content","",0,*,"","","","Extension {[]} {[]}
","Additional content defined by implementations","May be used to represent additional information that is not part of the basic definition of the element. To make the use of extensions safe and manageable, there is a strict set of governance  applied to the definition and use of extensions. Though any implementer can define an extension, there is a set of requirements that SHALL be met as part of the definition of the extension.","There can be no stigma associated with the use of extensions by any application, project, or standard - regardless of the institution or jurisdiction that uses or defines the extensions.  The use of extensions is what allows the FHIR specification to retain a core level of simplicity for everyone.","","","","","","","","",,,,,"","value:url}
","Extensions are always sliced by (at least) url",,"open","Element.extension",0,*,"","ele-1:All FHIR elements must have a @value or children {hasValue() or (children().count() > id.count())}
ext-1:Must have either extensions or value[x], not both {extension.exists() != value.exists()}"
"mii-lm-studie-logicalmodel","mii-lm-studie-logicalmodel.Sponsor.Kontakt.Adresse.modifierExtension","mii-lm-studie-logicalmodel.Sponsor.Kontakt.Adresse.modifierExtension","","extensions
user contentmodifiers","",0,*,"","Y","Y","Extension {[]} {[]}
","Extensions that cannot be ignored even if unrecognized","May be used to represent additional information that is not part of the basic definition of the element and that modifies the understanding of the element in which it is contained and/or the understanding of the containing element's descendants. Usually modifier elements provide negation or qualification. To make the use of extensions safe and manageable, there is a strict set of governance applied to the definition and use of extensions. Though any implementer can define an extension, there is a set of requirements that SHALL be met as part of the definition of the extension. Applications processing a resource are required to check for modifier extensions.

Modifier extensions SHALL NOT change the meaning of any elements on Resource or DomainResource (including cannot change the meaning of modifierExtension itself).","There can be no stigma associated with the use of extensions by any application, project, or standard - regardless of the institution or jurisdiction that uses or defines the extensions.  The use of extensions is what allows the FHIR specification to retain a core level of simplicity for everyone.","Modifier extensions allow for extensions that *cannot* be safely ignored to be clearly distinguished from the vast majority of extensions which can be safely ignored.  This promotes interoperability by eliminating the need for implementers to prohibit the presence of extensions. For further information, see the [definition of modifier extensions](http://hl7.org/fhir/R4/extensibility.html#modifierExtension).","","","","","","","",,,,,"",,,,"BackboneElement.modifierExtension",0,*,"","ele-1:All FHIR elements must have a @value or children {hasValue() or (children().count() > id.count())}
ext-1:Must have either extensions or value[x], not both {extension.exists() != value.exists()}"
"mii-lm-studie-logicalmodel","mii-lm-studie-logicalmodel.Sponsor.Kontakt.Adresse.Strasse","mii-lm-studie-logicalmodel.Sponsor.Kontakt.Adresse.Strasse","","","",0,*,"","","","string {[]} {[]}
","Strasse einer Adresse","Strasse einer Adresse","","","","","","","","","",,,,,"",,,,"mii-lm-studie-logicalmodel.Sponsor.Kontakt.Adresse.Strasse",0,*,"",""
"mii-lm-studie-logicalmodel","mii-lm-studie-logicalmodel.Sponsor.Kontakt.Adresse.Hausnummer","mii-lm-studie-logicalmodel.Sponsor.Kontakt.Adresse.Hausnummer","","","",0,*,"","","","string {[]} {[]}
","Hausnummer einer Adresse","Hausnummer einer Adresse","","","","","","","","","",,,,,"",,,,"mii-lm-studie-logicalmodel.Sponsor.Kontakt.Adresse.Hausnummer",0,*,"",""
"mii-lm-studie-logicalmodel","mii-lm-studie-logicalmodel.Sponsor.Kontakt.Adresse.PLZ","mii-lm-studie-logicalmodel.Sponsor.Kontakt.Adresse.PLZ","","","",0,*,"","","","string {[]} {[]}
","PLZ einer Adresse","PLZ einer Adresse","","","","","","","","","",,,,,"",,,,"mii-lm-studie-logicalmodel.Sponsor.Kontakt.Adresse.PLZ",0,*,"",""
"mii-lm-studie-logicalmodel","mii-lm-studie-logicalmodel.Sponsor.Kontakt.Adresse.Wohnort","mii-lm-studie-logicalmodel.Sponsor.Kontakt.Adresse.Wohnort","","","",0,*,"","","","string {[]} {[]}
","Wohnort einer Adresse","Wohnort einer Adresse","","","","","","","","","",,,,,"",,,,"mii-lm-studie-logicalmodel.Sponsor.Kontakt.Adresse.Wohnort",0,*,"",""
"mii-lm-studie-logicalmodel","mii-lm-studie-logicalmodel.Sponsor.Kontakt.Adresse.Land","mii-lm-studie-logicalmodel.Sponsor.Kontakt.Adresse.Land","","","",0,*,"","","","code {[]} {[]}
","Land einer Adresse","Land einer Adresse","","","","","","","","","",,,,,"",,,,"mii-lm-studie-logicalmodel.Sponsor.Kontakt.Adresse.Land",0,*,"",""
"mii-lm-studie-logicalmodel","mii-lm-studie-logicalmodel.Sponsor.Kontakt.Email","mii-lm-studie-logicalmodel.Sponsor.Kontakt.Email","","","",0,*,"","","","string {[]} {[]}
","Email eines Kontakts","Email eines Kontakts","","","","","","","","","",,,,,"",,,,"mii-lm-studie-logicalmodel.Sponsor.Kontakt.Email",0,*,"",""
"mii-lm-studie-logicalmodel","mii-lm-studie-logicalmodel.Sponsor.Kontakt.Tel","mii-lm-studie-logicalmodel.Sponsor.Kontakt.Tel","","","",0,*,"","","","string {[]} {[]}
","Telefonnummer eines Kontakts","Telefonnummer eines Kontakts","","","","","","","","","",,,,,"",,,,"mii-lm-studie-logicalmodel.Sponsor.Kontakt.Tel",0,*,"",""
"mii-lm-studie-logicalmodel","mii-lm-studie-logicalmodel.Sponsor.Kontakt.Zugehoerigkeit","mii-lm-studie-logicalmodel.Sponsor.Kontakt.Zugehoerigkeit","","","",0,*,"","","","string {[]} {[]}
","Zugehoerigkeit eines Kontakts","Zugehoerigkeit eines Kontakts","","","","","","","","","",,,,,"",,,,"mii-lm-studie-logicalmodel.Sponsor.Kontakt.Zugehoerigkeit",0,*,"",""
"mii-lm-studie-logicalmodel","mii-lm-studie-logicalmodel.Sponsor.Standort","mii-lm-studie-logicalmodel.Sponsor.Standort","","","",0,*,"","","","BackboneElement {[]} {[]}
","Standort eines Sponsors","Standort eines Sponsors","","","","","","","","","",,,,,"",,,,"mii-lm-studie-logicalmodel.Sponsor.Standort",0,*,"","ele-1:All FHIR elements must have a @value or children {hasValue() or (children().count() > id.count())}
"
"mii-lm-studie-logicalmodel","mii-lm-studie-logicalmodel.Sponsor.Standort.id","mii-lm-studie-logicalmodel.Sponsor.Standort.id","","","",0,1,"","","","string {[]} {[]}
","Unique id for inter-element referencing","Unique id for the element within a resource (for internal references). This may be any string value that does not contain spaces.","","","","","","","","","",,,,,"",,,,"Element.id",0,1,"",""
"mii-lm-studie-logicalmodel","mii-lm-studie-logicalmodel.Sponsor.Standort.extension","mii-lm-studie-logicalmodel.Sponsor.Standort.extension","","extensions
user content","",0,*,"","","","Extension {[]} {[]}
","Additional content defined by implementations","May be used to represent additional information that is not part of the basic definition of the element. To make the use of extensions safe and manageable, there is a strict set of governance  applied to the definition and use of extensions. Though any implementer can define an extension, there is a set of requirements that SHALL be met as part of the definition of the extension.","There can be no stigma associated with the use of extensions by any application, project, or standard - regardless of the institution or jurisdiction that uses or defines the extensions.  The use of extensions is what allows the FHIR specification to retain a core level of simplicity for everyone.","","","","","","","","",,,,,"","value:url}
","Extensions are always sliced by (at least) url",,"open","Element.extension",0,*,"","ele-1:All FHIR elements must have a @value or children {hasValue() or (children().count() > id.count())}
ext-1:Must have either extensions or value[x], not both {extension.exists() != value.exists()}"
"mii-lm-studie-logicalmodel","mii-lm-studie-logicalmodel.Sponsor.Standort.modifierExtension","mii-lm-studie-logicalmodel.Sponsor.Standort.modifierExtension","","extensions
user contentmodifiers","",0,*,"","Y","Y","Extension {[]} {[]}
","Extensions that cannot be ignored even if unrecognized","May be used to represent additional information that is not part of the basic definition of the element and that modifies the understanding of the element in which it is contained and/or the understanding of the containing element's descendants. Usually modifier elements provide negation or qualification. To make the use of extensions safe and manageable, there is a strict set of governance applied to the definition and use of extensions. Though any implementer can define an extension, there is a set of requirements that SHALL be met as part of the definition of the extension. Applications processing a resource are required to check for modifier extensions.

Modifier extensions SHALL NOT change the meaning of any elements on Resource or DomainResource (including cannot change the meaning of modifierExtension itself).","There can be no stigma associated with the use of extensions by any application, project, or standard - regardless of the institution or jurisdiction that uses or defines the extensions.  The use of extensions is what allows the FHIR specification to retain a core level of simplicity for everyone.","Modifier extensions allow for extensions that *cannot* be safely ignored to be clearly distinguished from the vast majority of extensions which can be safely ignored.  This promotes interoperability by eliminating the need for implementers to prohibit the presence of extensions. For further information, see the [definition of modifier extensions](http://hl7.org/fhir/R4/extensibility.html#modifierExtension).","","","","","","","",,,,,"",,,,"BackboneElement.modifierExtension",0,*,"","ele-1:All FHIR elements must have a @value or children {hasValue() or (children().count() > id.count())}
ext-1:Must have either extensions or value[x], not both {extension.exists() != value.exists()}"
"mii-lm-studie-logicalmodel","mii-lm-studie-logicalmodel.Sponsor.Standort.Strasse","mii-lm-studie-logicalmodel.Sponsor.Standort.Strasse","","","",0,*,"","","","string {[]} {[]}
","Strasse einer Adresse","Strasse einer Adresse","","","","","","","","","",,,,,"",,,,"mii-lm-studie-logicalmodel.Sponsor.Standort.Strasse",0,*,"",""
"mii-lm-studie-logicalmodel","mii-lm-studie-logicalmodel.Sponsor.Standort.Adresse","mii-lm-studie-logicalmodel.Sponsor.Standort.Adresse","","","",0,*,"","","","BackboneElement {[]} {[]}
","Adresse eines Standorts","Adresse eines Standorts","","","","","","","","","",,,,,"",,,,"mii-lm-studie-logicalmodel.Sponsor.Standort.Adresse",0,*,"","ele-1:All FHIR elements must have a @value or children {hasValue() or (children().count() > id.count())}
"
"mii-lm-studie-logicalmodel","mii-lm-studie-logicalmodel.Sponsor.Standort.Adresse.id","mii-lm-studie-logicalmodel.Sponsor.Standort.Adresse.id","","","",0,1,"","","","string {[]} {[]}
","Unique id for inter-element referencing","Unique id for the element within a resource (for internal references). This may be any string value that does not contain spaces.","","","","","","","","","",,,,,"",,,,"Element.id",0,1,"",""
"mii-lm-studie-logicalmodel","mii-lm-studie-logicalmodel.Sponsor.Standort.Adresse.extension","mii-lm-studie-logicalmodel.Sponsor.Standort.Adresse.extension","","extensions
user content","",0,*,"","","","Extension {[]} {[]}
","Additional content defined by implementations","May be used to represent additional information that is not part of the basic definition of the element. To make the use of extensions safe and manageable, there is a strict set of governance  applied to the definition and use of extensions. Though any implementer can define an extension, there is a set of requirements that SHALL be met as part of the definition of the extension.","There can be no stigma associated with the use of extensions by any application, project, or standard - regardless of the institution or jurisdiction that uses or defines the extensions.  The use of extensions is what allows the FHIR specification to retain a core level of simplicity for everyone.","","","","","","","","",,,,,"","value:url}
","Extensions are always sliced by (at least) url",,"open","Element.extension",0,*,"","ele-1:All FHIR elements must have a @value or children {hasValue() or (children().count() > id.count())}
ext-1:Must have either extensions or value[x], not both {extension.exists() != value.exists()}"
"mii-lm-studie-logicalmodel","mii-lm-studie-logicalmodel.Sponsor.Standort.Adresse.modifierExtension","mii-lm-studie-logicalmodel.Sponsor.Standort.Adresse.modifierExtension","","extensions
user contentmodifiers","",0,*,"","Y","Y","Extension {[]} {[]}
","Extensions that cannot be ignored even if unrecognized","May be used to represent additional information that is not part of the basic definition of the element and that modifies the understanding of the element in which it is contained and/or the understanding of the containing element's descendants. Usually modifier elements provide negation or qualification. To make the use of extensions safe and manageable, there is a strict set of governance applied to the definition and use of extensions. Though any implementer can define an extension, there is a set of requirements that SHALL be met as part of the definition of the extension. Applications processing a resource are required to check for modifier extensions.

Modifier extensions SHALL NOT change the meaning of any elements on Resource or DomainResource (including cannot change the meaning of modifierExtension itself).","There can be no stigma associated with the use of extensions by any application, project, or standard - regardless of the institution or jurisdiction that uses or defines the extensions.  The use of extensions is what allows the FHIR specification to retain a core level of simplicity for everyone.","Modifier extensions allow for extensions that *cannot* be safely ignored to be clearly distinguished from the vast majority of extensions which can be safely ignored.  This promotes interoperability by eliminating the need for implementers to prohibit the presence of extensions. For further information, see the [definition of modifier extensions](http://hl7.org/fhir/R4/extensibility.html#modifierExtension).","","","","","","","",,,,,"",,,,"BackboneElement.modifierExtension",0,*,"","ele-1:All FHIR elements must have a @value or children {hasValue() or (children().count() > id.count())}
ext-1:Must have either extensions or value[x], not both {extension.exists() != value.exists()}"
"mii-lm-studie-logicalmodel","mii-lm-studie-logicalmodel.Sponsor.Standort.Adresse.Strasse","mii-lm-studie-logicalmodel.Sponsor.Standort.Adresse.Strasse","","","",0,*,"","","","string {[]} {[]}
","Strasse einer Adresse","Strasse einer Adresse","","","","","","","","","",,,,,"",,,,"mii-lm-studie-logicalmodel.Sponsor.Standort.Adresse.Strasse",0,*,"",""
"mii-lm-studie-logicalmodel","mii-lm-studie-logicalmodel.Sponsor.Standort.Adresse.Hausnummer","mii-lm-studie-logicalmodel.Sponsor.Standort.Adresse.Hausnummer","","","",0,*,"","","","string {[]} {[]}
","Hausnummer einer Adresse","Hausnummer einer Adresse","","","","","","","","","",,,,,"",,,,"mii-lm-studie-logicalmodel.Sponsor.Standort.Adresse.Hausnummer",0,*,"",""
"mii-lm-studie-logicalmodel","mii-lm-studie-logicalmodel.Sponsor.Standort.Adresse.PLZ","mii-lm-studie-logicalmodel.Sponsor.Standort.Adresse.PLZ","","","",0,*,"","","","string {[]} {[]}
","PLZ einer Adresse","PLZ einer Adresse","","","","","","","","","",,,,,"",,,,"mii-lm-studie-logicalmodel.Sponsor.Standort.Adresse.PLZ",0,*,"",""
"mii-lm-studie-logicalmodel","mii-lm-studie-logicalmodel.Sponsor.Standort.Adresse.Wohnort","mii-lm-studie-logicalmodel.Sponsor.Standort.Adresse.Wohnort","","","",0,*,"","","","string {[]} {[]}
","Wohnort einer Adresse","Wohnort einer Adresse","","","","","","","","","",,,,,"",,,,"mii-lm-studie-logicalmodel.Sponsor.Standort.Adresse.Wohnort",0,*,"",""
"mii-lm-studie-logicalmodel","mii-lm-studie-logicalmodel.Sponsor.Standort.Adresse.Land","mii-lm-studie-logicalmodel.Sponsor.Standort.Adresse.Land","","","",0,*,"","","","code {[]} {[]}
","Land einer Adresse","Land einer Adresse","","","","","","","","","",,,,,"",,,,"mii-lm-studie-logicalmodel.Sponsor.Standort.Adresse.Land",0,*,"",""
"mii-lm-studie-logicalmodel","mii-lm-studie-logicalmodel.Sponsor.IstHauptsponsor","mii-lm-studie-logicalmodel.Sponsor.IstHauptsponsor","","","",0,*,"","","","boolean {[]} {[]}
","Ob dieser Sponsor der Hauptsponsor ist","Ob dieser Sponsor der Hauptsponsor ist","","","","","","","","","",,,,,"",,,,"mii-lm-studie-logicalmodel.Sponsor.IstHauptsponsor",0,*,"",""
"mii-lm-studie-logicalmodel","mii-lm-studie-logicalmodel.Studiendesign","mii-lm-studie-logicalmodel.Studiendesign","","","",0,*,"","","","BackboneElement {[]} {[]}
","Studiendesign eines Forschungsvorhabens","Studiendesign eines Forschungsvorhabens","","","","","","","","","",,,,,"",,,,"mii-lm-studie-logicalmodel.Studiendesign",0,*,"","ele-1:All FHIR elements must have a @value or children {hasValue() or (children().count() > id.count())}
"
"mii-lm-studie-logicalmodel","mii-lm-studie-logicalmodel.Studiendesign.id","mii-lm-studie-logicalmodel.Studiendesign.id","","","",0,1,"","","","string {[]} {[]}
","Unique id for inter-element referencing","Unique id for the element within a resource (for internal references). This may be any string value that does not contain spaces.","","","","","","","","","",,,,,"",,,,"Element.id",0,1,"",""
"mii-lm-studie-logicalmodel","mii-lm-studie-logicalmodel.Studiendesign.extension","mii-lm-studie-logicalmodel.Studiendesign.extension","","extensions
user content","",0,*,"","","","Extension {[]} {[]}
","Additional content defined by implementations","May be used to represent additional information that is not part of the basic definition of the element. To make the use of extensions safe and manageable, there is a strict set of governance  applied to the definition and use of extensions. Though any implementer can define an extension, there is a set of requirements that SHALL be met as part of the definition of the extension.","There can be no stigma associated with the use of extensions by any application, project, or standard - regardless of the institution or jurisdiction that uses or defines the extensions.  The use of extensions is what allows the FHIR specification to retain a core level of simplicity for everyone.","","","","","","","","",,,,,"","value:url}
","Extensions are always sliced by (at least) url",,"open","Element.extension",0,*,"","ele-1:All FHIR elements must have a @value or children {hasValue() or (children().count() > id.count())}
ext-1:Must have either extensions or value[x], not both {extension.exists() != value.exists()}"
"mii-lm-studie-logicalmodel","mii-lm-studie-logicalmodel.Studiendesign.modifierExtension","mii-lm-studie-logicalmodel.Studiendesign.modifierExtension","","extensions
user contentmodifiers","",0,*,"","Y","Y","Extension {[]} {[]}
","Extensions that cannot be ignored even if unrecognized","May be used to represent additional information that is not part of the basic definition of the element and that modifies the understanding of the element in which it is contained and/or the understanding of the containing element's descendants. Usually modifier elements provide negation or qualification. To make the use of extensions safe and manageable, there is a strict set of governance applied to the definition and use of extensions. Though any implementer can define an extension, there is a set of requirements that SHALL be met as part of the definition of the extension. Applications processing a resource are required to check for modifier extensions.

Modifier extensions SHALL NOT change the meaning of any elements on Resource or DomainResource (including cannot change the meaning of modifierExtension itself).","There can be no stigma associated with the use of extensions by any application, project, or standard - regardless of the institution or jurisdiction that uses or defines the extensions.  The use of extensions is what allows the FHIR specification to retain a core level of simplicity for everyone.","Modifier extensions allow for extensions that *cannot* be safely ignored to be clearly distinguished from the vast majority of extensions which can be safely ignored.  This promotes interoperability by eliminating the need for implementers to prohibit the presence of extensions. For further information, see the [definition of modifier extensions](http://hl7.org/fhir/R4/extensibility.html#modifierExtension).","","","","","","","",,,,,"",,,,"BackboneElement.modifierExtension",0,*,"","ele-1:All FHIR elements must have a @value or children {hasValue() or (children().count() > id.count())}
ext-1:Must have either extensions or value[x], not both {extension.exists() != value.exists()}"
"mii-lm-studie-logicalmodel","mii-lm-studie-logicalmodel.Studiendesign.Rekrutierungsstart","mii-lm-studie-logicalmodel.Studiendesign.Rekrutierungsstart","","","",0,*,"","","","date {[]} {[]}
","Rekrutierungsstart einer Studie","Rekrutierungsstart einer Studie","","","","","","","","","",,,,,"",,,,"mii-lm-studie-logicalmodel.Studiendesign.Rekrutierungsstart",0,*,"",""
"mii-lm-studie-logicalmodel","mii-lm-studie-logicalmodel.Studiendesign.Studienarm","mii-lm-studie-logicalmodel.Studiendesign.Studienarm","","","",0,*,"","","","BackboneElement {[]} {[]}
","Studienarm einer Studie","Studienarm einer Studie","","","","","","","","","",,,,,"",,,,"mii-lm-studie-logicalmodel.Studiendesign.Studienarm",0,*,"","ele-1:All FHIR elements must have a @value or children {hasValue() or (children().count() > id.count())}
"
"mii-lm-studie-logicalmodel","mii-lm-studie-logicalmodel.Studiendesign.Studienarm.id","mii-lm-studie-logicalmodel.Studiendesign.Studienarm.id","","","",0,1,"","","","string {[]} {[]}
","Unique id for inter-element referencing","Unique id for the element within a resource (for internal references). This may be any string value that does not contain spaces.","","","","","","","","","",,,,,"",,,,"Element.id",0,1,"",""
"mii-lm-studie-logicalmodel","mii-lm-studie-logicalmodel.Studiendesign.Studienarm.extension","mii-lm-studie-logicalmodel.Studiendesign.Studienarm.extension","","extensions
user content","",0,*,"","","","Extension {[]} {[]}
","Additional content defined by implementations","May be used to represent additional information that is not part of the basic definition of the element. To make the use of extensions safe and manageable, there is a strict set of governance  applied to the definition and use of extensions. Though any implementer can define an extension, there is a set of requirements that SHALL be met as part of the definition of the extension.","There can be no stigma associated with the use of extensions by any application, project, or standard - regardless of the institution or jurisdiction that uses or defines the extensions.  The use of extensions is what allows the FHIR specification to retain a core level of simplicity for everyone.","","","","","","","","",,,,,"","value:url}
","Extensions are always sliced by (at least) url",,"open","Element.extension",0,*,"","ele-1:All FHIR elements must have a @value or children {hasValue() or (children().count() > id.count())}
ext-1:Must have either extensions or value[x], not both {extension.exists() != value.exists()}"
"mii-lm-studie-logicalmodel","mii-lm-studie-logicalmodel.Studiendesign.Studienarm.modifierExtension","mii-lm-studie-logicalmodel.Studiendesign.Studienarm.modifierExtension","","extensions
user contentmodifiers","",0,*,"","Y","Y","Extension {[]} {[]}
","Extensions that cannot be ignored even if unrecognized","May be used to represent additional information that is not part of the basic definition of the element and that modifies the understanding of the element in which it is contained and/or the understanding of the containing element's descendants. Usually modifier elements provide negation or qualification. To make the use of extensions safe and manageable, there is a strict set of governance applied to the definition and use of extensions. Though any implementer can define an extension, there is a set of requirements that SHALL be met as part of the definition of the extension. Applications processing a resource are required to check for modifier extensions.

Modifier extensions SHALL NOT change the meaning of any elements on Resource or DomainResource (including cannot change the meaning of modifierExtension itself).","There can be no stigma associated with the use of extensions by any application, project, or standard - regardless of the institution or jurisdiction that uses or defines the extensions.  The use of extensions is what allows the FHIR specification to retain a core level of simplicity for everyone.","Modifier extensions allow for extensions that *cannot* be safely ignored to be clearly distinguished from the vast majority of extensions which can be safely ignored.  This promotes interoperability by eliminating the need for implementers to prohibit the presence of extensions. For further information, see the [definition of modifier extensions](http://hl7.org/fhir/R4/extensibility.html#modifierExtension).","","","","","","","",,,,,"",,,,"BackboneElement.modifierExtension",0,*,"","ele-1:All FHIR elements must have a @value or children {hasValue() or (children().count() > id.count())}
ext-1:Must have either extensions or value[x], not both {extension.exists() != value.exists()}"
"mii-lm-studie-logicalmodel","mii-lm-studie-logicalmodel.Studiendesign.Studienarm.Name","mii-lm-studie-logicalmodel.Studiendesign.Studienarm.Name","","","",0,*,"","","","string {[]} {[]}
","Name des Studienarms","Name des Studienarms","","","","","","","","","",,,,,"",,,,"mii-lm-studie-logicalmodel.Studiendesign.Studienarm.Name",0,*,"",""
"mii-lm-studie-logicalmodel","mii-lm-studie-logicalmodel.Studiendesign.Studienarm.Studienarm","mii-lm-studie-logicalmodel.Studiendesign.Studienarm.Studienarm","","","",0,*,"","","","null {[]} {[]}
","Arm des Studienarms","Arm des Studienarms","","","","","","","","","",,,,,"",,,,"mii-lm-studie-logicalmodel.Studiendesign.Studienarm.Studienarm",0,*,"",""
"mii-lm-studie-logicalmodel","mii-lm-studie-logicalmodel.Studiendesign.Studienarm.Einschlusskriterien","mii-lm-studie-logicalmodel.Studiendesign.Studienarm.Einschlusskriterien","","","",0,*,"","","","string {[]} {[]}
","Einschlusskriterien des Studienarms","Einschlusskriterien des Studienarms","","","","","","","","","",,,,,"",,,,"mii-lm-studie-logicalmodel.Studiendesign.Studienarm.Einschlusskriterien",0,*,"",""
"mii-lm-studie-logicalmodel","mii-lm-studie-logicalmodel.Studiendesign.Studienarm.Ausschlusskriterien","mii-lm-studie-logicalmodel.Studiendesign.Studienarm.Ausschlusskriterien","","","",0,*,"","","","string {[]} {[]}
","Ausschlusskriterien des Studienarms","Ausschlusskriterien des Studienarms","","","","","","","","","",,,,,"",,,,"mii-lm-studie-logicalmodel.Studiendesign.Studienarm.Ausschlusskriterien",0,*,"",""
"mii-lm-studie-logicalmodel","mii-lm-studie-logicalmodel.Studiendesign.Einschlusskriterien","mii-lm-studie-logicalmodel.Studiendesign.Einschlusskriterien","","","",0,*,"","","","BackboneElement {[]} {[]}
","Einschlusskriterien einer Studie","Einschlusskriterien einer Studie","","","","","","","","","",,,,,"",,,,"mii-lm-studie-logicalmodel.Studiendesign.Einschlusskriterien",0,*,"","ele-1:All FHIR elements must have a @value or children {hasValue() or (children().count() > id.count())}
"
"mii-lm-studie-logicalmodel","mii-lm-studie-logicalmodel.Studiendesign.Einschlusskriterien.id","mii-lm-studie-logicalmodel.Studiendesign.Einschlusskriterien.id","","","",0,1,"","","","string {[]} {[]}
","Unique id for inter-element referencing","Unique id for the element within a resource (for internal references). This may be any string value that does not contain spaces.","","","","","","","","","",,,,,"",,,,"Element.id",0,1,"",""
"mii-lm-studie-logicalmodel","mii-lm-studie-logicalmodel.Studiendesign.Einschlusskriterien.extension","mii-lm-studie-logicalmodel.Studiendesign.Einschlusskriterien.extension","","extensions
user content","",0,*,"","","","Extension {[]} {[]}
","Additional content defined by implementations","May be used to represent additional information that is not part of the basic definition of the element. To make the use of extensions safe and manageable, there is a strict set of governance  applied to the definition and use of extensions. Though any implementer can define an extension, there is a set of requirements that SHALL be met as part of the definition of the extension.","There can be no stigma associated with the use of extensions by any application, project, or standard - regardless of the institution or jurisdiction that uses or defines the extensions.  The use of extensions is what allows the FHIR specification to retain a core level of simplicity for everyone.","","","","","","","","",,,,,"","value:url}
","Extensions are always sliced by (at least) url",,"open","Element.extension",0,*,"","ele-1:All FHIR elements must have a @value or children {hasValue() or (children().count() > id.count())}
ext-1:Must have either extensions or value[x], not both {extension.exists() != value.exists()}"
"mii-lm-studie-logicalmodel","mii-lm-studie-logicalmodel.Studiendesign.Einschlusskriterien.modifierExtension","mii-lm-studie-logicalmodel.Studiendesign.Einschlusskriterien.modifierExtension","","extensions
user contentmodifiers","",0,*,"","Y","Y","Extension {[]} {[]}
","Extensions that cannot be ignored even if unrecognized","May be used to represent additional information that is not part of the basic definition of the element and that modifies the understanding of the element in which it is contained and/or the understanding of the containing element's descendants. Usually modifier elements provide negation or qualification. To make the use of extensions safe and manageable, there is a strict set of governance applied to the definition and use of extensions. Though any implementer can define an extension, there is a set of requirements that SHALL be met as part of the definition of the extension. Applications processing a resource are required to check for modifier extensions.

Modifier extensions SHALL NOT change the meaning of any elements on Resource or DomainResource (including cannot change the meaning of modifierExtension itself).","There can be no stigma associated with the use of extensions by any application, project, or standard - regardless of the institution or jurisdiction that uses or defines the extensions.  The use of extensions is what allows the FHIR specification to retain a core level of simplicity for everyone.","Modifier extensions allow for extensions that *cannot* be safely ignored to be clearly distinguished from the vast majority of extensions which can be safely ignored.  This promotes interoperability by eliminating the need for implementers to prohibit the presence of extensions. For further information, see the [definition of modifier extensions](http://hl7.org/fhir/R4/extensibility.html#modifierExtension).","","","","","","","",,,,,"",,,,"BackboneElement.modifierExtension",0,*,"","ele-1:All FHIR elements must have a @value or children {hasValue() or (children().count() > id.count())}
ext-1:Must have either extensions or value[x], not both {extension.exists() != value.exists()}"
"mii-lm-studie-logicalmodel","mii-lm-studie-logicalmodel.Studiendesign.Einschlusskriterien.Kriterium","mii-lm-studie-logicalmodel.Studiendesign.Einschlusskriterien.Kriterium","","","",0,*,"","","","string {[]} {[]}
","Kriterium","Kriterium","","","","","","","","","",,,,,"",,,,"mii-lm-studie-logicalmodel.Studiendesign.Einschlusskriterien.Kriterium",0,*,"",""
"mii-lm-studie-logicalmodel","mii-lm-studie-logicalmodel.Studiendesign.Einschlusskriterien.Operator","mii-lm-studie-logicalmodel.Studiendesign.Einschlusskriterien.Operator","","","",0,*,"","","","string {[]} {[]}
","Operator des Kriteriums","Operator des Kriteriums","","","","","","","","","",,,,,"",,,,"mii-lm-studie-logicalmodel.Studiendesign.Einschlusskriterien.Operator",0,*,"",""
"mii-lm-studie-logicalmodel","mii-lm-studie-logicalmodel.Studiendesign.Einschlusskriterien.Masseinheit","mii-lm-studie-logicalmodel.Studiendesign.Einschlusskriterien.Masseinheit","","","",0,*,"","","","code {[]} {[]}
","Masseinheit des Kriteriums","Masseinheit des Kriteriums","","","","","","","","","",,,,,"",,,,"mii-lm-studie-logicalmodel.Studiendesign.Einschlusskriterien.Masseinheit",0,*,"",""
"mii-lm-studie-logicalmodel","mii-lm-studie-logicalmodel.Studiendesign.Einschlusskriterien.Wert","mii-lm-studie-logicalmodel.Studiendesign.Einschlusskriterien.Wert","","","",0,*,"","","","Quantity {[]} {[]}
","Wert des Kriteriums","Wert des Kriteriums","","","","","","","","","",,,,,"",,,,"mii-lm-studie-logicalmodel.Studiendesign.Einschlusskriterien.Wert",0,*,"",""
"mii-lm-studie-logicalmodel","mii-lm-studie-logicalmodel.Studiendesign.Ausschlusskriterien","mii-lm-studie-logicalmodel.Studiendesign.Ausschlusskriterien","","","",0,*,"","","","BackboneElement {[]} {[]}
","Ausschlusskriterien einer Studie","Ausschlusskriterien einer Studie","","","","","","","","","",,,,,"",,,,"mii-lm-studie-logicalmodel.Studiendesign.Ausschlusskriterien",0,*,"","ele-1:All FHIR elements must have a @value or children {hasValue() or (children().count() > id.count())}
"
"mii-lm-studie-logicalmodel","mii-lm-studie-logicalmodel.Studiendesign.Ausschlusskriterien.id","mii-lm-studie-logicalmodel.Studiendesign.Ausschlusskriterien.id","","","",0,1,"","","","string {[]} {[]}
","Unique id for inter-element referencing","Unique id for the element within a resource (for internal references). This may be any string value that does not contain spaces.","","","","","","","","","",,,,,"",,,,"Element.id",0,1,"",""
"mii-lm-studie-logicalmodel","mii-lm-studie-logicalmodel.Studiendesign.Ausschlusskriterien.extension","mii-lm-studie-logicalmodel.Studiendesign.Ausschlusskriterien.extension","","extensions
user content","",0,*,"","","","Extension {[]} {[]}
","Additional content defined by implementations","May be used to represent additional information that is not part of the basic definition of the element. To make the use of extensions safe and manageable, there is a strict set of governance  applied to the definition and use of extensions. Though any implementer can define an extension, there is a set of requirements that SHALL be met as part of the definition of the extension.","There can be no stigma associated with the use of extensions by any application, project, or standard - regardless of the institution or jurisdiction that uses or defines the extensions.  The use of extensions is what allows the FHIR specification to retain a core level of simplicity for everyone.","","","","","","","","",,,,,"","value:url}
","Extensions are always sliced by (at least) url",,"open","Element.extension",0,*,"","ele-1:All FHIR elements must have a @value or children {hasValue() or (children().count() > id.count())}
ext-1:Must have either extensions or value[x], not both {extension.exists() != value.exists()}"
"mii-lm-studie-logicalmodel","mii-lm-studie-logicalmodel.Studiendesign.Ausschlusskriterien.modifierExtension","mii-lm-studie-logicalmodel.Studiendesign.Ausschlusskriterien.modifierExtension","","extensions
user contentmodifiers","",0,*,"","Y","Y","Extension {[]} {[]}
","Extensions that cannot be ignored even if unrecognized","May be used to represent additional information that is not part of the basic definition of the element and that modifies the understanding of the element in which it is contained and/or the understanding of the containing element's descendants. Usually modifier elements provide negation or qualification. To make the use of extensions safe and manageable, there is a strict set of governance applied to the definition and use of extensions. Though any implementer can define an extension, there is a set of requirements that SHALL be met as part of the definition of the extension. Applications processing a resource are required to check for modifier extensions.

Modifier extensions SHALL NOT change the meaning of any elements on Resource or DomainResource (including cannot change the meaning of modifierExtension itself).","There can be no stigma associated with the use of extensions by any application, project, or standard - regardless of the institution or jurisdiction that uses or defines the extensions.  The use of extensions is what allows the FHIR specification to retain a core level of simplicity for everyone.","Modifier extensions allow for extensions that *cannot* be safely ignored to be clearly distinguished from the vast majority of extensions which can be safely ignored.  This promotes interoperability by eliminating the need for implementers to prohibit the presence of extensions. For further information, see the [definition of modifier extensions](http://hl7.org/fhir/R4/extensibility.html#modifierExtension).","","","","","","","",,,,,"",,,,"BackboneElement.modifierExtension",0,*,"","ele-1:All FHIR elements must have a @value or children {hasValue() or (children().count() > id.count())}
ext-1:Must have either extensions or value[x], not both {extension.exists() != value.exists()}"
"mii-lm-studie-logicalmodel","mii-lm-studie-logicalmodel.Studiendesign.Ausschlusskriterien.Kriterium","mii-lm-studie-logicalmodel.Studiendesign.Ausschlusskriterien.Kriterium","","","",0,*,"","","","string {[]} {[]}
","Kriterium","Kriterium","","","","","","","","","",,,,,"",,,,"mii-lm-studie-logicalmodel.Studiendesign.Ausschlusskriterien.Kriterium",0,*,"",""
"mii-lm-studie-logicalmodel","mii-lm-studie-logicalmodel.Studiendesign.Ausschlusskriterien.Operator","mii-lm-studie-logicalmodel.Studiendesign.Ausschlusskriterien.Operator","","","",0,*,"","","","string {[]} {[]}
","Operator des Kriteriums","Operator des Kriteriums","","","","","","","","","",,,,,"",,,,"mii-lm-studie-logicalmodel.Studiendesign.Ausschlusskriterien.Operator",0,*,"",""
"mii-lm-studie-logicalmodel","mii-lm-studie-logicalmodel.Studiendesign.Ausschlusskriterien.Masseinheit","mii-lm-studie-logicalmodel.Studiendesign.Ausschlusskriterien.Masseinheit","","","",0,*,"","","","code {[]} {[]}
","Masseinheit des Kriteriums","Masseinheit des Kriteriums","","","","","","","","","",,,,,"",,,,"mii-lm-studie-logicalmodel.Studiendesign.Ausschlusskriterien.Masseinheit",0,*,"",""
"mii-lm-studie-logicalmodel","mii-lm-studie-logicalmodel.Studiendesign.Ausschlusskriterien.Wert","mii-lm-studie-logicalmodel.Studiendesign.Ausschlusskriterien.Wert","","","",0,*,"","","","Quantity {[]} {[]}
","Wert des Kriteriums","Wert des Kriteriums","","","","","","","","","",,,,,"",,,,"mii-lm-studie-logicalmodel.Studiendesign.Ausschlusskriterien.Wert",0,*,"",""
"mii-lm-studie-logicalmodel","mii-lm-studie-logicalmodel.Studiendesign.Studientyp","mii-lm-studie-logicalmodel.Studiendesign.Studientyp","","","",0,*,"","","","code {[]} {[]}
","Typ einer Studie","Typ einer Studie","","","","","","","","","",,,,,"",,,,"mii-lm-studie-logicalmodel.Studiendesign.Studientyp",0,*,"",""
"mii-lm-studie-logicalmodel","mii-lm-studie-logicalmodel.Studiendesign.Rekrutierungsziel","mii-lm-studie-logicalmodel.Studiendesign.Rekrutierungsziel","","","",0,*,"","","","Quantity {[]} {[]}
","Rekrutierungsziel einer Studie","Rekrutierungsziel einer Studie","","","","","","","","","",,,,,"",,,,"mii-lm-studie-logicalmodel.Studiendesign.Rekrutierungsziel",0,*,"",""
"mii-lm-studie-logicalmodel","mii-lm-studie-logicalmodel.Studiendesign.Rekrutierungsstand","mii-lm-studie-logicalmodel.Studiendesign.Rekrutierungsstand","","","",0,*,"","","","Count {[]} {[]}
","Rekrutierungsstand einer Studie","Rekrutierungsstand einer Studie","","","","","","","","","",,,,,"",,,,"mii-lm-studie-logicalmodel.Studiendesign.Rekrutierungsstand",0,*,"","cnt-3:There SHALL be a code with a value of ""1"" if there is a value. If system is present, it SHALL be UCUM.  If present, the value SHALL be a whole number. {(code.exists() or value.empty()) and (system.empty() or system = %ucum) and (code.empty() or code = '1') and (value.empty() or value.hasValue().not() or value.toString().contains('.').not())}
ele-1:All FHIR elements must have a @value or children {hasValue() or (children().count() > id.count())}qty-3:If a code for the unit is present, the system SHALL also be present {code.empty() or system.exists()}"
"mii-lm-studie-logicalmodel","mii-lm-studie-logicalmodel.Studiendesign.Rekrutierungsstand.id","mii-lm-studie-logicalmodel.Studiendesign.Rekrutierungsstand.id","","","",0,1,"","","","string {[]} {[]}
","Unique id for inter-element referencing","Unique id for the element within a resource (for internal references). This may be any string value that does not contain spaces.","","","","","","","","","",,,,,"",,,,"Element.id",0,1,"",""
"mii-lm-studie-logicalmodel","mii-lm-studie-logicalmodel.Studiendesign.Rekrutierungsstand.extension","mii-lm-studie-logicalmodel.Studiendesign.Rekrutierungsstand.extension","","extensions
user content","",0,*,"","","","Extension {[]} {[]}
","Additional content defined by implementations","May be used to represent additional information that is not part of the basic definition of the element. To make the use of extensions safe and manageable, there is a strict set of governance  applied to the definition and use of extensions. Though any implementer can define an extension, there is a set of requirements that SHALL be met as part of the definition of the extension.","There can be no stigma associated with the use of extensions by any application, project, or standard - regardless of the institution or jurisdiction that uses or defines the extensions.  The use of extensions is what allows the FHIR specification to retain a core level of simplicity for everyone.","","","","","","","","",,,,,"","value:url}
","Extensions are always sliced by (at least) url",,"open","Element.extension",0,*,"","ele-1:All FHIR elements must have a @value or children {hasValue() or (children().count() > id.count())}
ext-1:Must have either extensions or value[x], not both {extension.exists() != value.exists()}"
"mii-lm-studie-logicalmodel","mii-lm-studie-logicalmodel.Studiendesign.Rekrutierungsstand.value","mii-lm-studie-logicalmodel.Studiendesign.Rekrutierungsstand.value","","","",0,1,"","","Y","decimal {[]} {[]}
","Numerical value (with implicit precision)","The value of the measured amount. The value includes an implicit precision in the presentation of the value.","The implicit precision in the value should always be honored. Monetary values have their own rules for handling precision (refer to standard accounting text books).","Precision is handled implicitly in almost all cases of measurement.","","","","","","","",,,,,"",,,,"Quantity.value",0,1,"","ele-1:All FHIR elements must have a @value or children {hasValue() or (children().count() > id.count())}
"
"mii-lm-studie-logicalmodel","mii-lm-studie-logicalmodel.Studiendesign.Rekrutierungsstand.comparator","mii-lm-studie-logicalmodel.Studiendesign.Rekrutierungsstand.comparator","","","",0,1,"","Y","Y","code {[]} {[]}
","< | <= | >= | > - how to understand the value","How the value should be understood and represented - whether the actual value is greater or less than the stated value due to measurement issues; e.g. if the comparator is ""<"" , then the real value is < stated value.","","Need a framework for handling measures where the value is <5ug/L or >400mg/L due to the limitations of measuring methodology.","","If there is no comparator, then there is no modification of the value","","","","","",,"required","How the Quantity should be understood and represented.","http://hl7.org/fhir/ValueSet/quantity-comparator|4.0.1","",,,,"Quantity.comparator",0,1,"","ele-1:All FHIR elements must have a @value or children {hasValue() or (children().count() > id.count())}
"
"mii-lm-studie-logicalmodel","mii-lm-studie-logicalmodel.Studiendesign.Rekrutierungsstand.unit","mii-lm-studie-logicalmodel.Studiendesign.Rekrutierungsstand.unit","","","",0,1,"","","Y","string {[]} {[]}
","Unit representation","A human-readable form of the unit.","","There are many representations for units of measure and in many contexts, particular representations are fixed and required. I.e. mcg for micrograms.","","","","","","","",,,,,"",,,,"Quantity.unit",0,1,"","ele-1:All FHIR elements must have a @value or children {hasValue() or (children().count() > id.count())}
"
"mii-lm-studie-logicalmodel","mii-lm-studie-logicalmodel.Studiendesign.Rekrutierungsstand.system","mii-lm-studie-logicalmodel.Studiendesign.Rekrutierungsstand.system","","","",0,1,"","","Y","uri {[]} {[]}
","System that defines coded unit form","The identification of the system that provides the coded form of the unit.","","Need to know the system that defines the coded form of the unit.","","","","","","","",,,,,"",,,,"Quantity.system",0,1,"qty-3
","ele-1:All FHIR elements must have a @value or children {hasValue() or (children().count() > id.count())}
"
"mii-lm-studie-logicalmodel","mii-lm-studie-logicalmodel.Studiendesign.Rekrutierungsstand.code","mii-lm-studie-logicalmodel.Studiendesign.Rekrutierungsstand.code","","","",0,1,"","","Y","code {[]} {[]}
","Coded form of the unit","A computer processable form of the unit in some unit representation system.","The preferred system is UCUM, but SNOMED CT can also be used (for customary units) or ISO 4217 for currency.  The context of use may additionally require a code from a particular system.","Need a computable form of the unit that is fixed across all forms. UCUM provides this for quantities, but SNOMED CT provides many units of interest.","","","","","","","",,,,,"",,,,"Quantity.code",0,1,"","ele-1:All FHIR elements must have a @value or children {hasValue() or (children().count() > id.count())}
"
"mii-lm-studie-logicalmodel","mii-lm-studie-logicalmodel.Studiendesign.Rekrutierungsstand.RekrutierungsstandGenauigkeit","mii-lm-studie-logicalmodel.Studiendesign.Rekrutierungsstand.RekrutierungsstandGenauigkeit","","","",0,*,"","","","code {[]} {[]}
","Genauigkeit eines Rekrutierungsstands einer Studie","Genauigkeit eines Rekrutierungsstands einer Studie","","","","","","","","","",,,,,"",,,,"mii-lm-studie-logicalmodel.Studiendesign.Rekrutierungsstand.RekrutierungsstandGenauigkeit",0,*,"",""
"mii-lm-studie-logicalmodel","mii-lm-studie-logicalmodel.Studiendesign.Rekrutierungsstand.RekrutierungsstandDatum","mii-lm-studie-logicalmodel.Studiendesign.Rekrutierungsstand.RekrutierungsstandDatum","","","",0,*,"","","","date {[]} {[]}
","Datum eines Rekrutierungsstands einer Studie","Datum eines Rekrutierungsstands einer Studie","","","","","","","","","",,,,,"",,,,"mii-lm-studie-logicalmodel.Studiendesign.Rekrutierungsstand.RekrutierungsstandDatum",0,*,"",""
"mii-lm-studie-logicalmodel","mii-lm-studie-logicalmodel.Studiendesign.Randomisierungsmethode","mii-lm-studie-logicalmodel.Studiendesign.Randomisierungsmethode","","","",0,*,"","","","string {[]} {[]}
","Randomisierungsmethode einer Studie","Randomisierungsmethode einer Studie","","","","","","","","","",,,,,"",,,,"mii-lm-studie-logicalmodel.Studiendesign.Randomisierungsmethode",0,*,"",""
"mii-lm-studie-logicalmodel","mii-lm-studie-logicalmodel.Studiendesign.TeilVon","mii-lm-studie-logicalmodel.Studiendesign.TeilVon","","","",0,*,"","","","Reference {[]} {[]}
","Falls die Instanz einen Studienarm repräsentiert, Verweis auf die Hauptstudie","Falls die Instanz einen Studienarm repräsentiert, Verweis auf die Hauptstudie","","","","","","","","","",,,,,"",,,,"mii-lm-studie-logicalmodel.Studiendesign.TeilVon",0,*,"",""
"mii-lm-studie-logicalmodel","mii-lm-studie-logicalmodel.Studienregister","mii-lm-studie-logicalmodel.Studienregister","","","",0,*,"","","","BackboneElement {[]} {[]}
","Studienregister einer Studie","Studienregister einer Studie","","","","","","","","","",,,,,"",,,,"mii-lm-studie-logicalmodel.Studienregister",0,*,"","ele-1:All FHIR elements must have a @value or children {hasValue() or (children().count() > id.count())}
"
"mii-lm-studie-logicalmodel","mii-lm-studie-logicalmodel.Studienregister.id","mii-lm-studie-logicalmodel.Studienregister.id","","","",0,1,"","","","string {[]} {[]}
","Unique id for inter-element referencing","Unique id for the element within a resource (for internal references). This may be any string value that does not contain spaces.","","","","","","","","","",,,,,"",,,,"Element.id",0,1,"",""
"mii-lm-studie-logicalmodel","mii-lm-studie-logicalmodel.Studienregister.extension","mii-lm-studie-logicalmodel.Studienregister.extension","","extensions
user content","",0,*,"","","","Extension {[]} {[]}
","Additional content defined by implementations","May be used to represent additional information that is not part of the basic definition of the element. To make the use of extensions safe and manageable, there is a strict set of governance  applied to the definition and use of extensions. Though any implementer can define an extension, there is a set of requirements that SHALL be met as part of the definition of the extension.","There can be no stigma associated with the use of extensions by any application, project, or standard - regardless of the institution or jurisdiction that uses or defines the extensions.  The use of extensions is what allows the FHIR specification to retain a core level of simplicity for everyone.","","","","","","","","",,,,,"","value:url}
","Extensions are always sliced by (at least) url",,"open","Element.extension",0,*,"","ele-1:All FHIR elements must have a @value or children {hasValue() or (children().count() > id.count())}
ext-1:Must have either extensions or value[x], not both {extension.exists() != value.exists()}"
"mii-lm-studie-logicalmodel","mii-lm-studie-logicalmodel.Studienregister.modifierExtension","mii-lm-studie-logicalmodel.Studienregister.modifierExtension","","extensions
user contentmodifiers","",0,*,"","Y","Y","Extension {[]} {[]}
","Extensions that cannot be ignored even if unrecognized","May be used to represent additional information that is not part of the basic definition of the element and that modifies the understanding of the element in which it is contained and/or the understanding of the containing element's descendants. Usually modifier elements provide negation or qualification. To make the use of extensions safe and manageable, there is a strict set of governance applied to the definition and use of extensions. Though any implementer can define an extension, there is a set of requirements that SHALL be met as part of the definition of the extension. Applications processing a resource are required to check for modifier extensions.

Modifier extensions SHALL NOT change the meaning of any elements on Resource or DomainResource (including cannot change the meaning of modifierExtension itself).","There can be no stigma associated with the use of extensions by any application, project, or standard - regardless of the institution or jurisdiction that uses or defines the extensions.  The use of extensions is what allows the FHIR specification to retain a core level of simplicity for everyone.","Modifier extensions allow for extensions that *cannot* be safely ignored to be clearly distinguished from the vast majority of extensions which can be safely ignored.  This promotes interoperability by eliminating the need for implementers to prohibit the presence of extensions. For further information, see the [definition of modifier extensions](http://hl7.org/fhir/R4/extensibility.html#modifierExtension).","","","","","","","",,,,,"",,,,"BackboneElement.modifierExtension",0,*,"","ele-1:All FHIR elements must have a @value or children {hasValue() or (children().count() > id.count())}
ext-1:Must have either extensions or value[x], not both {extension.exists() != value.exists()}"
"mii-lm-studie-logicalmodel","mii-lm-studie-logicalmodel.Studienregister.Registername","mii-lm-studie-logicalmodel.Studienregister.Registername","","","",0,*,"","","","string {[]} {[]}
","Name eines Studienregisters","Name eines Studienregisters","","","","","","","","","",,,,,"",,,,"mii-lm-studie-logicalmodel.Studienregister.Registername",0,*,"",""
"mii-lm-studie-logicalmodel","mii-lm-studie-logicalmodel.Studienregister.RegisterId","mii-lm-studie-logicalmodel.Studienregister.RegisterId","","","",0,*,"","","","Identifier {[]} {[]}
","RegisterId eines Studienregisters","RegisterId eines Studienregisters","","","","","","","","","",,,,,"",,,,"mii-lm-studie-logicalmodel.Studienregister.RegisterId",0,*,"",""
"mii-lm-studie-logicalmodel","mii-lm-studie-logicalmodel.Studienregister.url","mii-lm-studie-logicalmodel.Studienregister.url","","","",0,*,"","","","string {[]} {[]}
","URL eines Studienregisters","URL eines Studienregisters","","","","","","","","","",,,,,"",,,,"mii-lm-studie-logicalmodel.Studienregister.url",0,*,"",""
"mii-lm-studie-logicalmodel","mii-lm-studie-logicalmodel.Publikation","mii-lm-studie-logicalmodel.Publikation","","","",0,*,"","","","BackboneElement {[]} {[]}
","Publikationen eines Forschungsvorhabens","Publikationen eines Forschungsvorhabens","","","","","","","","","",,,,,"",,,,"mii-lm-studie-logicalmodel.Publikation",0,*,"","ele-1:All FHIR elements must have a @value or children {hasValue() or (children().count() > id.count())}
"
"mii-lm-studie-logicalmodel","mii-lm-studie-logicalmodel.Publikation.id","mii-lm-studie-logicalmodel.Publikation.id","","","",0,1,"","","","string {[]} {[]}
","Unique id for inter-element referencing","Unique id for the element within a resource (for internal references). This may be any string value that does not contain spaces.","","","","","","","","","",,,,,"",,,,"Element.id",0,1,"",""
"mii-lm-studie-logicalmodel","mii-lm-studie-logicalmodel.Publikation.extension","mii-lm-studie-logicalmodel.Publikation.extension","","extensions
user content","",0,*,"","","","Extension {[]} {[]}
","Additional content defined by implementations","May be used to represent additional information that is not part of the basic definition of the element. To make the use of extensions safe and manageable, there is a strict set of governance  applied to the definition and use of extensions. Though any implementer can define an extension, there is a set of requirements that SHALL be met as part of the definition of the extension.","There can be no stigma associated with the use of extensions by any application, project, or standard - regardless of the institution or jurisdiction that uses or defines the extensions.  The use of extensions is what allows the FHIR specification to retain a core level of simplicity for everyone.","","","","","","","","",,,,,"","value:url}
","Extensions are always sliced by (at least) url",,"open","Element.extension",0,*,"","ele-1:All FHIR elements must have a @value or children {hasValue() or (children().count() > id.count())}
ext-1:Must have either extensions or value[x], not both {extension.exists() != value.exists()}"
"mii-lm-studie-logicalmodel","mii-lm-studie-logicalmodel.Publikation.modifierExtension","mii-lm-studie-logicalmodel.Publikation.modifierExtension","","extensions
user contentmodifiers","",0,*,"","Y","Y","Extension {[]} {[]}
","Extensions that cannot be ignored even if unrecognized","May be used to represent additional information that is not part of the basic definition of the element and that modifies the understanding of the element in which it is contained and/or the understanding of the containing element's descendants. Usually modifier elements provide negation or qualification. To make the use of extensions safe and manageable, there is a strict set of governance applied to the definition and use of extensions. Though any implementer can define an extension, there is a set of requirements that SHALL be met as part of the definition of the extension. Applications processing a resource are required to check for modifier extensions.

Modifier extensions SHALL NOT change the meaning of any elements on Resource or DomainResource (including cannot change the meaning of modifierExtension itself).","There can be no stigma associated with the use of extensions by any application, project, or standard - regardless of the institution or jurisdiction that uses or defines the extensions.  The use of extensions is what allows the FHIR specification to retain a core level of simplicity for everyone.","Modifier extensions allow for extensions that *cannot* be safely ignored to be clearly distinguished from the vast majority of extensions which can be safely ignored.  This promotes interoperability by eliminating the need for implementers to prohibit the presence of extensions. For further information, see the [definition of modifier extensions](http://hl7.org/fhir/R4/extensibility.html#modifierExtension).","","","","","","","",,,,,"",,,,"BackboneElement.modifierExtension",0,*,"","ele-1:All FHIR elements must have a @value or children {hasValue() or (children().count() > id.count())}
ext-1:Must have either extensions or value[x], not both {extension.exists() != value.exists()}"
"mii-lm-studie-logicalmodel","mii-lm-studie-logicalmodel.Publikation.url","mii-lm-studie-logicalmodel.Publikation.url","","","",0,*,"","","","string {[]} {[]}
","URL einer Publikation","URL einer Publikation","","","","","","","","","",,,,,"",,,,"mii-lm-studie-logicalmodel.Publikation.url",0,*,"",""
"mii-lm-studie-logicalmodel","mii-lm-studie-logicalmodel.Publikation.Titel","mii-lm-studie-logicalmodel.Publikation.Titel","","","",0,*,"","","","string {[]} {[]}
","Titel einer Publikation","Titel einer Publikation","","","","","","","","","",,,,,"",,,,"mii-lm-studie-logicalmodel.Publikation.Titel",0,*,"",""
"mii-lm-studie-logicalmodel","mii-lm-studie-logicalmodel.Publikation.Autor","mii-lm-studie-logicalmodel.Publikation.Autor","","","",0,*,"","","","string {[]} {[]}
","Autor einer Publikation","Autor einer Publikation","","","","","","","","","",,,,,"",,,,"mii-lm-studie-logicalmodel.Publikation.Autor",0,*,"",""
"mii-lm-studie-logicalmodel","mii-lm-studie-logicalmodel.Rekrutierungsstatus","mii-lm-studie-logicalmodel.Rekrutierungsstatus","","","",0,*,"","","","code {[]} {[]}
","Rekrutierungsstatus einer Studie","Rekrutierungsstatus einer Studie","","","","","","","","","",,,,,"",,,,"mii-lm-studie-logicalmodel.Rekrutierungsstatus",0,*,"",""
"mii-lm-studie-logicalmodel","mii-lm-studie-logicalmodel.Studienphase","mii-lm-studie-logicalmodel.Studienphase","","","",0,*,"","","","code {[]} {[]}
","Studienphase einer Studie","Studienphase einer Studie","","","","","","","","","",,,,,"",,,,"mii-lm-studie-logicalmodel.Studienphase",0,*,"",""
"mii-lm-studie-logicalmodel","mii-lm-studie-logicalmodel.Studienstatus","mii-lm-studie-logicalmodel.Studienstatus","","","",0,*,"","","","code {[]} {[]}
","Studienstatus einer Studie","Studienstatus einer Studie","","","","","","","","","",,,,,"",,,,"mii-lm-studie-logicalmodel.Studienstatus",0,*,"",""
"mii-lm-studie-logicalmodel","mii-lm-studie-logicalmodel.Datenerhebung","mii-lm-studie-logicalmodel.Datenerhebung","","","",0,*,"","","","BackboneElement {[]} {[]}
","Beschreibung einer Datenerhebung einer Studie","Beschreibung einer Datenerhebung einer Studie","","","","","","","","","",,,,,"",,,,"mii-lm-studie-logicalmodel.Datenerhebung",0,*,"","ele-1:All FHIR elements must have a @value or children {hasValue() or (children().count() > id.count())}
"
"mii-lm-studie-logicalmodel","mii-lm-studie-logicalmodel.Datenerhebung.id","mii-lm-studie-logicalmodel.Datenerhebung.id","","","",0,1,"","","","string {[]} {[]}
","Unique id for inter-element referencing","Unique id for the element within a resource (for internal references). This may be any string value that does not contain spaces.","","","","","","","","","",,,,,"",,,,"Element.id",0,1,"",""
"mii-lm-studie-logicalmodel","mii-lm-studie-logicalmodel.Datenerhebung.extension","mii-lm-studie-logicalmodel.Datenerhebung.extension","","extensions
user content","",0,*,"","","","Extension {[]} {[]}
","Additional content defined by implementations","May be used to represent additional information that is not part of the basic definition of the element. To make the use of extensions safe and manageable, there is a strict set of governance  applied to the definition and use of extensions. Though any implementer can define an extension, there is a set of requirements that SHALL be met as part of the definition of the extension.","There can be no stigma associated with the use of extensions by any application, project, or standard - regardless of the institution or jurisdiction that uses or defines the extensions.  The use of extensions is what allows the FHIR specification to retain a core level of simplicity for everyone.","","","","","","","","",,,,,"","value:url}
","Extensions are always sliced by (at least) url",,"open","Element.extension",0,*,"","ele-1:All FHIR elements must have a @value or children {hasValue() or (children().count() > id.count())}
ext-1:Must have either extensions or value[x], not both {extension.exists() != value.exists()}"
"mii-lm-studie-logicalmodel","mii-lm-studie-logicalmodel.Datenerhebung.modifierExtension","mii-lm-studie-logicalmodel.Datenerhebung.modifierExtension","","extensions
user contentmodifiers","",0,*,"","Y","Y","Extension {[]} {[]}
","Extensions that cannot be ignored even if unrecognized","May be used to represent additional information that is not part of the basic definition of the element and that modifies the understanding of the element in which it is contained and/or the understanding of the containing element's descendants. Usually modifier elements provide negation or qualification. To make the use of extensions safe and manageable, there is a strict set of governance applied to the definition and use of extensions. Though any implementer can define an extension, there is a set of requirements that SHALL be met as part of the definition of the extension. Applications processing a resource are required to check for modifier extensions.

Modifier extensions SHALL NOT change the meaning of any elements on Resource or DomainResource (including cannot change the meaning of modifierExtension itself).","There can be no stigma associated with the use of extensions by any application, project, or standard - regardless of the institution or jurisdiction that uses or defines the extensions.  The use of extensions is what allows the FHIR specification to retain a core level of simplicity for everyone.","Modifier extensions allow for extensions that *cannot* be safely ignored to be clearly distinguished from the vast majority of extensions which can be safely ignored.  This promotes interoperability by eliminating the need for implementers to prohibit the presence of extensions. For further information, see the [definition of modifier extensions](http://hl7.org/fhir/R4/extensibility.html#modifierExtension).","","","","","","","",,,,,"",,,,"BackboneElement.modifierExtension",0,*,"","ele-1:All FHIR elements must have a @value or children {hasValue() or (children().count() > id.count())}
ext-1:Must have either extensions or value[x], not both {extension.exists() != value.exists()}"
"mii-lm-studie-logicalmodel","mii-lm-studie-logicalmodel.Datenerhebung.Dokument","mii-lm-studie-logicalmodel.Datenerhebung.Dokument","","","",0,*,"","","","BackboneElement {[]} {[]}
","Dokument einer Datenerhebung","Dokument einer Datenerhebung","","","","","","","","","",,,,,"",,,,"mii-lm-studie-logicalmodel.Datenerhebung.Dokument",0,*,"","ele-1:All FHIR elements must have a @value or children {hasValue() or (children().count() > id.count())}
"
"mii-lm-studie-logicalmodel","mii-lm-studie-logicalmodel.Datenerhebung.Dokument.id","mii-lm-studie-logicalmodel.Datenerhebung.Dokument.id","","","",0,1,"","","","string {[]} {[]}
","Unique id for inter-element referencing","Unique id for the element within a resource (for internal references). This may be any string value that does not contain spaces.","","","","","","","","","",,,,,"",,,,"Element.id",0,1,"",""
"mii-lm-studie-logicalmodel","mii-lm-studie-logicalmodel.Datenerhebung.Dokument.extension","mii-lm-studie-logicalmodel.Datenerhebung.Dokument.extension","","extensions
user content","",0,*,"","","","Extension {[]} {[]}
","Additional content defined by implementations","May be used to represent additional information that is not part of the basic definition of the element. To make the use of extensions safe and manageable, there is a strict set of governance  applied to the definition and use of extensions. Though any implementer can define an extension, there is a set of requirements that SHALL be met as part of the definition of the extension.","There can be no stigma associated with the use of extensions by any application, project, or standard - regardless of the institution or jurisdiction that uses or defines the extensions.  The use of extensions is what allows the FHIR specification to retain a core level of simplicity for everyone.","","","","","","","","",,,,,"","value:url}
","Extensions are always sliced by (at least) url",,"open","Element.extension",0,*,"","ele-1:All FHIR elements must have a @value or children {hasValue() or (children().count() > id.count())}
ext-1:Must have either extensions or value[x], not both {extension.exists() != value.exists()}"
"mii-lm-studie-logicalmodel","mii-lm-studie-logicalmodel.Datenerhebung.Dokument.modifierExtension","mii-lm-studie-logicalmodel.Datenerhebung.Dokument.modifierExtension","","extensions
user contentmodifiers","",0,*,"","Y","Y","Extension {[]} {[]}
","Extensions that cannot be ignored even if unrecognized","May be used to represent additional information that is not part of the basic definition of the element and that modifies the understanding of the element in which it is contained and/or the understanding of the containing element's descendants. Usually modifier elements provide negation or qualification. To make the use of extensions safe and manageable, there is a strict set of governance applied to the definition and use of extensions. Though any implementer can define an extension, there is a set of requirements that SHALL be met as part of the definition of the extension. Applications processing a resource are required to check for modifier extensions.

Modifier extensions SHALL NOT change the meaning of any elements on Resource or DomainResource (including cannot change the meaning of modifierExtension itself).","There can be no stigma associated with the use of extensions by any application, project, or standard - regardless of the institution or jurisdiction that uses or defines the extensions.  The use of extensions is what allows the FHIR specification to retain a core level of simplicity for everyone.","Modifier extensions allow for extensions that *cannot* be safely ignored to be clearly distinguished from the vast majority of extensions which can be safely ignored.  This promotes interoperability by eliminating the need for implementers to prohibit the presence of extensions. For further information, see the [definition of modifier extensions](http://hl7.org/fhir/R4/extensibility.html#modifierExtension).","","","","","","","",,,,,"",,,,"BackboneElement.modifierExtension",0,*,"","ele-1:All FHIR elements must have a @value or children {hasValue() or (children().count() > id.count())}
ext-1:Must have either extensions or value[x], not both {extension.exists() != value.exists()}"
"mii-lm-studie-logicalmodel","mii-lm-studie-logicalmodel.Datenerhebung.Dokument.Name","mii-lm-studie-logicalmodel.Datenerhebung.Dokument.Name","","","",0,*,"","","","string {[]} {[]}
","Name eines Dokumentes","Name eines Dokumentes","","","","","","","","","",,,,,"",,,,"mii-lm-studie-logicalmodel.Datenerhebung.Dokument.Name",0,*,"",""
"mii-lm-studie-logicalmodel","mii-lm-studie-logicalmodel.Datenerhebung.Dokument.Autor","mii-lm-studie-logicalmodel.Datenerhebung.Dokument.Autor","","","",0,*,"","","","string {[]} {[]}
","Autor eines Dokumentes","Autor eines Dokumentes","","","","","","","","","",,,,,"",,,,"mii-lm-studie-logicalmodel.Datenerhebung.Dokument.Autor",0,*,"",""
"mii-lm-studie-logicalmodel","mii-lm-studie-logicalmodel.Datenerhebung.Dokument.Dateityp","mii-lm-studie-logicalmodel.Datenerhebung.Dokument.Dateityp","","","",0,*,"","","","string {[]} {[]}
","Dateityp eines Dokumentes","Dateityp eines Dokumentes","","","","","","","","","",,,,,"",,,,"mii-lm-studie-logicalmodel.Datenerhebung.Dokument.Dateityp",0,*,"",""
"mii-lm-studie-logicalmodel","mii-lm-studie-logicalmodel.Datenerhebung.Dokument.Standort","mii-lm-studie-logicalmodel.Datenerhebung.Dokument.Standort","","","",0,*,"","","","BackboneElement {[]} {[]}
","Standort eines Dokumentes","Standort eines Dokumentes","","","","","","","","","",,,,,"",,,,"mii-lm-studie-logicalmodel.Datenerhebung.Dokument.Standort",0,*,"","ele-1:All FHIR elements must have a @value or children {hasValue() or (children().count() > id.count())}
"
"mii-lm-studie-logicalmodel","mii-lm-studie-logicalmodel.Datenerhebung.Dokument.Standort.id","mii-lm-studie-logicalmodel.Datenerhebung.Dokument.Standort.id","","","",0,1,"","","","string {[]} {[]}
","Unique id for inter-element referencing","Unique id for the element within a resource (for internal references). This may be any string value that does not contain spaces.","","","","","","","","","",,,,,"",,,,"Element.id",0,1,"",""
"mii-lm-studie-logicalmodel","mii-lm-studie-logicalmodel.Datenerhebung.Dokument.Standort.extension","mii-lm-studie-logicalmodel.Datenerhebung.Dokument.Standort.extension","","extensions
user content","",0,*,"","","","Extension {[]} {[]}
","Additional content defined by implementations","May be used to represent additional information that is not part of the basic definition of the element. To make the use of extensions safe and manageable, there is a strict set of governance  applied to the definition and use of extensions. Though any implementer can define an extension, there is a set of requirements that SHALL be met as part of the definition of the extension.","There can be no stigma associated with the use of extensions by any application, project, or standard - regardless of the institution or jurisdiction that uses or defines the extensions.  The use of extensions is what allows the FHIR specification to retain a core level of simplicity for everyone.","","","","","","","","",,,,,"","value:url}
","Extensions are always sliced by (at least) url",,"open","Element.extension",0,*,"","ele-1:All FHIR elements must have a @value or children {hasValue() or (children().count() > id.count())}
ext-1:Must have either extensions or value[x], not both {extension.exists() != value.exists()}"
"mii-lm-studie-logicalmodel","mii-lm-studie-logicalmodel.Datenerhebung.Dokument.Standort.modifierExtension","mii-lm-studie-logicalmodel.Datenerhebung.Dokument.Standort.modifierExtension","","extensions
user contentmodifiers","",0,*,"","Y","Y","Extension {[]} {[]}
","Extensions that cannot be ignored even if unrecognized","May be used to represent additional information that is not part of the basic definition of the element and that modifies the understanding of the element in which it is contained and/or the understanding of the containing element's descendants. Usually modifier elements provide negation or qualification. To make the use of extensions safe and manageable, there is a strict set of governance applied to the definition and use of extensions. Though any implementer can define an extension, there is a set of requirements that SHALL be met as part of the definition of the extension. Applications processing a resource are required to check for modifier extensions.

Modifier extensions SHALL NOT change the meaning of any elements on Resource or DomainResource (including cannot change the meaning of modifierExtension itself).","There can be no stigma associated with the use of extensions by any application, project, or standard - regardless of the institution or jurisdiction that uses or defines the extensions.  The use of extensions is what allows the FHIR specification to retain a core level of simplicity for everyone.","Modifier extensions allow for extensions that *cannot* be safely ignored to be clearly distinguished from the vast majority of extensions which can be safely ignored.  This promotes interoperability by eliminating the need for implementers to prohibit the presence of extensions. For further information, see the [definition of modifier extensions](http://hl7.org/fhir/R4/extensibility.html#modifierExtension).","","","","","","","",,,,,"",,,,"BackboneElement.modifierExtension",0,*,"","ele-1:All FHIR elements must have a @value or children {hasValue() or (children().count() > id.count())}
ext-1:Must have either extensions or value[x], not both {extension.exists() != value.exists()}"
"mii-lm-studie-logicalmodel","mii-lm-studie-logicalmodel.Datenerhebung.Dokument.Standort.Strasse","mii-lm-studie-logicalmodel.Datenerhebung.Dokument.Standort.Strasse","","","",0,*,"","","","string {[]} {[]}
","Strasse einer Adresse","Strasse einer Adresse","","","","","","","","","",,,,,"",,,,"mii-lm-studie-logicalmodel.Datenerhebung.Dokument.Standort.Strasse",0,*,"",""
"mii-lm-studie-logicalmodel","mii-lm-studie-logicalmodel.Datenerhebung.Dokument.Standort.Adresse","mii-lm-studie-logicalmodel.Datenerhebung.Dokument.Standort.Adresse","","","",0,*,"","","","BackboneElement {[]} {[]}
","Adresse eines Standorts","Adresse eines Standorts","","","","","","","","","",,,,,"",,,,"mii-lm-studie-logicalmodel.Datenerhebung.Dokument.Standort.Adresse",0,*,"","ele-1:All FHIR elements must have a @value or children {hasValue() or (children().count() > id.count())}
"
"mii-lm-studie-logicalmodel","mii-lm-studie-logicalmodel.Datenerhebung.Dokument.Standort.Adresse.id","mii-lm-studie-logicalmodel.Datenerhebung.Dokument.Standort.Adresse.id","","","",0,1,"","","","string {[]} {[]}
","Unique id for inter-element referencing","Unique id for the element within a resource (for internal references). This may be any string value that does not contain spaces.","","","","","","","","","",,,,,"",,,,"Element.id",0,1,"",""
"mii-lm-studie-logicalmodel","mii-lm-studie-logicalmodel.Datenerhebung.Dokument.Standort.Adresse.extension","mii-lm-studie-logicalmodel.Datenerhebung.Dokument.Standort.Adresse.extension","","extensions
user content","",0,*,"","","","Extension {[]} {[]}
","Additional content defined by implementations","May be used to represent additional information that is not part of the basic definition of the element. To make the use of extensions safe and manageable, there is a strict set of governance  applied to the definition and use of extensions. Though any implementer can define an extension, there is a set of requirements that SHALL be met as part of the definition of the extension.","There can be no stigma associated with the use of extensions by any application, project, or standard - regardless of the institution or jurisdiction that uses or defines the extensions.  The use of extensions is what allows the FHIR specification to retain a core level of simplicity for everyone.","","","","","","","","",,,,,"","value:url}
","Extensions are always sliced by (at least) url",,"open","Element.extension",0,*,"","ele-1:All FHIR elements must have a @value or children {hasValue() or (children().count() > id.count())}
ext-1:Must have either extensions or value[x], not both {extension.exists() != value.exists()}"
"mii-lm-studie-logicalmodel","mii-lm-studie-logicalmodel.Datenerhebung.Dokument.Standort.Adresse.modifierExtension","mii-lm-studie-logicalmodel.Datenerhebung.Dokument.Standort.Adresse.modifierExtension","","extensions
user contentmodifiers","",0,*,"","Y","Y","Extension {[]} {[]}
","Extensions that cannot be ignored even if unrecognized","May be used to represent additional information that is not part of the basic definition of the element and that modifies the understanding of the element in which it is contained and/or the understanding of the containing element's descendants. Usually modifier elements provide negation or qualification. To make the use of extensions safe and manageable, there is a strict set of governance applied to the definition and use of extensions. Though any implementer can define an extension, there is a set of requirements that SHALL be met as part of the definition of the extension. Applications processing a resource are required to check for modifier extensions.

Modifier extensions SHALL NOT change the meaning of any elements on Resource or DomainResource (including cannot change the meaning of modifierExtension itself).","There can be no stigma associated with the use of extensions by any application, project, or standard - regardless of the institution or jurisdiction that uses or defines the extensions.  The use of extensions is what allows the FHIR specification to retain a core level of simplicity for everyone.","Modifier extensions allow for extensions that *cannot* be safely ignored to be clearly distinguished from the vast majority of extensions which can be safely ignored.  This promotes interoperability by eliminating the need for implementers to prohibit the presence of extensions. For further information, see the [definition of modifier extensions](http://hl7.org/fhir/R4/extensibility.html#modifierExtension).","","","","","","","",,,,,"",,,,"BackboneElement.modifierExtension",0,*,"","ele-1:All FHIR elements must have a @value or children {hasValue() or (children().count() > id.count())}
ext-1:Must have either extensions or value[x], not both {extension.exists() != value.exists()}"
"mii-lm-studie-logicalmodel","mii-lm-studie-logicalmodel.Datenerhebung.Dokument.Standort.Adresse.Strasse","mii-lm-studie-logicalmodel.Datenerhebung.Dokument.Standort.Adresse.Strasse","","","",0,*,"","","","string {[]} {[]}
","Strasse einer Adresse","Strasse einer Adresse","","","","","","","","","",,,,,"",,,,"mii-lm-studie-logicalmodel.Datenerhebung.Dokument.Standort.Adresse.Strasse",0,*,"",""
"mii-lm-studie-logicalmodel","mii-lm-studie-logicalmodel.Datenerhebung.Dokument.Standort.Adresse.Hausnummer","mii-lm-studie-logicalmodel.Datenerhebung.Dokument.Standort.Adresse.Hausnummer","","","",0,*,"","","","string {[]} {[]}
","Hausnummer einer Adresse","Hausnummer einer Adresse","","","","","","","","","",,,,,"",,,,"mii-lm-studie-logicalmodel.Datenerhebung.Dokument.Standort.Adresse.Hausnummer",0,*,"",""
"mii-lm-studie-logicalmodel","mii-lm-studie-logicalmodel.Datenerhebung.Dokument.Standort.Adresse.PLZ","mii-lm-studie-logicalmodel.Datenerhebung.Dokument.Standort.Adresse.PLZ","","","",0,*,"","","","string {[]} {[]}
","PLZ einer Adresse","PLZ einer Adresse","","","","","","","","","",,,,,"",,,,"mii-lm-studie-logicalmodel.Datenerhebung.Dokument.Standort.Adresse.PLZ",0,*,"",""
"mii-lm-studie-logicalmodel","mii-lm-studie-logicalmodel.Datenerhebung.Dokument.Standort.Adresse.Wohnort","mii-lm-studie-logicalmodel.Datenerhebung.Dokument.Standort.Adresse.Wohnort","","","",0,*,"","","","string {[]} {[]}
","Wohnort einer Adresse","Wohnort einer Adresse","","","","","","","","","",,,,,"",,,,"mii-lm-studie-logicalmodel.Datenerhebung.Dokument.Standort.Adresse.Wohnort",0,*,"",""
"mii-lm-studie-logicalmodel","mii-lm-studie-logicalmodel.Datenerhebung.Dokument.Standort.Adresse.Land","mii-lm-studie-logicalmodel.Datenerhebung.Dokument.Standort.Adresse.Land","","","",0,*,"","","","code {[]} {[]}
","Land einer Adresse","Land einer Adresse","","","","","","","","","",,,,,"",,,,"mii-lm-studie-logicalmodel.Datenerhebung.Dokument.Standort.Adresse.Land",0,*,"",""
"mii-lm-studie-logicalmodel","mii-lm-studie-logicalmodel.Datenerhebung.Dokument.Dateigroesse","mii-lm-studie-logicalmodel.Datenerhebung.Dokument.Dateigroesse","","","",0,*,"","","","Quantity {[]} {[]}
","Dateigrösse eines Dokumentes","Dateigrösse eines Dokumentes","","","","","","","","","",,,,,"",,,,"mii-lm-studie-logicalmodel.Datenerhebung.Dokument.Dateigroesse",0,*,"",""
"mii-lm-studie-logicalmodel","mii-lm-studie-logicalmodel.Datenerhebung.Dokument.url","mii-lm-studie-logicalmodel.Datenerhebung.Dokument.url","","","",0,*,"","","","string {[]} {[]}
","URL eines Dokumentes","URL eines Dokumentes","","","","","","","","","",,,,,"",,,,"mii-lm-studie-logicalmodel.Datenerhebung.Dokument.url",0,*,"",""
"mii-lm-studie-logicalmodel","mii-lm-studie-logicalmodel.Rechtsgrundlage","mii-lm-studie-logicalmodel.Rechtsgrundlage","","","",0,*,"","","","BackboneElement {[]} {[]}
","Rechtsgrundlage einer Studie","Rechtsgrundlage einer Studie","","","","","","","","","",,,,,"",,,,"mii-lm-studie-logicalmodel.Rechtsgrundlage",0,*,"","ele-1:All FHIR elements must have a @value or children {hasValue() or (children().count() > id.count())}
"
"mii-lm-studie-logicalmodel","mii-lm-studie-logicalmodel.Rechtsgrundlage.id","mii-lm-studie-logicalmodel.Rechtsgrundlage.id","","","",0,1,"","","","string {[]} {[]}
","Unique id for inter-element referencing","Unique id for the element within a resource (for internal references). This may be any string value that does not contain spaces.","","","","","","","","","",,,,,"",,,,"Element.id",0,1,"",""
"mii-lm-studie-logicalmodel","mii-lm-studie-logicalmodel.Rechtsgrundlage.extension","mii-lm-studie-logicalmodel.Rechtsgrundlage.extension","","extensions
user content","",0,*,"","","","Extension {[]} {[]}
","Additional content defined by implementations","May be used to represent additional information that is not part of the basic definition of the element. To make the use of extensions safe and manageable, there is a strict set of governance  applied to the definition and use of extensions. Though any implementer can define an extension, there is a set of requirements that SHALL be met as part of the definition of the extension.","There can be no stigma associated with the use of extensions by any application, project, or standard - regardless of the institution or jurisdiction that uses or defines the extensions.  The use of extensions is what allows the FHIR specification to retain a core level of simplicity for everyone.","","","","","","","","",,,,,"","value:url}
","Extensions are always sliced by (at least) url",,"open","Element.extension",0,*,"","ele-1:All FHIR elements must have a @value or children {hasValue() or (children().count() > id.count())}
ext-1:Must have either extensions or value[x], not both {extension.exists() != value.exists()}"
"mii-lm-studie-logicalmodel","mii-lm-studie-logicalmodel.Rechtsgrundlage.modifierExtension","mii-lm-studie-logicalmodel.Rechtsgrundlage.modifierExtension","","extensions
user contentmodifiers","",0,*,"","Y","Y","Extension {[]} {[]}
","Extensions that cannot be ignored even if unrecognized","May be used to represent additional information that is not part of the basic definition of the element and that modifies the understanding of the element in which it is contained and/or the understanding of the containing element's descendants. Usually modifier elements provide negation or qualification. To make the use of extensions safe and manageable, there is a strict set of governance applied to the definition and use of extensions. Though any implementer can define an extension, there is a set of requirements that SHALL be met as part of the definition of the extension. Applications processing a resource are required to check for modifier extensions.

Modifier extensions SHALL NOT change the meaning of any elements on Resource or DomainResource (including cannot change the meaning of modifierExtension itself).","There can be no stigma associated with the use of extensions by any application, project, or standard - regardless of the institution or jurisdiction that uses or defines the extensions.  The use of extensions is what allows the FHIR specification to retain a core level of simplicity for everyone.","Modifier extensions allow for extensions that *cannot* be safely ignored to be clearly distinguished from the vast majority of extensions which can be safely ignored.  This promotes interoperability by eliminating the need for implementers to prohibit the presence of extensions. For further information, see the [definition of modifier extensions](http://hl7.org/fhir/R4/extensibility.html#modifierExtension).","","","","","","","",,,,,"",,,,"BackboneElement.modifierExtension",0,*,"","ele-1:All FHIR elements must have a @value or children {hasValue() or (children().count() > id.count())}
ext-1:Must have either extensions or value[x], not both {extension.exists() != value.exists()}"
"mii-lm-studie-logicalmodel","mii-lm-studie-logicalmodel.Rechtsgrundlage.Dokument","mii-lm-studie-logicalmodel.Rechtsgrundlage.Dokument","","","",0,*,"","","","BackboneElement {[]} {[]}
","Dokument einer Rechtsgrundlage","Dokument einer Rechtsgrundlage","","","","","","","","","",,,,,"",,,,"mii-lm-studie-logicalmodel.Rechtsgrundlage.Dokument",0,*,"","ele-1:All FHIR elements must have a @value or children {hasValue() or (children().count() > id.count())}
"
"mii-lm-studie-logicalmodel","mii-lm-studie-logicalmodel.Rechtsgrundlage.Dokument.id","mii-lm-studie-logicalmodel.Rechtsgrundlage.Dokument.id","","","",0,1,"","","","string {[]} {[]}
","Unique id for inter-element referencing","Unique id for the element within a resource (for internal references). This may be any string value that does not contain spaces.","","","","","","","","","",,,,,"",,,,"Element.id",0,1,"",""
"mii-lm-studie-logicalmodel","mii-lm-studie-logicalmodel.Rechtsgrundlage.Dokument.extension","mii-lm-studie-logicalmodel.Rechtsgrundlage.Dokument.extension","","extensions
user content","",0,*,"","","","Extension {[]} {[]}
","Additional content defined by implementations","May be used to represent additional information that is not part of the basic definition of the element. To make the use of extensions safe and manageable, there is a strict set of governance  applied to the definition and use of extensions. Though any implementer can define an extension, there is a set of requirements that SHALL be met as part of the definition of the extension.","There can be no stigma associated with the use of extensions by any application, project, or standard - regardless of the institution or jurisdiction that uses or defines the extensions.  The use of extensions is what allows the FHIR specification to retain a core level of simplicity for everyone.","","","","","","","","",,,,,"","value:url}
","Extensions are always sliced by (at least) url",,"open","Element.extension",0,*,"","ele-1:All FHIR elements must have a @value or children {hasValue() or (children().count() > id.count())}
ext-1:Must have either extensions or value[x], not both {extension.exists() != value.exists()}"
"mii-lm-studie-logicalmodel","mii-lm-studie-logicalmodel.Rechtsgrundlage.Dokument.modifierExtension","mii-lm-studie-logicalmodel.Rechtsgrundlage.Dokument.modifierExtension","","extensions
user contentmodifiers","",0,*,"","Y","Y","Extension {[]} {[]}
","Extensions that cannot be ignored even if unrecognized","May be used to represent additional information that is not part of the basic definition of the element and that modifies the understanding of the element in which it is contained and/or the understanding of the containing element's descendants. Usually modifier elements provide negation or qualification. To make the use of extensions safe and manageable, there is a strict set of governance applied to the definition and use of extensions. Though any implementer can define an extension, there is a set of requirements that SHALL be met as part of the definition of the extension. Applications processing a resource are required to check for modifier extensions.

Modifier extensions SHALL NOT change the meaning of any elements on Resource or DomainResource (including cannot change the meaning of modifierExtension itself).","There can be no stigma associated with the use of extensions by any application, project, or standard - regardless of the institution or jurisdiction that uses or defines the extensions.  The use of extensions is what allows the FHIR specification to retain a core level of simplicity for everyone.","Modifier extensions allow for extensions that *cannot* be safely ignored to be clearly distinguished from the vast majority of extensions which can be safely ignored.  This promotes interoperability by eliminating the need for implementers to prohibit the presence of extensions. For further information, see the [definition of modifier extensions](http://hl7.org/fhir/R4/extensibility.html#modifierExtension).","","","","","","","",,,,,"",,,,"BackboneElement.modifierExtension",0,*,"","ele-1:All FHIR elements must have a @value or children {hasValue() or (children().count() > id.count())}
ext-1:Must have either extensions or value[x], not both {extension.exists() != value.exists()}"
"mii-lm-studie-logicalmodel","mii-lm-studie-logicalmodel.Rechtsgrundlage.Dokument.Name","mii-lm-studie-logicalmodel.Rechtsgrundlage.Dokument.Name","","","",0,*,"","","","string {[]} {[]}
","Name eines Dokumentes","Name eines Dokumentes","","","","","","","","","",,,,,"",,,,"mii-lm-studie-logicalmodel.Rechtsgrundlage.Dokument.Name",0,*,"",""
"mii-lm-studie-logicalmodel","mii-lm-studie-logicalmodel.Rechtsgrundlage.Dokument.Autor","mii-lm-studie-logicalmodel.Rechtsgrundlage.Dokument.Autor","","","",0,*,"","","","string {[]} {[]}
","Autor eines Dokumentes","Autor eines Dokumentes","","","","","","","","","",,,,,"",,,,"mii-lm-studie-logicalmodel.Rechtsgrundlage.Dokument.Autor",0,*,"",""
"mii-lm-studie-logicalmodel","mii-lm-studie-logicalmodel.Rechtsgrundlage.Dokument.Dateityp","mii-lm-studie-logicalmodel.Rechtsgrundlage.Dokument.Dateityp","","","",0,*,"","","","string {[]} {[]}
","Dateityp eines Dokumentes","Dateityp eines Dokumentes","","","","","","","","","",,,,,"",,,,"mii-lm-studie-logicalmodel.Rechtsgrundlage.Dokument.Dateityp",0,*,"",""
"mii-lm-studie-logicalmodel","mii-lm-studie-logicalmodel.Rechtsgrundlage.Dokument.Standort","mii-lm-studie-logicalmodel.Rechtsgrundlage.Dokument.Standort","","","",0,*,"","","","BackboneElement {[]} {[]}
","Standort eines Dokumentes","Standort eines Dokumentes","","","","","","","","","",,,,,"",,,,"mii-lm-studie-logicalmodel.Rechtsgrundlage.Dokument.Standort",0,*,"","ele-1:All FHIR elements must have a @value or children {hasValue() or (children().count() > id.count())}
"
"mii-lm-studie-logicalmodel","mii-lm-studie-logicalmodel.Rechtsgrundlage.Dokument.Standort.id","mii-lm-studie-logicalmodel.Rechtsgrundlage.Dokument.Standort.id","","","",0,1,"","","","string {[]} {[]}
","Unique id for inter-element referencing","Unique id for the element within a resource (for internal references). This may be any string value that does not contain spaces.","","","","","","","","","",,,,,"",,,,"Element.id",0,1,"",""
"mii-lm-studie-logicalmodel","mii-lm-studie-logicalmodel.Rechtsgrundlage.Dokument.Standort.extension","mii-lm-studie-logicalmodel.Rechtsgrundlage.Dokument.Standort.extension","","extensions
user content","",0,*,"","","","Extension {[]} {[]}
","Additional content defined by implementations","May be used to represent additional information that is not part of the basic definition of the element. To make the use of extensions safe and manageable, there is a strict set of governance  applied to the definition and use of extensions. Though any implementer can define an extension, there is a set of requirements that SHALL be met as part of the definition of the extension.","There can be no stigma associated with the use of extensions by any application, project, or standard - regardless of the institution or jurisdiction that uses or defines the extensions.  The use of extensions is what allows the FHIR specification to retain a core level of simplicity for everyone.","","","","","","","","",,,,,"","value:url}
","Extensions are always sliced by (at least) url",,"open","Element.extension",0,*,"","ele-1:All FHIR elements must have a @value or children {hasValue() or (children().count() > id.count())}
ext-1:Must have either extensions or value[x], not both {extension.exists() != value.exists()}"
"mii-lm-studie-logicalmodel","mii-lm-studie-logicalmodel.Rechtsgrundlage.Dokument.Standort.modifierExtension","mii-lm-studie-logicalmodel.Rechtsgrundlage.Dokument.Standort.modifierExtension","","extensions
user contentmodifiers","",0,*,"","Y","Y","Extension {[]} {[]}
","Extensions that cannot be ignored even if unrecognized","May be used to represent additional information that is not part of the basic definition of the element and that modifies the understanding of the element in which it is contained and/or the understanding of the containing element's descendants. Usually modifier elements provide negation or qualification. To make the use of extensions safe and manageable, there is a strict set of governance applied to the definition and use of extensions. Though any implementer can define an extension, there is a set of requirements that SHALL be met as part of the definition of the extension. Applications processing a resource are required to check for modifier extensions.

Modifier extensions SHALL NOT change the meaning of any elements on Resource or DomainResource (including cannot change the meaning of modifierExtension itself).","There can be no stigma associated with the use of extensions by any application, project, or standard - regardless of the institution or jurisdiction that uses or defines the extensions.  The use of extensions is what allows the FHIR specification to retain a core level of simplicity for everyone.","Modifier extensions allow for extensions that *cannot* be safely ignored to be clearly distinguished from the vast majority of extensions which can be safely ignored.  This promotes interoperability by eliminating the need for implementers to prohibit the presence of extensions. For further information, see the [definition of modifier extensions](http://hl7.org/fhir/R4/extensibility.html#modifierExtension).","","","","","","","",,,,,"",,,,"BackboneElement.modifierExtension",0,*,"","ele-1:All FHIR elements must have a @value or children {hasValue() or (children().count() > id.count())}
ext-1:Must have either extensions or value[x], not both {extension.exists() != value.exists()}"
"mii-lm-studie-logicalmodel","mii-lm-studie-logicalmodel.Rechtsgrundlage.Dokument.Standort.Strasse","mii-lm-studie-logicalmodel.Rechtsgrundlage.Dokument.Standort.Strasse","","","",0,*,"","","","string {[]} {[]}
","Strasse einer Adresse","Strasse einer Adresse","","","","","","","","","",,,,,"",,,,"mii-lm-studie-logicalmodel.Rechtsgrundlage.Dokument.Standort.Strasse",0,*,"",""
"mii-lm-studie-logicalmodel","mii-lm-studie-logicalmodel.Rechtsgrundlage.Dokument.Standort.Adresse","mii-lm-studie-logicalmodel.Rechtsgrundlage.Dokument.Standort.Adresse","","","",0,*,"","","","BackboneElement {[]} {[]}
","Adresse eines Standorts","Adresse eines Standorts","","","","","","","","","",,,,,"",,,,"mii-lm-studie-logicalmodel.Rechtsgrundlage.Dokument.Standort.Adresse",0,*,"","ele-1:All FHIR elements must have a @value or children {hasValue() or (children().count() > id.count())}
"
"mii-lm-studie-logicalmodel","mii-lm-studie-logicalmodel.Rechtsgrundlage.Dokument.Standort.Adresse.id","mii-lm-studie-logicalmodel.Rechtsgrundlage.Dokument.Standort.Adresse.id","","","",0,1,"","","","string {[]} {[]}
","Unique id for inter-element referencing","Unique id for the element within a resource (for internal references). This may be any string value that does not contain spaces.","","","","","","","","","",,,,,"",,,,"Element.id",0,1,"",""
"mii-lm-studie-logicalmodel","mii-lm-studie-logicalmodel.Rechtsgrundlage.Dokument.Standort.Adresse.extension","mii-lm-studie-logicalmodel.Rechtsgrundlage.Dokument.Standort.Adresse.extension","","extensions
user content","",0,*,"","","","Extension {[]} {[]}
","Additional content defined by implementations","May be used to represent additional information that is not part of the basic definition of the element. To make the use of extensions safe and manageable, there is a strict set of governance  applied to the definition and use of extensions. Though any implementer can define an extension, there is a set of requirements that SHALL be met as part of the definition of the extension.","There can be no stigma associated with the use of extensions by any application, project, or standard - regardless of the institution or jurisdiction that uses or defines the extensions.  The use of extensions is what allows the FHIR specification to retain a core level of simplicity for everyone.","","","","","","","","",,,,,"","value:url}
","Extensions are always sliced by (at least) url",,"open","Element.extension",0,*,"","ele-1:All FHIR elements must have a @value or children {hasValue() or (children().count() > id.count())}
ext-1:Must have either extensions or value[x], not both {extension.exists() != value.exists()}"
"mii-lm-studie-logicalmodel","mii-lm-studie-logicalmodel.Rechtsgrundlage.Dokument.Standort.Adresse.modifierExtension","mii-lm-studie-logicalmodel.Rechtsgrundlage.Dokument.Standort.Adresse.modifierExtension","","extensions
user contentmodifiers","",0,*,"","Y","Y","Extension {[]} {[]}
","Extensions that cannot be ignored even if unrecognized","May be used to represent additional information that is not part of the basic definition of the element and that modifies the understanding of the element in which it is contained and/or the understanding of the containing element's descendants. Usually modifier elements provide negation or qualification. To make the use of extensions safe and manageable, there is a strict set of governance applied to the definition and use of extensions. Though any implementer can define an extension, there is a set of requirements that SHALL be met as part of the definition of the extension. Applications processing a resource are required to check for modifier extensions.

Modifier extensions SHALL NOT change the meaning of any elements on Resource or DomainResource (including cannot change the meaning of modifierExtension itself).","There can be no stigma associated with the use of extensions by any application, project, or standard - regardless of the institution or jurisdiction that uses or defines the extensions.  The use of extensions is what allows the FHIR specification to retain a core level of simplicity for everyone.","Modifier extensions allow for extensions that *cannot* be safely ignored to be clearly distinguished from the vast majority of extensions which can be safely ignored.  This promotes interoperability by eliminating the need for implementers to prohibit the presence of extensions. For further information, see the [definition of modifier extensions](http://hl7.org/fhir/R4/extensibility.html#modifierExtension).","","","","","","","",,,,,"",,,,"BackboneElement.modifierExtension",0,*,"","ele-1:All FHIR elements must have a @value or children {hasValue() or (children().count() > id.count())}
ext-1:Must have either extensions or value[x], not both {extension.exists() != value.exists()}"
"mii-lm-studie-logicalmodel","mii-lm-studie-logicalmodel.Rechtsgrundlage.Dokument.Standort.Adresse.Strasse","mii-lm-studie-logicalmodel.Rechtsgrundlage.Dokument.Standort.Adresse.Strasse","","","",0,*,"","","","string {[]} {[]}
","Strasse einer Adresse","Strasse einer Adresse","","","","","","","","","",,,,,"",,,,"mii-lm-studie-logicalmodel.Rechtsgrundlage.Dokument.Standort.Adresse.Strasse",0,*,"",""
"mii-lm-studie-logicalmodel","mii-lm-studie-logicalmodel.Rechtsgrundlage.Dokument.Standort.Adresse.Hausnummer","mii-lm-studie-logicalmodel.Rechtsgrundlage.Dokument.Standort.Adresse.Hausnummer","","","",0,*,"","","","string {[]} {[]}
","Hausnummer einer Adresse","Hausnummer einer Adresse","","","","","","","","","",,,,,"",,,,"mii-lm-studie-logicalmodel.Rechtsgrundlage.Dokument.Standort.Adresse.Hausnummer",0,*,"",""
"mii-lm-studie-logicalmodel","mii-lm-studie-logicalmodel.Rechtsgrundlage.Dokument.Standort.Adresse.PLZ","mii-lm-studie-logicalmodel.Rechtsgrundlage.Dokument.Standort.Adresse.PLZ","","","",0,*,"","","","string {[]} {[]}
","PLZ einer Adresse","PLZ einer Adresse","","","","","","","","","",,,,,"",,,,"mii-lm-studie-logicalmodel.Rechtsgrundlage.Dokument.Standort.Adresse.PLZ",0,*,"",""
"mii-lm-studie-logicalmodel","mii-lm-studie-logicalmodel.Rechtsgrundlage.Dokument.Standort.Adresse.Wohnort","mii-lm-studie-logicalmodel.Rechtsgrundlage.Dokument.Standort.Adresse.Wohnort","","","",0,*,"","","","string {[]} {[]}
","Wohnort einer Adresse","Wohnort einer Adresse","","","","","","","","","",,,,,"",,,,"mii-lm-studie-logicalmodel.Rechtsgrundlage.Dokument.Standort.Adresse.Wohnort",0,*,"",""
"mii-lm-studie-logicalmodel","mii-lm-studie-logicalmodel.Rechtsgrundlage.Dokument.Standort.Adresse.Land","mii-lm-studie-logicalmodel.Rechtsgrundlage.Dokument.Standort.Adresse.Land","","","",0,*,"","","","code {[]} {[]}
","Land einer Adresse","Land einer Adresse","","","","","","","","","",,,,,"",,,,"mii-lm-studie-logicalmodel.Rechtsgrundlage.Dokument.Standort.Adresse.Land",0,*,"",""
"mii-lm-studie-logicalmodel","mii-lm-studie-logicalmodel.Rechtsgrundlage.Dokument.Dateigroesse","mii-lm-studie-logicalmodel.Rechtsgrundlage.Dokument.Dateigroesse","","","",0,*,"","","","Quantity {[]} {[]}
","Dateigrösse eines Dokumentes","Dateigrösse eines Dokumentes","","","","","","","","","",,,,,"",,,,"mii-lm-studie-logicalmodel.Rechtsgrundlage.Dokument.Dateigroesse",0,*,"",""
"mii-lm-studie-logicalmodel","mii-lm-studie-logicalmodel.Rechtsgrundlage.Dokument.url","mii-lm-studie-logicalmodel.Rechtsgrundlage.Dokument.url","","","",0,*,"","","","string {[]} {[]}
","URL eines Dokumentes","URL eines Dokumentes","","","","","","","","","",,,,,"",,,,"mii-lm-studie-logicalmodel.Rechtsgrundlage.Dokument.url",0,*,"",""
"mii-lm-studie-logicalmodel","mii-lm-studie-logicalmodel.Datennutzungsantrag","mii-lm-studie-logicalmodel.Datennutzungsantrag","","","",0,*,"","","","BackboneElement {[]} {[]}
","Datennutzungsantrag einer Studie","Datennutzungsantrag einer Studie","","","","","","","","","",,,,,"",,,,"mii-lm-studie-logicalmodel.Datennutzungsantrag",0,*,"","ele-1:All FHIR elements must have a @value or children {hasValue() or (children().count() > id.count())}
"
"mii-lm-studie-logicalmodel","mii-lm-studie-logicalmodel.Datennutzungsantrag.id","mii-lm-studie-logicalmodel.Datennutzungsantrag.id","","","",0,1,"","","","string {[]} {[]}
","Unique id for inter-element referencing","Unique id for the element within a resource (for internal references). This may be any string value that does not contain spaces.","","","","","","","","","",,,,,"",,,,"Element.id",0,1,"",""
"mii-lm-studie-logicalmodel","mii-lm-studie-logicalmodel.Datennutzungsantrag.extension","mii-lm-studie-logicalmodel.Datennutzungsantrag.extension","","extensions
user content","",0,*,"","","","Extension {[]} {[]}
","Additional content defined by implementations","May be used to represent additional information that is not part of the basic definition of the element. To make the use of extensions safe and manageable, there is a strict set of governance  applied to the definition and use of extensions. Though any implementer can define an extension, there is a set of requirements that SHALL be met as part of the definition of the extension.","There can be no stigma associated with the use of extensions by any application, project, or standard - regardless of the institution or jurisdiction that uses or defines the extensions.  The use of extensions is what allows the FHIR specification to retain a core level of simplicity for everyone.","","","","","","","","",,,,,"","value:url}
","Extensions are always sliced by (at least) url",,"open","Element.extension",0,*,"","ele-1:All FHIR elements must have a @value or children {hasValue() or (children().count() > id.count())}
ext-1:Must have either extensions or value[x], not both {extension.exists() != value.exists()}"
"mii-lm-studie-logicalmodel","mii-lm-studie-logicalmodel.Datennutzungsantrag.modifierExtension","mii-lm-studie-logicalmodel.Datennutzungsantrag.modifierExtension","","extensions
user contentmodifiers","",0,*,"","Y","Y","Extension {[]} {[]}
","Extensions that cannot be ignored even if unrecognized","May be used to represent additional information that is not part of the basic definition of the element and that modifies the understanding of the element in which it is contained and/or the understanding of the containing element's descendants. Usually modifier elements provide negation or qualification. To make the use of extensions safe and manageable, there is a strict set of governance applied to the definition and use of extensions. Though any implementer can define an extension, there is a set of requirements that SHALL be met as part of the definition of the extension. Applications processing a resource are required to check for modifier extensions.

Modifier extensions SHALL NOT change the meaning of any elements on Resource or DomainResource (including cannot change the meaning of modifierExtension itself).","There can be no stigma associated with the use of extensions by any application, project, or standard - regardless of the institution or jurisdiction that uses or defines the extensions.  The use of extensions is what allows the FHIR specification to retain a core level of simplicity for everyone.","Modifier extensions allow for extensions that *cannot* be safely ignored to be clearly distinguished from the vast majority of extensions which can be safely ignored.  This promotes interoperability by eliminating the need for implementers to prohibit the presence of extensions. For further information, see the [definition of modifier extensions](http://hl7.org/fhir/R4/extensibility.html#modifierExtension).","","","","","","","",,,,,"",,,,"BackboneElement.modifierExtension",0,*,"","ele-1:All FHIR elements must have a @value or children {hasValue() or (children().count() > id.count())}
ext-1:Must have either extensions or value[x], not both {extension.exists() != value.exists()}"
"mii-lm-studie-logicalmodel","mii-lm-studie-logicalmodel.Datennutzungsantrag.Dokument","mii-lm-studie-logicalmodel.Datennutzungsantrag.Dokument","","","",0,*,"","","","BackboneElement {[]} {[]}
","Dokument eines Datennutzungsantrags","Dokument eines Datennutzungsantrags","","","","","","","","","",,,,,"",,,,"mii-lm-studie-logicalmodel.Datennutzungsantrag.Dokument",0,*,"","ele-1:All FHIR elements must have a @value or children {hasValue() or (children().count() > id.count())}
"
"mii-lm-studie-logicalmodel","mii-lm-studie-logicalmodel.Datennutzungsantrag.Dokument.id","mii-lm-studie-logicalmodel.Datennutzungsantrag.Dokument.id","","","",0,1,"","","","string {[]} {[]}
","Unique id for inter-element referencing","Unique id for the element within a resource (for internal references). This may be any string value that does not contain spaces.","","","","","","","","","",,,,,"",,,,"Element.id",0,1,"",""
"mii-lm-studie-logicalmodel","mii-lm-studie-logicalmodel.Datennutzungsantrag.Dokument.extension","mii-lm-studie-logicalmodel.Datennutzungsantrag.Dokument.extension","","extensions
user content","",0,*,"","","","Extension {[]} {[]}
","Additional content defined by implementations","May be used to represent additional information that is not part of the basic definition of the element. To make the use of extensions safe and manageable, there is a strict set of governance  applied to the definition and use of extensions. Though any implementer can define an extension, there is a set of requirements that SHALL be met as part of the definition of the extension.","There can be no stigma associated with the use of extensions by any application, project, or standard - regardless of the institution or jurisdiction that uses or defines the extensions.  The use of extensions is what allows the FHIR specification to retain a core level of simplicity for everyone.","","","","","","","","",,,,,"","value:url}
","Extensions are always sliced by (at least) url",,"open","Element.extension",0,*,"","ele-1:All FHIR elements must have a @value or children {hasValue() or (children().count() > id.count())}
ext-1:Must have either extensions or value[x], not both {extension.exists() != value.exists()}"
"mii-lm-studie-logicalmodel","mii-lm-studie-logicalmodel.Datennutzungsantrag.Dokument.modifierExtension","mii-lm-studie-logicalmodel.Datennutzungsantrag.Dokument.modifierExtension","","extensions
user contentmodifiers","",0,*,"","Y","Y","Extension {[]} {[]}
","Extensions that cannot be ignored even if unrecognized","May be used to represent additional information that is not part of the basic definition of the element and that modifies the understanding of the element in which it is contained and/or the understanding of the containing element's descendants. Usually modifier elements provide negation or qualification. To make the use of extensions safe and manageable, there is a strict set of governance applied to the definition and use of extensions. Though any implementer can define an extension, there is a set of requirements that SHALL be met as part of the definition of the extension. Applications processing a resource are required to check for modifier extensions.

Modifier extensions SHALL NOT change the meaning of any elements on Resource or DomainResource (including cannot change the meaning of modifierExtension itself).","There can be no stigma associated with the use of extensions by any application, project, or standard - regardless of the institution or jurisdiction that uses or defines the extensions.  The use of extensions is what allows the FHIR specification to retain a core level of simplicity for everyone.","Modifier extensions allow for extensions that *cannot* be safely ignored to be clearly distinguished from the vast majority of extensions which can be safely ignored.  This promotes interoperability by eliminating the need for implementers to prohibit the presence of extensions. For further information, see the [definition of modifier extensions](http://hl7.org/fhir/R4/extensibility.html#modifierExtension).","","","","","","","",,,,,"",,,,"BackboneElement.modifierExtension",0,*,"","ele-1:All FHIR elements must have a @value or children {hasValue() or (children().count() > id.count())}
ext-1:Must have either extensions or value[x], not both {extension.exists() != value.exists()}"
"mii-lm-studie-logicalmodel","mii-lm-studie-logicalmodel.Datennutzungsantrag.Dokument.Name","mii-lm-studie-logicalmodel.Datennutzungsantrag.Dokument.Name","","","",0,*,"","","","string {[]} {[]}
","Name eines Dokumentes","Name eines Dokumentes","","","","","","","","","",,,,,"",,,,"mii-lm-studie-logicalmodel.Datennutzungsantrag.Dokument.Name",0,*,"",""
"mii-lm-studie-logicalmodel","mii-lm-studie-logicalmodel.Datennutzungsantrag.Dokument.Autor","mii-lm-studie-logicalmodel.Datennutzungsantrag.Dokument.Autor","","","",0,*,"","","","string {[]} {[]}
","Autor eines Dokumentes","Autor eines Dokumentes","","","","","","","","","",,,,,"",,,,"mii-lm-studie-logicalmodel.Datennutzungsantrag.Dokument.Autor",0,*,"",""
"mii-lm-studie-logicalmodel","mii-lm-studie-logicalmodel.Datennutzungsantrag.Dokument.Dateityp","mii-lm-studie-logicalmodel.Datennutzungsantrag.Dokument.Dateityp","","","",0,*,"","","","string {[]} {[]}
","Dateityp eines Dokumentes","Dateityp eines Dokumentes","","","","","","","","","",,,,,"",,,,"mii-lm-studie-logicalmodel.Datennutzungsantrag.Dokument.Dateityp",0,*,"",""
"mii-lm-studie-logicalmodel","mii-lm-studie-logicalmodel.Datennutzungsantrag.Dokument.Standort","mii-lm-studie-logicalmodel.Datennutzungsantrag.Dokument.Standort","","","",0,*,"","","","BackboneElement {[]} {[]}
","Standort eines Dokumentes","Standort eines Dokumentes","","","","","","","","","",,,,,"",,,,"mii-lm-studie-logicalmodel.Datennutzungsantrag.Dokument.Standort",0,*,"","ele-1:All FHIR elements must have a @value or children {hasValue() or (children().count() > id.count())}
"
"mii-lm-studie-logicalmodel","mii-lm-studie-logicalmodel.Datennutzungsantrag.Dokument.Standort.id","mii-lm-studie-logicalmodel.Datennutzungsantrag.Dokument.Standort.id","","","",0,1,"","","","string {[]} {[]}
","Unique id for inter-element referencing","Unique id for the element within a resource (for internal references). This may be any string value that does not contain spaces.","","","","","","","","","",,,,,"",,,,"Element.id",0,1,"",""
"mii-lm-studie-logicalmodel","mii-lm-studie-logicalmodel.Datennutzungsantrag.Dokument.Standort.extension","mii-lm-studie-logicalmodel.Datennutzungsantrag.Dokument.Standort.extension","","extensions
user content","",0,*,"","","","Extension {[]} {[]}
","Additional content defined by implementations","May be used to represent additional information that is not part of the basic definition of the element. To make the use of extensions safe and manageable, there is a strict set of governance  applied to the definition and use of extensions. Though any implementer can define an extension, there is a set of requirements that SHALL be met as part of the definition of the extension.","There can be no stigma associated with the use of extensions by any application, project, or standard - regardless of the institution or jurisdiction that uses or defines the extensions.  The use of extensions is what allows the FHIR specification to retain a core level of simplicity for everyone.","","","","","","","","",,,,,"","value:url}
","Extensions are always sliced by (at least) url",,"open","Element.extension",0,*,"","ele-1:All FHIR elements must have a @value or children {hasValue() or (children().count() > id.count())}
ext-1:Must have either extensions or value[x], not both {extension.exists() != value.exists()}"
"mii-lm-studie-logicalmodel","mii-lm-studie-logicalmodel.Datennutzungsantrag.Dokument.Standort.modifierExtension","mii-lm-studie-logicalmodel.Datennutzungsantrag.Dokument.Standort.modifierExtension","","extensions
user contentmodifiers","",0,*,"","Y","Y","Extension {[]} {[]}
","Extensions that cannot be ignored even if unrecognized","May be used to represent additional information that is not part of the basic definition of the element and that modifies the understanding of the element in which it is contained and/or the understanding of the containing element's descendants. Usually modifier elements provide negation or qualification. To make the use of extensions safe and manageable, there is a strict set of governance applied to the definition and use of extensions. Though any implementer can define an extension, there is a set of requirements that SHALL be met as part of the definition of the extension. Applications processing a resource are required to check for modifier extensions.

Modifier extensions SHALL NOT change the meaning of any elements on Resource or DomainResource (including cannot change the meaning of modifierExtension itself).","There can be no stigma associated with the use of extensions by any application, project, or standard - regardless of the institution or jurisdiction that uses or defines the extensions.  The use of extensions is what allows the FHIR specification to retain a core level of simplicity for everyone.","Modifier extensions allow for extensions that *cannot* be safely ignored to be clearly distinguished from the vast majority of extensions which can be safely ignored.  This promotes interoperability by eliminating the need for implementers to prohibit the presence of extensions. For further information, see the [definition of modifier extensions](http://hl7.org/fhir/R4/extensibility.html#modifierExtension).","","","","","","","",,,,,"",,,,"BackboneElement.modifierExtension",0,*,"","ele-1:All FHIR elements must have a @value or children {hasValue() or (children().count() > id.count())}
ext-1:Must have either extensions or value[x], not both {extension.exists() != value.exists()}"
"mii-lm-studie-logicalmodel","mii-lm-studie-logicalmodel.Datennutzungsantrag.Dokument.Standort.Strasse","mii-lm-studie-logicalmodel.Datennutzungsantrag.Dokument.Standort.Strasse","","","",0,*,"","","","string {[]} {[]}
","Strasse einer Adresse","Strasse einer Adresse","","","","","","","","","",,,,,"",,,,"mii-lm-studie-logicalmodel.Datennutzungsantrag.Dokument.Standort.Strasse",0,*,"",""
"mii-lm-studie-logicalmodel","mii-lm-studie-logicalmodel.Datennutzungsantrag.Dokument.Standort.Adresse","mii-lm-studie-logicalmodel.Datennutzungsantrag.Dokument.Standort.Adresse","","","",0,*,"","","","BackboneElement {[]} {[]}
","Adresse eines Standorts","Adresse eines Standorts","","","","","","","","","",,,,,"",,,,"mii-lm-studie-logicalmodel.Datennutzungsantrag.Dokument.Standort.Adresse",0,*,"","ele-1:All FHIR elements must have a @value or children {hasValue() or (children().count() > id.count())}
"
"mii-lm-studie-logicalmodel","mii-lm-studie-logicalmodel.Datennutzungsantrag.Dokument.Standort.Adresse.id","mii-lm-studie-logicalmodel.Datennutzungsantrag.Dokument.Standort.Adresse.id","","","",0,1,"","","","string {[]} {[]}
","Unique id for inter-element referencing","Unique id for the element within a resource (for internal references). This may be any string value that does not contain spaces.","","","","","","","","","",,,,,"",,,,"Element.id",0,1,"",""
"mii-lm-studie-logicalmodel","mii-lm-studie-logicalmodel.Datennutzungsantrag.Dokument.Standort.Adresse.extension","mii-lm-studie-logicalmodel.Datennutzungsantrag.Dokument.Standort.Adresse.extension","","extensions
user content","",0,*,"","","","Extension {[]} {[]}
","Additional content defined by implementations","May be used to represent additional information that is not part of the basic definition of the element. To make the use of extensions safe and manageable, there is a strict set of governance  applied to the definition and use of extensions. Though any implementer can define an extension, there is a set of requirements that SHALL be met as part of the definition of the extension.","There can be no stigma associated with the use of extensions by any application, project, or standard - regardless of the institution or jurisdiction that uses or defines the extensions.  The use of extensions is what allows the FHIR specification to retain a core level of simplicity for everyone.","","","","","","","","",,,,,"","value:url}
","Extensions are always sliced by (at least) url",,"open","Element.extension",0,*,"","ele-1:All FHIR elements must have a @value or children {hasValue() or (children().count() > id.count())}
ext-1:Must have either extensions or value[x], not both {extension.exists() != value.exists()}"
"mii-lm-studie-logicalmodel","mii-lm-studie-logicalmodel.Datennutzungsantrag.Dokument.Standort.Adresse.modifierExtension","mii-lm-studie-logicalmodel.Datennutzungsantrag.Dokument.Standort.Adresse.modifierExtension","","extensions
user contentmodifiers","",0,*,"","Y","Y","Extension {[]} {[]}
","Extensions that cannot be ignored even if unrecognized","May be used to represent additional information that is not part of the basic definition of the element and that modifies the understanding of the element in which it is contained and/or the understanding of the containing element's descendants. Usually modifier elements provide negation or qualification. To make the use of extensions safe and manageable, there is a strict set of governance applied to the definition and use of extensions. Though any implementer can define an extension, there is a set of requirements that SHALL be met as part of the definition of the extension. Applications processing a resource are required to check for modifier extensions.

Modifier extensions SHALL NOT change the meaning of any elements on Resource or DomainResource (including cannot change the meaning of modifierExtension itself).","There can be no stigma associated with the use of extensions by any application, project, or standard - regardless of the institution or jurisdiction that uses or defines the extensions.  The use of extensions is what allows the FHIR specification to retain a core level of simplicity for everyone.","Modifier extensions allow for extensions that *cannot* be safely ignored to be clearly distinguished from the vast majority of extensions which can be safely ignored.  This promotes interoperability by eliminating the need for implementers to prohibit the presence of extensions. For further information, see the [definition of modifier extensions](http://hl7.org/fhir/R4/extensibility.html#modifierExtension).","","","","","","","",,,,,"",,,,"BackboneElement.modifierExtension",0,*,"","ele-1:All FHIR elements must have a @value or children {hasValue() or (children().count() > id.count())}
ext-1:Must have either extensions or value[x], not both {extension.exists() != value.exists()}"
"mii-lm-studie-logicalmodel","mii-lm-studie-logicalmodel.Datennutzungsantrag.Dokument.Standort.Adresse.Strasse","mii-lm-studie-logicalmodel.Datennutzungsantrag.Dokument.Standort.Adresse.Strasse","","","",0,*,"","","","string {[]} {[]}
","Strasse einer Adresse","Strasse einer Adresse","","","","","","","","","",,,,,"",,,,"mii-lm-studie-logicalmodel.Datennutzungsantrag.Dokument.Standort.Adresse.Strasse",0,*,"",""
"mii-lm-studie-logicalmodel","mii-lm-studie-logicalmodel.Datennutzungsantrag.Dokument.Standort.Adresse.Hausnummer","mii-lm-studie-logicalmodel.Datennutzungsantrag.Dokument.Standort.Adresse.Hausnummer","","","",0,*,"","","","string {[]} {[]}
","Hausnummer einer Adresse","Hausnummer einer Adresse","","","","","","","","","",,,,,"",,,,"mii-lm-studie-logicalmodel.Datennutzungsantrag.Dokument.Standort.Adresse.Hausnummer",0,*,"",""
"mii-lm-studie-logicalmodel","mii-lm-studie-logicalmodel.Datennutzungsantrag.Dokument.Standort.Adresse.PLZ","mii-lm-studie-logicalmodel.Datennutzungsantrag.Dokument.Standort.Adresse.PLZ","","","",0,*,"","","","string {[]} {[]}
","PLZ einer Adresse","PLZ einer Adresse","","","","","","","","","",,,,,"",,,,"mii-lm-studie-logicalmodel.Datennutzungsantrag.Dokument.Standort.Adresse.PLZ",0,*,"",""
"mii-lm-studie-logicalmodel","mii-lm-studie-logicalmodel.Datennutzungsantrag.Dokument.Standort.Adresse.Wohnort","mii-lm-studie-logicalmodel.Datennutzungsantrag.Dokument.Standort.Adresse.Wohnort","","","",0,*,"","","","string {[]} {[]}
","Wohnort einer Adresse","Wohnort einer Adresse","","","","","","","","","",,,,,"",,,,"mii-lm-studie-logicalmodel.Datennutzungsantrag.Dokument.Standort.Adresse.Wohnort",0,*,"",""
"mii-lm-studie-logicalmodel","mii-lm-studie-logicalmodel.Datennutzungsantrag.Dokument.Standort.Adresse.Land","mii-lm-studie-logicalmodel.Datennutzungsantrag.Dokument.Standort.Adresse.Land","","","",0,*,"","","","code {[]} {[]}
","Land einer Adresse","Land einer Adresse","","","","","","","","","",,,,,"",,,,"mii-lm-studie-logicalmodel.Datennutzungsantrag.Dokument.Standort.Adresse.Land",0,*,"",""
"mii-lm-studie-logicalmodel","mii-lm-studie-logicalmodel.Datennutzungsantrag.Dokument.Dateigroesse","mii-lm-studie-logicalmodel.Datennutzungsantrag.Dokument.Dateigroesse","","","",0,*,"","","","Quantity {[]} {[]}
","Dateigrösse eines Dokumentes","Dateigrösse eines Dokumentes","","","","","","","","","",,,,,"",,,,"mii-lm-studie-logicalmodel.Datennutzungsantrag.Dokument.Dateigroesse",0,*,"",""
"mii-lm-studie-logicalmodel","mii-lm-studie-logicalmodel.Datennutzungsantrag.Dokument.url","mii-lm-studie-logicalmodel.Datennutzungsantrag.Dokument.url","","","",0,*,"","","","string {[]} {[]}
","URL eines Dokumentes","URL eines Dokumentes","","","","","","","","","",,,,,"",,,,"mii-lm-studie-logicalmodel.Datennutzungsantrag.Dokument.url",0,*,"",""
"mii-lm-studie-logicalmodel","mii-lm-studie-logicalmodel.url","mii-lm-studie-logicalmodel.url","","","",0,*,"","","","string {[]} {[]}
","URL einer Studie","URL einer Studie","","","","","","","","","",,,,,"",,,,"mii-lm-studie-logicalmodel.url",0,*,"",""
"mii-lm-studie-logicalmodel","mii-lm-studie-logicalmodel.Studienfokus","mii-lm-studie-logicalmodel.Studienfokus","","","",0,*,"","","","string {[]} {[]}
","Fokus einer Studie","Fokus einer Studie","","","","","","","","","",,,,,"",,,,"mii-lm-studie-logicalmodel.Studienfokus",0,*,"",""
"mii-lm-studie-logicalmodel","mii-lm-studie-logicalmodel.Schlagwort","mii-lm-studie-logicalmodel.Schlagwort","","","",0,*,"","","","code {[]} {[]}
","Schlagwort einer Studie","Schlagwort einer Studie","","","","","","","","","",,,,,"",,,,"mii-lm-studie-logicalmodel.Schlagwort",0,*,"",""
"mii-lm-studie-logicalmodel","mii-lm-studie-logicalmodel.Machbarkeit","mii-lm-studie-logicalmodel.Machbarkeit","","","",0,*,"","","","BackboneElement {[]} {[]}
","Machbarkeit einer Studie","Machbarkeit einer Studie","","","","","","","","","",,,,,"",,,,"mii-lm-studie-logicalmodel.Machbarkeit",0,*,"","ele-1:All FHIR elements must have a @value or children {hasValue() or (children().count() > id.count())}
"
"mii-lm-studie-logicalmodel","mii-lm-studie-logicalmodel.Machbarkeit.id","mii-lm-studie-logicalmodel.Machbarkeit.id","","","",0,1,"","","","string {[]} {[]}
","Unique id for inter-element referencing","Unique id for the element within a resource (for internal references). This may be any string value that does not contain spaces.","","","","","","","","","",,,,,"",,,,"Element.id",0,1,"",""
"mii-lm-studie-logicalmodel","mii-lm-studie-logicalmodel.Machbarkeit.extension","mii-lm-studie-logicalmodel.Machbarkeit.extension","","extensions
user content","",0,*,"","","","Extension {[]} {[]}
","Additional content defined by implementations","May be used to represent additional information that is not part of the basic definition of the element. To make the use of extensions safe and manageable, there is a strict set of governance  applied to the definition and use of extensions. Though any implementer can define an extension, there is a set of requirements that SHALL be met as part of the definition of the extension.","There can be no stigma associated with the use of extensions by any application, project, or standard - regardless of the institution or jurisdiction that uses or defines the extensions.  The use of extensions is what allows the FHIR specification to retain a core level of simplicity for everyone.","","","","","","","","",,,,,"","value:url}
","Extensions are always sliced by (at least) url",,"open","Element.extension",0,*,"","ele-1:All FHIR elements must have a @value or children {hasValue() or (children().count() > id.count())}
ext-1:Must have either extensions or value[x], not both {extension.exists() != value.exists()}"
"mii-lm-studie-logicalmodel","mii-lm-studie-logicalmodel.Machbarkeit.modifierExtension","mii-lm-studie-logicalmodel.Machbarkeit.modifierExtension","","extensions
user contentmodifiers","",0,*,"","Y","Y","Extension {[]} {[]}
","Extensions that cannot be ignored even if unrecognized","May be used to represent additional information that is not part of the basic definition of the element and that modifies the understanding of the element in which it is contained and/or the understanding of the containing element's descendants. Usually modifier elements provide negation or qualification. To make the use of extensions safe and manageable, there is a strict set of governance applied to the definition and use of extensions. Though any implementer can define an extension, there is a set of requirements that SHALL be met as part of the definition of the extension. Applications processing a resource are required to check for modifier extensions.

Modifier extensions SHALL NOT change the meaning of any elements on Resource or DomainResource (including cannot change the meaning of modifierExtension itself).","There can be no stigma associated with the use of extensions by any application, project, or standard - regardless of the institution or jurisdiction that uses or defines the extensions.  The use of extensions is what allows the FHIR specification to retain a core level of simplicity for everyone.","Modifier extensions allow for extensions that *cannot* be safely ignored to be clearly distinguished from the vast majority of extensions which can be safely ignored.  This promotes interoperability by eliminating the need for implementers to prohibit the presence of extensions. For further information, see the [definition of modifier extensions](http://hl7.org/fhir/R4/extensibility.html#modifierExtension).","","","","","","","",,,,,"",,,,"BackboneElement.modifierExtension",0,*,"","ele-1:All FHIR elements must have a @value or children {hasValue() or (children().count() > id.count())}
ext-1:Must have either extensions or value[x], not both {extension.exists() != value.exists()}"
"mii-lm-studie-logicalmodel","mii-lm-studie-logicalmodel.Machbarkeit.Abschaetzung","mii-lm-studie-logicalmodel.Machbarkeit.Abschaetzung","","","",0,*,"","","","string {[]} {[]}
","Abschaetzung der Machbarkeit","Abschaetzung der Machbarkeit","","","","","","","","","",,,,,"",,,,"mii-lm-studie-logicalmodel.Machbarkeit.Abschaetzung",0,*,"",""
"mii-lm-studie-logicalmodel","mii-lm-studie-logicalmodel.Machbarkeit.Dokument","mii-lm-studie-logicalmodel.Machbarkeit.Dokument","","","",0,*,"","","","BackboneElement {[]} {[]}
","Dokumentation der Machbarkeit","Dokumentation der Machbarkeit","","","","","","","","","",,,,,"",,,,"mii-lm-studie-logicalmodel.Machbarkeit.Dokument",0,*,"","ele-1:All FHIR elements must have a @value or children {hasValue() or (children().count() > id.count())}
"
"mii-lm-studie-logicalmodel","mii-lm-studie-logicalmodel.Machbarkeit.Dokument.id","mii-lm-studie-logicalmodel.Machbarkeit.Dokument.id","","","",0,1,"","","","string {[]} {[]}
","Unique id for inter-element referencing","Unique id for the element within a resource (for internal references). This may be any string value that does not contain spaces.","","","","","","","","","",,,,,"",,,,"Element.id",0,1,"",""
"mii-lm-studie-logicalmodel","mii-lm-studie-logicalmodel.Machbarkeit.Dokument.extension","mii-lm-studie-logicalmodel.Machbarkeit.Dokument.extension","","extensions
user content","",0,*,"","","","Extension {[]} {[]}
","Additional content defined by implementations","May be used to represent additional information that is not part of the basic definition of the element. To make the use of extensions safe and manageable, there is a strict set of governance  applied to the definition and use of extensions. Though any implementer can define an extension, there is a set of requirements that SHALL be met as part of the definition of the extension.","There can be no stigma associated with the use of extensions by any application, project, or standard - regardless of the institution or jurisdiction that uses or defines the extensions.  The use of extensions is what allows the FHIR specification to retain a core level of simplicity for everyone.","","","","","","","","",,,,,"","value:url}
","Extensions are always sliced by (at least) url",,"open","Element.extension",0,*,"","ele-1:All FHIR elements must have a @value or children {hasValue() or (children().count() > id.count())}
ext-1:Must have either extensions or value[x], not both {extension.exists() != value.exists()}"
"mii-lm-studie-logicalmodel","mii-lm-studie-logicalmodel.Machbarkeit.Dokument.modifierExtension","mii-lm-studie-logicalmodel.Machbarkeit.Dokument.modifierExtension","","extensions
user contentmodifiers","",0,*,"","Y","Y","Extension {[]} {[]}
","Extensions that cannot be ignored even if unrecognized","May be used to represent additional information that is not part of the basic definition of the element and that modifies the understanding of the element in which it is contained and/or the understanding of the containing element's descendants. Usually modifier elements provide negation or qualification. To make the use of extensions safe and manageable, there is a strict set of governance applied to the definition and use of extensions. Though any implementer can define an extension, there is a set of requirements that SHALL be met as part of the definition of the extension. Applications processing a resource are required to check for modifier extensions.

Modifier extensions SHALL NOT change the meaning of any elements on Resource or DomainResource (including cannot change the meaning of modifierExtension itself).","There can be no stigma associated with the use of extensions by any application, project, or standard - regardless of the institution or jurisdiction that uses or defines the extensions.  The use of extensions is what allows the FHIR specification to retain a core level of simplicity for everyone.","Modifier extensions allow for extensions that *cannot* be safely ignored to be clearly distinguished from the vast majority of extensions which can be safely ignored.  This promotes interoperability by eliminating the need for implementers to prohibit the presence of extensions. For further information, see the [definition of modifier extensions](http://hl7.org/fhir/R4/extensibility.html#modifierExtension).","","","","","","","",,,,,"",,,,"BackboneElement.modifierExtension",0,*,"","ele-1:All FHIR elements must have a @value or children {hasValue() or (children().count() > id.count())}
ext-1:Must have either extensions or value[x], not both {extension.exists() != value.exists()}"
"mii-lm-studie-logicalmodel","mii-lm-studie-logicalmodel.Machbarkeit.Dokument.Name","mii-lm-studie-logicalmodel.Machbarkeit.Dokument.Name","","","",0,*,"","","","string {[]} {[]}
","Name eines Dokumentes","Name eines Dokumentes","","","","","","","","","",,,,,"",,,,"mii-lm-studie-logicalmodel.Machbarkeit.Dokument.Name",0,*,"",""
"mii-lm-studie-logicalmodel","mii-lm-studie-logicalmodel.Machbarkeit.Dokument.Autor","mii-lm-studie-logicalmodel.Machbarkeit.Dokument.Autor","","","",0,*,"","","","string {[]} {[]}
","Autor eines Dokumentes","Autor eines Dokumentes","","","","","","","","","",,,,,"",,,,"mii-lm-studie-logicalmodel.Machbarkeit.Dokument.Autor",0,*,"",""
"mii-lm-studie-logicalmodel","mii-lm-studie-logicalmodel.Machbarkeit.Dokument.Dateityp","mii-lm-studie-logicalmodel.Machbarkeit.Dokument.Dateityp","","","",0,*,"","","","string {[]} {[]}
","Dateityp eines Dokumentes","Dateityp eines Dokumentes","","","","","","","","","",,,,,"",,,,"mii-lm-studie-logicalmodel.Machbarkeit.Dokument.Dateityp",0,*,"",""
"mii-lm-studie-logicalmodel","mii-lm-studie-logicalmodel.Machbarkeit.Dokument.Standort","mii-lm-studie-logicalmodel.Machbarkeit.Dokument.Standort","","","",0,*,"","","","BackboneElement {[]} {[]}
","Standort eines Dokumentes","Standort eines Dokumentes","","","","","","","","","",,,,,"",,,,"mii-lm-studie-logicalmodel.Machbarkeit.Dokument.Standort",0,*,"","ele-1:All FHIR elements must have a @value or children {hasValue() or (children().count() > id.count())}
"
"mii-lm-studie-logicalmodel","mii-lm-studie-logicalmodel.Machbarkeit.Dokument.Standort.id","mii-lm-studie-logicalmodel.Machbarkeit.Dokument.Standort.id","","","",0,1,"","","","string {[]} {[]}
","Unique id for inter-element referencing","Unique id for the element within a resource (for internal references). This may be any string value that does not contain spaces.","","","","","","","","","",,,,,"",,,,"Element.id",0,1,"",""
"mii-lm-studie-logicalmodel","mii-lm-studie-logicalmodel.Machbarkeit.Dokument.Standort.extension","mii-lm-studie-logicalmodel.Machbarkeit.Dokument.Standort.extension","","extensions
user content","",0,*,"","","","Extension {[]} {[]}
","Additional content defined by implementations","May be used to represent additional information that is not part of the basic definition of the element. To make the use of extensions safe and manageable, there is a strict set of governance  applied to the definition and use of extensions. Though any implementer can define an extension, there is a set of requirements that SHALL be met as part of the definition of the extension.","There can be no stigma associated with the use of extensions by any application, project, or standard - regardless of the institution or jurisdiction that uses or defines the extensions.  The use of extensions is what allows the FHIR specification to retain a core level of simplicity for everyone.","","","","","","","","",,,,,"","value:url}
","Extensions are always sliced by (at least) url",,"open","Element.extension",0,*,"","ele-1:All FHIR elements must have a @value or children {hasValue() or (children().count() > id.count())}
ext-1:Must have either extensions or value[x], not both {extension.exists() != value.exists()}"
"mii-lm-studie-logicalmodel","mii-lm-studie-logicalmodel.Machbarkeit.Dokument.Standort.modifierExtension","mii-lm-studie-logicalmodel.Machbarkeit.Dokument.Standort.modifierExtension","","extensions
user contentmodifiers","",0,*,"","Y","Y","Extension {[]} {[]}
","Extensions that cannot be ignored even if unrecognized","May be used to represent additional information that is not part of the basic definition of the element and that modifies the understanding of the element in which it is contained and/or the understanding of the containing element's descendants. Usually modifier elements provide negation or qualification. To make the use of extensions safe and manageable, there is a strict set of governance applied to the definition and use of extensions. Though any implementer can define an extension, there is a set of requirements that SHALL be met as part of the definition of the extension. Applications processing a resource are required to check for modifier extensions.

Modifier extensions SHALL NOT change the meaning of any elements on Resource or DomainResource (including cannot change the meaning of modifierExtension itself).","There can be no stigma associated with the use of extensions by any application, project, or standard - regardless of the institution or jurisdiction that uses or defines the extensions.  The use of extensions is what allows the FHIR specification to retain a core level of simplicity for everyone.","Modifier extensions allow for extensions that *cannot* be safely ignored to be clearly distinguished from the vast majority of extensions which can be safely ignored.  This promotes interoperability by eliminating the need for implementers to prohibit the presence of extensions. For further information, see the [definition of modifier extensions](http://hl7.org/fhir/R4/extensibility.html#modifierExtension).","","","","","","","",,,,,"",,,,"BackboneElement.modifierExtension",0,*,"","ele-1:All FHIR elements must have a @value or children {hasValue() or (children().count() > id.count())}
ext-1:Must have either extensions or value[x], not both {extension.exists() != value.exists()}"
"mii-lm-studie-logicalmodel","mii-lm-studie-logicalmodel.Machbarkeit.Dokument.Standort.Strasse","mii-lm-studie-logicalmodel.Machbarkeit.Dokument.Standort.Strasse","","","",0,*,"","","","string {[]} {[]}
","Strasse einer Adresse","Strasse einer Adresse","","","","","","","","","",,,,,"",,,,"mii-lm-studie-logicalmodel.Machbarkeit.Dokument.Standort.Strasse",0,*,"",""
"mii-lm-studie-logicalmodel","mii-lm-studie-logicalmodel.Machbarkeit.Dokument.Standort.Adresse","mii-lm-studie-logicalmodel.Machbarkeit.Dokument.Standort.Adresse","","","",0,*,"","","","BackboneElement {[]} {[]}
","Adresse eines Standorts","Adresse eines Standorts","","","","","","","","","",,,,,"",,,,"mii-lm-studie-logicalmodel.Machbarkeit.Dokument.Standort.Adresse",0,*,"","ele-1:All FHIR elements must have a @value or children {hasValue() or (children().count() > id.count())}
"
"mii-lm-studie-logicalmodel","mii-lm-studie-logicalmodel.Machbarkeit.Dokument.Standort.Adresse.id","mii-lm-studie-logicalmodel.Machbarkeit.Dokument.Standort.Adresse.id","","","",0,1,"","","","string {[]} {[]}
","Unique id for inter-element referencing","Unique id for the element within a resource (for internal references). This may be any string value that does not contain spaces.","","","","","","","","","",,,,,"",,,,"Element.id",0,1,"",""
"mii-lm-studie-logicalmodel","mii-lm-studie-logicalmodel.Machbarkeit.Dokument.Standort.Adresse.extension","mii-lm-studie-logicalmodel.Machbarkeit.Dokument.Standort.Adresse.extension","","extensions
user content","",0,*,"","","","Extension {[]} {[]}
","Additional content defined by implementations","May be used to represent additional information that is not part of the basic definition of the element. To make the use of extensions safe and manageable, there is a strict set of governance  applied to the definition and use of extensions. Though any implementer can define an extension, there is a set of requirements that SHALL be met as part of the definition of the extension.","There can be no stigma associated with the use of extensions by any application, project, or standard - regardless of the institution or jurisdiction that uses or defines the extensions.  The use of extensions is what allows the FHIR specification to retain a core level of simplicity for everyone.","","","","","","","","",,,,,"","value:url}
","Extensions are always sliced by (at least) url",,"open","Element.extension",0,*,"","ele-1:All FHIR elements must have a @value or children {hasValue() or (children().count() > id.count())}
ext-1:Must have either extensions or value[x], not both {extension.exists() != value.exists()}"
"mii-lm-studie-logicalmodel","mii-lm-studie-logicalmodel.Machbarkeit.Dokument.Standort.Adresse.modifierExtension","mii-lm-studie-logicalmodel.Machbarkeit.Dokument.Standort.Adresse.modifierExtension","","extensions
user contentmodifiers","",0,*,"","Y","Y","Extension {[]} {[]}
","Extensions that cannot be ignored even if unrecognized","May be used to represent additional information that is not part of the basic definition of the element and that modifies the understanding of the element in which it is contained and/or the understanding of the containing element's descendants. Usually modifier elements provide negation or qualification. To make the use of extensions safe and manageable, there is a strict set of governance applied to the definition and use of extensions. Though any implementer can define an extension, there is a set of requirements that SHALL be met as part of the definition of the extension. Applications processing a resource are required to check for modifier extensions.

Modifier extensions SHALL NOT change the meaning of any elements on Resource or DomainResource (including cannot change the meaning of modifierExtension itself).","There can be no stigma associated with the use of extensions by any application, project, or standard - regardless of the institution or jurisdiction that uses or defines the extensions.  The use of extensions is what allows the FHIR specification to retain a core level of simplicity for everyone.","Modifier extensions allow for extensions that *cannot* be safely ignored to be clearly distinguished from the vast majority of extensions which can be safely ignored.  This promotes interoperability by eliminating the need for implementers to prohibit the presence of extensions. For further information, see the [definition of modifier extensions](http://hl7.org/fhir/R4/extensibility.html#modifierExtension).","","","","","","","",,,,,"",,,,"BackboneElement.modifierExtension",0,*,"","ele-1:All FHIR elements must have a @value or children {hasValue() or (children().count() > id.count())}
ext-1:Must have either extensions or value[x], not both {extension.exists() != value.exists()}"
"mii-lm-studie-logicalmodel","mii-lm-studie-logicalmodel.Machbarkeit.Dokument.Standort.Adresse.Strasse","mii-lm-studie-logicalmodel.Machbarkeit.Dokument.Standort.Adresse.Strasse","","","",0,*,"","","","string {[]} {[]}
","Strasse einer Adresse","Strasse einer Adresse","","","","","","","","","",,,,,"",,,,"mii-lm-studie-logicalmodel.Machbarkeit.Dokument.Standort.Adresse.Strasse",0,*,"",""
"mii-lm-studie-logicalmodel","mii-lm-studie-logicalmodel.Machbarkeit.Dokument.Standort.Adresse.Hausnummer","mii-lm-studie-logicalmodel.Machbarkeit.Dokument.Standort.Adresse.Hausnummer","","","",0,*,"","","","string {[]} {[]}
","Hausnummer einer Adresse","Hausnummer einer Adresse","","","","","","","","","",,,,,"",,,,"mii-lm-studie-logicalmodel.Machbarkeit.Dokument.Standort.Adresse.Hausnummer",0,*,"",""
"mii-lm-studie-logicalmodel","mii-lm-studie-logicalmodel.Machbarkeit.Dokument.Standort.Adresse.PLZ","mii-lm-studie-logicalmodel.Machbarkeit.Dokument.Standort.Adresse.PLZ","","","",0,*,"","","","string {[]} {[]}
","PLZ einer Adresse","PLZ einer Adresse","","","","","","","","","",,,,,"",,,,"mii-lm-studie-logicalmodel.Machbarkeit.Dokument.Standort.Adresse.PLZ",0,*,"",""
"mii-lm-studie-logicalmodel","mii-lm-studie-logicalmodel.Machbarkeit.Dokument.Standort.Adresse.Wohnort","mii-lm-studie-logicalmodel.Machbarkeit.Dokument.Standort.Adresse.Wohnort","","","",0,*,"","","","string {[]} {[]}
","Wohnort einer Adresse","Wohnort einer Adresse","","","","","","","","","",,,,,"",,,,"mii-lm-studie-logicalmodel.Machbarkeit.Dokument.Standort.Adresse.Wohnort",0,*,"",""
"mii-lm-studie-logicalmodel","mii-lm-studie-logicalmodel.Machbarkeit.Dokument.Standort.Adresse.Land","mii-lm-studie-logicalmodel.Machbarkeit.Dokument.Standort.Adresse.Land","","","",0,*,"","","","code {[]} {[]}
","Land einer Adresse","Land einer Adresse","","","","","","","","","",,,,,"",,,,"mii-lm-studie-logicalmodel.Machbarkeit.Dokument.Standort.Adresse.Land",0,*,"",""
"mii-lm-studie-logicalmodel","mii-lm-studie-logicalmodel.Machbarkeit.Dokument.Dateigroesse","mii-lm-studie-logicalmodel.Machbarkeit.Dokument.Dateigroesse","","","",0,*,"","","","Quantity {[]} {[]}
","Dateigrösse eines Dokumentes","Dateigrösse eines Dokumentes","","","","","","","","","",,,,,"",,,,"mii-lm-studie-logicalmodel.Machbarkeit.Dokument.Dateigroesse",0,*,"",""
"mii-lm-studie-logicalmodel","mii-lm-studie-logicalmodel.Machbarkeit.Dokument.url","mii-lm-studie-logicalmodel.Machbarkeit.Dokument.url","","","",0,*,"","","","string {[]} {[]}
","URL eines Dokumentes","URL eines Dokumentes","","","","","","","","","",,,,,"",,,,"mii-lm-studie-logicalmodel.Machbarkeit.Dokument.url",0,*,"",""
"mii-lm-studie-logicalmodel","mii-lm-studie-logicalmodel.Machbarkeit.Ergebnis","mii-lm-studie-logicalmodel.Machbarkeit.Ergebnis","","","",0,*,"","","","string {[]} {[]}
","Ergebnis der Machbarkeit","Ergebnis der Machbarkeit","","","","","","","","","",,,,,"",,,,"mii-lm-studie-logicalmodel.Machbarkeit.Ergebnis",0,*,"",""
"mii-lm-studie-logicalmodel","mii-lm-studie-logicalmodel.Machbarkeit.HatPrescreening","mii-lm-studie-logicalmodel.Machbarkeit.HatPrescreening","","","",0,*,"","","","boolean {[]} {[]}
","Ob ein Prescreening vorhanden ist","Ob ein Prescreening vorhanden ist","","","","","","","","","",,,,,"",,,,"mii-lm-studie-logicalmodel.Machbarkeit.HatPrescreening",0,*,"",""
"mii-lm-studie-logicalmodel","mii-lm-studie-logicalmodel.Machbarkeit.Version","mii-lm-studie-logicalmodel.Machbarkeit.Version","","","",0,*,"","","","string {[]} {[]}
","Version der Machbarkeit","Version der Machbarkeit","","","","","","","","","",,,,,"",,,,"mii-lm-studie-logicalmodel.Machbarkeit.Version",0,*,"",""
"mii-lm-studie-logicalmodel","mii-lm-studie-logicalmodel.Ethikvotum","mii-lm-studie-logicalmodel.Ethikvotum","","","",0,*,"","","","BackboneElement {[]} {[]}
","Ethikvotum der Studie","Ethikvotum der Studie","","","","","","","","","",,,,,"",,,,"mii-lm-studie-logicalmodel.Ethikvotum",0,*,"","ele-1:All FHIR elements must have a @value or children {hasValue() or (children().count() > id.count())}
"
"mii-lm-studie-logicalmodel","mii-lm-studie-logicalmodel.Ethikvotum.id","mii-lm-studie-logicalmodel.Ethikvotum.id","","","",0,1,"","","","string {[]} {[]}
","Unique id for inter-element referencing","Unique id for the element within a resource (for internal references). This may be any string value that does not contain spaces.","","","","","","","","","",,,,,"",,,,"Element.id",0,1,"",""
"mii-lm-studie-logicalmodel","mii-lm-studie-logicalmodel.Ethikvotum.extension","mii-lm-studie-logicalmodel.Ethikvotum.extension","","extensions
user content","",0,*,"","","","Extension {[]} {[]}
","Additional content defined by implementations","May be used to represent additional information that is not part of the basic definition of the element. To make the use of extensions safe and manageable, there is a strict set of governance  applied to the definition and use of extensions. Though any implementer can define an extension, there is a set of requirements that SHALL be met as part of the definition of the extension.","There can be no stigma associated with the use of extensions by any application, project, or standard - regardless of the institution or jurisdiction that uses or defines the extensions.  The use of extensions is what allows the FHIR specification to retain a core level of simplicity for everyone.","","","","","","","","",,,,,"","value:url}
","Extensions are always sliced by (at least) url",,"open","Element.extension",0,*,"","ele-1:All FHIR elements must have a @value or children {hasValue() or (children().count() > id.count())}
ext-1:Must have either extensions or value[x], not both {extension.exists() != value.exists()}"
"mii-lm-studie-logicalmodel","mii-lm-studie-logicalmodel.Ethikvotum.modifierExtension","mii-lm-studie-logicalmodel.Ethikvotum.modifierExtension","","extensions
user contentmodifiers","",0,*,"","Y","Y","Extension {[]} {[]}
","Extensions that cannot be ignored even if unrecognized","May be used to represent additional information that is not part of the basic definition of the element and that modifies the understanding of the element in which it is contained and/or the understanding of the containing element's descendants. Usually modifier elements provide negation or qualification. To make the use of extensions safe and manageable, there is a strict set of governance applied to the definition and use of extensions. Though any implementer can define an extension, there is a set of requirements that SHALL be met as part of the definition of the extension. Applications processing a resource are required to check for modifier extensions.

Modifier extensions SHALL NOT change the meaning of any elements on Resource or DomainResource (including cannot change the meaning of modifierExtension itself).","There can be no stigma associated with the use of extensions by any application, project, or standard - regardless of the institution or jurisdiction that uses or defines the extensions.  The use of extensions is what allows the FHIR specification to retain a core level of simplicity for everyone.","Modifier extensions allow for extensions that *cannot* be safely ignored to be clearly distinguished from the vast majority of extensions which can be safely ignored.  This promotes interoperability by eliminating the need for implementers to prohibit the presence of extensions. For further information, see the [definition of modifier extensions](http://hl7.org/fhir/R4/extensibility.html#modifierExtension).","","","","","","","",,,,,"",,,,"BackboneElement.modifierExtension",0,*,"","ele-1:All FHIR elements must have a @value or children {hasValue() or (children().count() > id.count())}
ext-1:Must have either extensions or value[x], not both {extension.exists() != value.exists()}"
"mii-lm-studie-logicalmodel","mii-lm-studie-logicalmodel.Ethikvotum.Status","mii-lm-studie-logicalmodel.Ethikvotum.Status","","","",0,*,"","","","code {[]} {[]}
","Status des Ethikvotums","Status des Ethikvotums","","","","","","","","","",,,,,"",,,,"mii-lm-studie-logicalmodel.Ethikvotum.Status",0,*,"",""
"mii-lm-studie-logicalmodel","mii-lm-studie-logicalmodel.Ethikvotum.Kommission","mii-lm-studie-logicalmodel.Ethikvotum.Kommission","","","",0,*,"","","","string {[]} {[]}
","Kommission des Ethikvotums","Kommission des Ethikvotums","","","","","","","","","",,,,,"",,,,"mii-lm-studie-logicalmodel.Ethikvotum.Kommission",0,*,"",""
"mii-lm-studie-logicalmodel","mii-lm-studie-logicalmodel.Ethikvotum.Ethiknummer","mii-lm-studie-logicalmodel.Ethikvotum.Ethiknummer","","","",0,*,"","","","string {[]} {[]}
","Nummer des Ethikvotums","Nummer des Ethikvotums","","","","","","","","","",,,,,"",,,,"mii-lm-studie-logicalmodel.Ethikvotum.Ethiknummer",0,*,"",""
"mii-lm-studie-logicalmodel","mii-lm-studie-logicalmodel.Finanzierung","mii-lm-studie-logicalmodel.Finanzierung","","","",0,*,"","","","string {[]} {[]}
","Finanzierung der Studie","Finanzierung der Studie","","","","","","","","","",,,,,"",,,,"mii-lm-studie-logicalmodel.Finanzierung",0,*,"",""
"mii-pr-studie-beteiligte-person","PractitionerRole","PractitionerRole","","","",0,*,"","","","null {[]} {[]}
","Roles/organizations the practitioner is associated with","A specific set of Roles/Locations/specialties/services that a practitioner may perform at an organization for a period of time.","","","","","","","","","",,,,,"",,,,"PractitionerRole",0,*,"","dom-2:If the resource is contained in another resource, it SHALL NOT contain nested Resources {contained.contained.empty()}
dom-3:If the resource is contained in another resource, it SHALL be referred to from elsewhere in the resource or SHALL refer to the containing resource {contained.where((('#'+id in (%resource.descendants().reference | %resource.descendants().as(canonical) | %resource.descendants().as(uri) | %resource.descendants().as(url))) or descendants().where(reference = '#').exists() or descendants().where(as(canonical) = '#').exists() or descendants().where(as(canonical) = '#').exists()).not()).trace('unmatched', id).empty()}dom-4:If a resource is contained in another resource, it SHALL NOT have a meta.versionId or a meta.lastUpdated {contained.meta.versionId.empty() and contained.meta.lastUpdated.empty()}dom-5:If a resource is contained in another resource, it SHALL NOT have a security label {contained.meta.security.empty()}dom-6:A resource should have narrative for robust management {text.`div`.exists()}"
"mii-pr-studie-beteiligte-person","PractitionerRole.id","PractitionerRole.id","","","",0,1,"","","Y","id {[]} {[]}
","Logical id of this artifact","The logical id of the resource, as used in the URL for the resource. Once assigned, this value never changes.","The only time that a resource does not have an id is when it is being submitted to the server using a create operation.","","","","","","","","",,,,,"",,,,"Resource.id",0,1,"",""
"mii-pr-studie-beteiligte-person","PractitionerRole.meta","PractitionerRole.meta","","","",0,1,"","","Y","Meta {[]} {[]}
","Metadata about the resource","The metadata about the resource. This is content that is maintained by the infrastructure. Changes to the content might not always be associated with version changes to the resource.","","","","","","","","","",,,,,"",,,,"Resource.meta",0,1,"","ele-1:All FHIR elements must have a @value or children {hasValue() or (children().count() > id.count())}
"
"mii-pr-studie-beteiligte-person","PractitionerRole.implicitRules","PractitionerRole.implicitRules","","","",0,1,"","Y","Y","uri {[]} {[]}
","A set of rules under which this content was created","A reference to a set of rules that were followed when the resource was constructed, and which must be understood when processing the content. Often, this is a reference to an implementation guide that defines the special rules along with other profiles etc.","Asserting this rule set restricts the content to be only understood by a limited set of trading partners. This inherently limits the usefulness of the data in the long term. However, the existing health eco-system is highly fractured, and not yet ready to define, collect, and exchange data in a generally computable sense. Wherever possible, implementers and/or specification writers should avoid using this element. Often, when used, the URL is a reference to an implementation guide that defines these special rules as part of it's narrative along with other profiles, value sets, etc.","","","","","","","","",,,,,"",,,,"Resource.implicitRules",0,1,"","ele-1:All FHIR elements must have a @value or children {hasValue() or (children().count() > id.count())}
"
"mii-pr-studie-beteiligte-person","PractitionerRole.language","PractitionerRole.language","","","",0,1,"","","","code {[]} {[]}
","Language of the resource content","The base language in which the resource is written.","Language is provided to support indexing and accessibility (typically, services such as text to speech use the language tag). The html language tag in the narrative applies  to the narrative. The language tag on the resource may be used to specify the language of other presentations generated from the data in the resource. Not all the content has to be in the base language. The Resource.language should not be assumed to apply to the narrative automatically. If a language is specified, it should it also be specified on the div element in the html (see rules in HTML5 for information about the relationship between xml:lang and the html lang attribute).","","","","","","","","",,"preferred","A human language.","http://hl7.org/fhir/ValueSet/languages|4.0.1","",,,,"Resource.language",0,1,"","ele-1:All FHIR elements must have a @value or children {hasValue() or (children().count() > id.count())}
"
"mii-pr-studie-beteiligte-person","PractitionerRole.text","PractitionerRole.text","","narrative
htmlxhtmldisplay","",0,1,"","","","Narrative {[]} {[]}
","Text summary of the resource, for human interpretation","A human-readable narrative that contains a summary of the resource and can be used to represent the content of the resource to a human. The narrative need not encode all the structured data, but is required to contain sufficient detail to make it ""clinically safe"" for a human to just read the narrative. Resource definitions may define what content should be represented in the narrative to ensure clinical safety.","Contained resources do not have narrative. Resources that are not contained SHOULD have a narrative. In some cases, a resource may only have text with little or no additional discrete data (as long as all minOccurs=1 elements are satisfied).  This may be necessary for data from legacy systems where information is captured as a ""text blob"" or where text is additionally entered raw or narrated and encoded information is added later.","","","","","","","","",,,,,"",,,,"DomainResource.text",0,1,"","ele-1:All FHIR elements must have a @value or children {hasValue() or (children().count() > id.count())}
"
"mii-pr-studie-beteiligte-person","PractitionerRole.contained","PractitionerRole.contained","","inline resources
anonymous resourcescontained resources","",0,*,"","","","Resource {[]} {[]}
","Contained, inline Resources","These resources do not have an independent existence apart from the resource that contains them - they cannot be identified independently, and nor can they have their own independent transaction scope.","This should never be done when the content can be identified properly, as once identification is lost, it is extremely difficult (and context dependent) to restore it again. Contained resources may have profiles and tags In their meta elements, but SHALL NOT have security labels.","","","","","","","","",,,,,"",,,,"DomainResource.contained",0,*,"",""
"mii-pr-studie-beteiligte-person","PractitionerRole.extension","PractitionerRole.extension","","extensions
user content","",0,*,"","","","Extension {[]} {[]}
","Additional content defined by implementations","May be used to represent additional information that is not part of the basic definition of the resource. To make the use of extensions safe and manageable, there is a strict set of governance  applied to the definition and use of extensions. Though any implementer can define an extension, there is a set of requirements that SHALL be met as part of the definition of the extension.","There can be no stigma associated with the use of extensions by any application, project, or standard - regardless of the institution or jurisdiction that uses or defines the extensions.  The use of extensions is what allows the FHIR specification to retain a core level of simplicity for everyone.","","","","","","","","",,,,,"",,,,"DomainResource.extension",0,*,"","ele-1:All FHIR elements must have a @value or children {hasValue() or (children().count() > id.count())}
ext-1:Must have either extensions or value[x], not both {extension.exists() != value.exists()}"
"mii-pr-studie-beteiligte-person","PractitionerRole.modifierExtension","PractitionerRole.modifierExtension","","extensions
user content","",0,*,"","Y","","Extension {[]} {[]}
","Extensions that cannot be ignored","May be used to represent additional information that is not part of the basic definition of the resource and that modifies the understanding of the element that contains it and/or the understanding of the containing element's descendants. Usually modifier elements provide negation or qualification. To make the use of extensions safe and manageable, there is a strict set of governance applied to the definition and use of extensions. Though any implementer is allowed to define an extension, there is a set of requirements that SHALL be met as part of the definition of the extension. Applications processing a resource are required to check for modifier extensions.

Modifier extensions SHALL NOT change the meaning of any elements on Resource or DomainResource (including cannot change the meaning of modifierExtension itself).","There can be no stigma associated with the use of extensions by any application, project, or standard - regardless of the institution or jurisdiction that uses or defines the extensions.  The use of extensions is what allows the FHIR specification to retain a core level of simplicity for everyone.","Modifier extensions allow for extensions that *cannot* be safely ignored to be clearly distinguished from the vast majority of extensions which can be safely ignored.  This promotes interoperability by eliminating the need for implementers to prohibit the presence of extensions. For further information, see the [definition of modifier extensions](http://hl7.org/fhir/R4/extensibility.html#modifierExtension).","","","","","","","",,,,,"",,,,"DomainResource.modifierExtension",0,*,"","ele-1:All FHIR elements must have a @value or children {hasValue() or (children().count() > id.count())}
ext-1:Must have either extensions or value[x], not both {extension.exists() != value.exists()}"
"mii-pr-studie-beteiligte-person","PractitionerRole.identifier","PractitionerRole.identifier","","","",0,*,"","","Y","Identifier {[]} {[]}
","Business Identifiers that are specific to a role/location","Business Identifiers that are specific to a role/location.","","Often, specific identities are assigned for the agent.","","","","","","","",,,,,"",,,,"PractitionerRole.identifier",0,*,"","ele-1:All FHIR elements must have a @value or children {hasValue() or (children().count() > id.count())}
"
"mii-pr-studie-beteiligte-person","PractitionerRole.active","PractitionerRole.active","","","",0,1,"","","Y","boolean {[]} {[]}
","Whether this practitioner role record is in active use","Whether this practitioner role record is in active use.","If this value is false, you may refer to the period to see when the role was in active use. If there is no period specified, no inference can be made about when it was active.","Need to be able to mark a practitioner role record as not to be used because it was created in error, or otherwise no longer in active use.","","This resource is generally assumed to be active if no value is provided for the active element","","","","","",,,,,"",,,,"PractitionerRole.active",0,1,"","ele-1:All FHIR elements must have a @value or children {hasValue() or (children().count() > id.count())}
"
"mii-pr-studie-beteiligte-person","PractitionerRole.period","PractitionerRole.period","","","",0,1,"","","Y","Period {[]} {[]}
","The period during which the practitioner is authorized to perform in these role(s)","The period during which the person is authorized to act as a practitioner in these role(s) for the organization.","","Even after the agencies is revoked, the fact that it existed must still be recorded.","","","","","","","",,,,,"",,,,"PractitionerRole.period",0,1,"","ele-1:All FHIR elements must have a @value or children {hasValue() or (children().count() > id.count())}
"
"mii-pr-studie-beteiligte-person","PractitionerRole.practitioner","PractitionerRole.practitioner","","","",0,1,"Y","","Y","Reference {[]} {[CanonicalType[http://hl7.org/fhir/StructureDefinition/Practitioner|4.0.1]]}
","Praktiker, der in der Lage ist, die definierten Dienstleistungen für die Organisation bereitzustellen.","Praktiker, der in der Lage ist, die definierten Dienstleistungen für die Organisation bereitzustellen.","","","","","","","","","",,,,,"",,,,"PractitionerRole.practitioner",0,1,"","ele-1:All FHIR elements must have a @value or children {hasValue() or (children().count() > id.count())}
"
"mii-pr-studie-beteiligte-person","PractitionerRole.organization","PractitionerRole.organization","","","",0,1,"Y","","Y","Reference {[]} {[CanonicalType[http://hl7.org/fhir/StructureDefinition/Organization|4.0.1]]}
","Organisation, in der die Rollen verfügbar sind.","Die Organisation, in der der Praktiker die zugeordneten Rollen ausübt.","","","","","","","","","",,,,,"",,,,"PractitionerRole.organization",0,1,"","ele-1:All FHIR elements must have a @value or children {hasValue() or (children().count() > id.count())}
"
"mii-pr-studie-beteiligte-person","PractitionerRole.code","PractitionerRole.code","","","",0,*,"Y","","Y","CodeableConcept {[]} {[]}
","Rollen, die dieser Praktiker ausüben kann.","Rollen, die dieser Praktiker für die Organisation ausüben darf.","A person may have more than one role.","Need to know what authority the practitioner has - what can they do?","","","","","","","",,"example","The role a person plays representing an organization.","http://hl7.org/fhir/ValueSet/practitioner-role|4.0.1","",,,,"PractitionerRole.code",0,*,"","ele-1:All FHIR elements must have a @value or children {hasValue() or (children().count() > id.count())}
"
"mii-pr-studie-beteiligte-person","PractitionerRole.specialty","PractitionerRole.specialty","","","",0,*,"","","Y","CodeableConcept {[]} {[]}
","Specific specialty of the practitioner","Specific specialty of the practitioner.","","","","","","","","","",,"preferred","Specific specialty associated with the agency.","http://hl7.org/fhir/ValueSet/c80-practice-codes|4.0.1","",,,,"PractitionerRole.specialty",0,*,"","ele-1:All FHIR elements must have a @value or children {hasValue() or (children().count() > id.count())}
"
"mii-pr-studie-beteiligte-person","PractitionerRole.location","PractitionerRole.location","","","",0,*,"","","Y","Reference {[]} {[CanonicalType[http://hl7.org/fhir/StructureDefinition/Location|4.0.1]]}
","The location(s) at which this practitioner provides care","The location(s) at which this practitioner provides care.","","","","","","","","","",,,,,"",,,,"PractitionerRole.location",0,*,"","ele-1:All FHIR elements must have a @value or children {hasValue() or (children().count() > id.count())}
"
"mii-pr-studie-beteiligte-person","PractitionerRole.healthcareService","PractitionerRole.healthcareService","","","",0,*,"","","","Reference {[]} {[CanonicalType[http://hl7.org/fhir/StructureDefinition/HealthcareService|4.0.1]]}
","The list of healthcare services that this worker provides for this role's Organization/Location(s)","The list of healthcare services that this worker provides for this role's Organization/Location(s).","","","","","","","","","",,,,,"",,,,"PractitionerRole.healthcareService",0,*,"","ele-1:All FHIR elements must have a @value or children {hasValue() or (children().count() > id.count())}
"
"mii-pr-studie-beteiligte-person","PractitionerRole.telecom","PractitionerRole.telecom","","","",0,*,"Y","","Y","ContactPoint {[]} {[]}
","Kontaktdaten, die spezifisch für die Rolle/den Standort/die Dienstleistung sind.","Kontaktdaten, die spezifisch für die Rolle, den Standort oder die Dienstleistung sind.","","Often practitioners have a dedicated line for each location (or service) that they work at, and need to be able to define separate contact details for each of these.","","","","","","","",,,,,"",,,,"PractitionerRole.telecom",0,*,"","ele-1:All FHIR elements must have a @value or children {hasValue() or (children().count() > id.count())}
"
"mii-pr-studie-beteiligte-person","PractitionerRole.availableTime","PractitionerRole.availableTime","","","",0,*,"","","","BackboneElement {[]} {[]}
","Times the Service Site is available","A collection of times the practitioner is available or performing this role at the location and/or healthcareservice.","More detailed availability information may be provided in associated Schedule/Slot resources.","","","","","","","","",,,,,"",,,,"PractitionerRole.availableTime",0,*,"","ele-1:All FHIR elements must have a @value or children {hasValue() or (children().count() > id.count())}
"
"mii-pr-studie-beteiligte-person","PractitionerRole.availableTime.id","PractitionerRole.availableTime.id","","","",0,1,"","","","string {[]} {[]}
","Unique id for inter-element referencing","Unique id for the element within a resource (for internal references). This may be any string value that does not contain spaces.","","","","","","","","","",,,,,"",,,,"Element.id",0,1,"",""
"mii-pr-studie-beteiligte-person","PractitionerRole.availableTime.extension","PractitionerRole.availableTime.extension","","extensions
user content","",0,*,"","","","Extension {[]} {[]}
","Additional content defined by implementations","May be used to represent additional information that is not part of the basic definition of the element. To make the use of extensions safe and manageable, there is a strict set of governance  applied to the definition and use of extensions. Though any implementer can define an extension, there is a set of requirements that SHALL be met as part of the definition of the extension.","There can be no stigma associated with the use of extensions by any application, project, or standard - regardless of the institution or jurisdiction that uses or defines the extensions.  The use of extensions is what allows the FHIR specification to retain a core level of simplicity for everyone.","","","","","","","","",,,,,"",,,,"Element.extension",0,*,"","ele-1:All FHIR elements must have a @value or children {hasValue() or (children().count() > id.count())}
ext-1:Must have either extensions or value[x], not both {extension.exists() != value.exists()}"
"mii-pr-studie-beteiligte-person","PractitionerRole.availableTime.modifierExtension","PractitionerRole.availableTime.modifierExtension","","extensions
user contentmodifiers","",0,*,"","Y","Y","Extension {[]} {[]}
","Extensions that cannot be ignored even if unrecognized","May be used to represent additional information that is not part of the basic definition of the element and that modifies the understanding of the element in which it is contained and/or the understanding of the containing element's descendants. Usually modifier elements provide negation or qualification. To make the use of extensions safe and manageable, there is a strict set of governance applied to the definition and use of extensions. Though any implementer can define an extension, there is a set of requirements that SHALL be met as part of the definition of the extension. Applications processing a resource are required to check for modifier extensions.

Modifier extensions SHALL NOT change the meaning of any elements on Resource or DomainResource (including cannot change the meaning of modifierExtension itself).","There can be no stigma associated with the use of extensions by any application, project, or standard - regardless of the institution or jurisdiction that uses or defines the extensions.  The use of extensions is what allows the FHIR specification to retain a core level of simplicity for everyone.","Modifier extensions allow for extensions that *cannot* be safely ignored to be clearly distinguished from the vast majority of extensions which can be safely ignored.  This promotes interoperability by eliminating the need for implementers to prohibit the presence of extensions. For further information, see the [definition of modifier extensions](http://hl7.org/fhir/R4/extensibility.html#modifierExtension).","","","","","","","",,,,,"",,,,"BackboneElement.modifierExtension",0,*,"","ele-1:All FHIR elements must have a @value or children {hasValue() or (children().count() > id.count())}
ext-1:Must have either extensions or value[x], not both {extension.exists() != value.exists()}"
"mii-pr-studie-beteiligte-person","PractitionerRole.availableTime.daysOfWeek","PractitionerRole.availableTime.daysOfWeek","","","",0,*,"","","","code {[]} {[]}
","mon | tue | wed | thu | fri | sat | sun","Indicates which days of the week are available between the start and end Times.","","","","","","","","","",,"required","The days of the week.","http://hl7.org/fhir/ValueSet/days-of-week|4.0.1","",,,,"PractitionerRole.availableTime.daysOfWeek",0,*,"","ele-1:All FHIR elements must have a @value or children {hasValue() or (children().count() > id.count())}
"
"mii-pr-studie-beteiligte-person","PractitionerRole.availableTime.allDay","PractitionerRole.availableTime.allDay","","","",0,1,"","","","boolean {[]} {[]}
","Always available? e.g. 24 hour service","Is this always available? (hence times are irrelevant) e.g. 24 hour service.","","","","","","","","","",,,,,"",,,,"PractitionerRole.availableTime.allDay",0,1,"","ele-1:All FHIR elements must have a @value or children {hasValue() or (children().count() > id.count())}
"
"mii-pr-studie-beteiligte-person","PractitionerRole.availableTime.availableStartTime","PractitionerRole.availableTime.availableStartTime","","","",0,1,"","","","time {[]} {[]}
","Opening time of day (ignored if allDay = true)","The opening time of day. Note: If the AllDay flag is set, then this time is ignored.","The timezone is expected to be for where this HealthcareService is provided at.","","","","","","","","",,,,,"",,,,"PractitionerRole.availableTime.availableStartTime",0,1,"","ele-1:All FHIR elements must have a @value or children {hasValue() or (children().count() > id.count())}
"
"mii-pr-studie-beteiligte-person","PractitionerRole.availableTime.availableEndTime","PractitionerRole.availableTime.availableEndTime","","","",0,1,"","","","time {[]} {[]}
","Closing time of day (ignored if allDay = true)","The closing time of day. Note: If the AllDay flag is set, then this time is ignored.","The timezone is expected to be for where this HealthcareService is provided at.","","","","","","","","",,,,,"",,,,"PractitionerRole.availableTime.availableEndTime",0,1,"","ele-1:All FHIR elements must have a @value or children {hasValue() or (children().count() > id.count())}
"
"mii-pr-studie-beteiligte-person","PractitionerRole.notAvailable","PractitionerRole.notAvailable","","","",0,*,"","","","BackboneElement {[]} {[]}
","Not available during this time due to provided reason","The practitioner is not available or performing this role during this period of time due to the provided reason.","","","","","","","","","",,,,,"",,,,"PractitionerRole.notAvailable",0,*,"","ele-1:All FHIR elements must have a @value or children {hasValue() or (children().count() > id.count())}
"
"mii-pr-studie-beteiligte-person","PractitionerRole.notAvailable.id","PractitionerRole.notAvailable.id","","","",0,1,"","","","string {[]} {[]}
","Unique id for inter-element referencing","Unique id for the element within a resource (for internal references). This may be any string value that does not contain spaces.","","","","","","","","","",,,,,"",,,,"Element.id",0,1,"",""
"mii-pr-studie-beteiligte-person","PractitionerRole.notAvailable.extension","PractitionerRole.notAvailable.extension","","extensions
user content","",0,*,"","","","Extension {[]} {[]}
","Additional content defined by implementations","May be used to represent additional information that is not part of the basic definition of the element. To make the use of extensions safe and manageable, there is a strict set of governance  applied to the definition and use of extensions. Though any implementer can define an extension, there is a set of requirements that SHALL be met as part of the definition of the extension.","There can be no stigma associated with the use of extensions by any application, project, or standard - regardless of the institution or jurisdiction that uses or defines the extensions.  The use of extensions is what allows the FHIR specification to retain a core level of simplicity for everyone.","","","","","","","","",,,,,"",,,,"Element.extension",0,*,"","ele-1:All FHIR elements must have a @value or children {hasValue() or (children().count() > id.count())}
ext-1:Must have either extensions or value[x], not both {extension.exists() != value.exists()}"
"mii-pr-studie-beteiligte-person","PractitionerRole.notAvailable.modifierExtension","PractitionerRole.notAvailable.modifierExtension","","extensions
user contentmodifiers","",0,*,"","Y","Y","Extension {[]} {[]}
","Extensions that cannot be ignored even if unrecognized","May be used to represent additional information that is not part of the basic definition of the element and that modifies the understanding of the element in which it is contained and/or the understanding of the containing element's descendants. Usually modifier elements provide negation or qualification. To make the use of extensions safe and manageable, there is a strict set of governance applied to the definition and use of extensions. Though any implementer can define an extension, there is a set of requirements that SHALL be met as part of the definition of the extension. Applications processing a resource are required to check for modifier extensions.

Modifier extensions SHALL NOT change the meaning of any elements on Resource or DomainResource (including cannot change the meaning of modifierExtension itself).","There can be no stigma associated with the use of extensions by any application, project, or standard - regardless of the institution or jurisdiction that uses or defines the extensions.  The use of extensions is what allows the FHIR specification to retain a core level of simplicity for everyone.","Modifier extensions allow for extensions that *cannot* be safely ignored to be clearly distinguished from the vast majority of extensions which can be safely ignored.  This promotes interoperability by eliminating the need for implementers to prohibit the presence of extensions. For further information, see the [definition of modifier extensions](http://hl7.org/fhir/R4/extensibility.html#modifierExtension).","","","","","","","",,,,,"",,,,"BackboneElement.modifierExtension",0,*,"","ele-1:All FHIR elements must have a @value or children {hasValue() or (children().count() > id.count())}
ext-1:Must have either extensions or value[x], not both {extension.exists() != value.exists()}"
"mii-pr-studie-beteiligte-person","PractitionerRole.notAvailable.description","PractitionerRole.notAvailable.description","","","",1,1,"","","","string {[]} {[]}
","Reason presented to the user explaining why time not available","The reason that can be presented to the user as to why this time is not available.","","","","","","","","","",,,,,"",,,,"PractitionerRole.notAvailable.description",1,1,"","ele-1:All FHIR elements must have a @value or children {hasValue() or (children().count() > id.count())}
"
"mii-pr-studie-beteiligte-person","PractitionerRole.notAvailable.during","PractitionerRole.notAvailable.during","","","",0,1,"","","","Period {[]} {[]}
","Service not available from this date","Service is not available (seasonally or for a public holiday) from this date.","","","","","","","","","",,,,,"",,,,"PractitionerRole.notAvailable.during",0,1,"","ele-1:All FHIR elements must have a @value or children {hasValue() or (children().count() > id.count())}
"
"mii-pr-studie-beteiligte-person","PractitionerRole.availabilityExceptions","PractitionerRole.availabilityExceptions","","","",0,1,"","","","string {[]} {[]}
","Description of availability exceptions","A description of site availability exceptions, e.g. public holiday availability. Succinctly describing all possible exceptions to normal site availability as details in the available Times and not available Times.","","","","","","","","","",,,,,"",,,,"PractitionerRole.availabilityExceptions",0,1,"","ele-1:All FHIR elements must have a @value or children {hasValue() or (children().count() > id.count())}
"
"mii-pr-studie-beteiligte-person","PractitionerRole.endpoint","PractitionerRole.endpoint","","","",0,*,"","","","Reference {[]} {[CanonicalType[http://hl7.org/fhir/StructureDefinition/Endpoint|4.0.1]]}
","Technical endpoints providing access to services operated for the practitioner with this role","Technical endpoints providing access to services operated for the practitioner with this role.","","Organizations have multiple systems that provide various services and ,ay also be different for practitioners too.So the endpoint satisfies the need to be able to define the technical connection details for how to connect to them, and for what purpose.","","","","","","","",,,,,"",,,,"PractitionerRole.endpoint",0,*,"","ele-1:All FHIR elements must have a @value or children {hasValue() or (children().count() > id.count())}
"
"mii-pr-studie-dokument","DocumentReference","DocumentReference","","","",0,*,"","","","null {[]} {[]}
","A reference to a document","A reference to a document of any kind for any purpose. Provides metadata about the document so that the document can be discovered and managed. The scope of a document is any seralized object with a mime-type, so includes formal patient centric documents (CDA), cliical notes, scanned paper, and non-patient specific documents like policy text.","Usually, this is used for documents other than those defined by FHIR.","","","","","","","","",,,,,"",,,,"DocumentReference",0,*,"","dom-2:If the resource is contained in another resource, it SHALL NOT contain nested Resources {contained.contained.empty()}
dom-3:If the resource is contained in another resource, it SHALL be referred to from elsewhere in the resource or SHALL refer to the containing resource {contained.where((('#'+id in (%resource.descendants().reference | %resource.descendants().as(canonical) | %resource.descendants().as(uri) | %resource.descendants().as(url))) or descendants().where(reference = '#').exists() or descendants().where(as(canonical) = '#').exists() or descendants().where(as(canonical) = '#').exists()).not()).trace('unmatched', id).empty()}dom-4:If a resource is contained in another resource, it SHALL NOT have a meta.versionId or a meta.lastUpdated {contained.meta.versionId.empty() and contained.meta.lastUpdated.empty()}dom-5:If a resource is contained in another resource, it SHALL NOT have a security label {contained.meta.security.empty()}dom-6:A resource should have narrative for robust management {text.`div`.exists()}"
"mii-pr-studie-dokument","DocumentReference.id","DocumentReference.id","","","",0,1,"","","Y","id {[]} {[]}
","Logical id of this artifact","The logical id of the resource, as used in the URL for the resource. Once assigned, this value never changes.","The only time that a resource does not have an id is when it is being submitted to the server using a create operation.","","","","","","","","",,,,,"",,,,"Resource.id",0,1,"",""
"mii-pr-studie-dokument","DocumentReference.meta","DocumentReference.meta","","","",0,1,"","","Y","Meta {[]} {[]}
","Metadata about the resource","The metadata about the resource. This is content that is maintained by the infrastructure. Changes to the content might not always be associated with version changes to the resource.","","","","","","","","","",,,,,"",,,,"Resource.meta",0,1,"","ele-1:All FHIR elements must have a @value or children {hasValue() or (children().count() > id.count())}
"
"mii-pr-studie-dokument","DocumentReference.implicitRules","DocumentReference.implicitRules","","","",0,1,"","Y","Y","uri {[]} {[]}
","A set of rules under which this content was created","A reference to a set of rules that were followed when the resource was constructed, and which must be understood when processing the content. Often, this is a reference to an implementation guide that defines the special rules along with other profiles etc.","Asserting this rule set restricts the content to be only understood by a limited set of trading partners. This inherently limits the usefulness of the data in the long term. However, the existing health eco-system is highly fractured, and not yet ready to define, collect, and exchange data in a generally computable sense. Wherever possible, implementers and/or specification writers should avoid using this element. Often, when used, the URL is a reference to an implementation guide that defines these special rules as part of it's narrative along with other profiles, value sets, etc.","","","","","","","","",,,,,"",,,,"Resource.implicitRules",0,1,"","ele-1:All FHIR elements must have a @value or children {hasValue() or (children().count() > id.count())}
"
"mii-pr-studie-dokument","DocumentReference.language","DocumentReference.language","","","",0,1,"","","","code {[]} {[]}
","Language of the resource content","The base language in which the resource is written.","Language is provided to support indexing and accessibility (typically, services such as text to speech use the language tag). The html language tag in the narrative applies  to the narrative. The language tag on the resource may be used to specify the language of other presentations generated from the data in the resource. Not all the content has to be in the base language. The Resource.language should not be assumed to apply to the narrative automatically. If a language is specified, it should it also be specified on the div element in the html (see rules in HTML5 for information about the relationship between xml:lang and the html lang attribute).","","","","","","","","",,"preferred","A human language.","http://hl7.org/fhir/ValueSet/languages|4.0.1","",,,,"Resource.language",0,1,"","ele-1:All FHIR elements must have a @value or children {hasValue() or (children().count() > id.count())}
"
"mii-pr-studie-dokument","DocumentReference.text","DocumentReference.text","","narrative
htmlxhtmldisplay","",0,1,"","","","Narrative {[]} {[]}
","Text summary of the resource, for human interpretation","A human-readable narrative that contains a summary of the resource and can be used to represent the content of the resource to a human. The narrative need not encode all the structured data, but is required to contain sufficient detail to make it ""clinically safe"" for a human to just read the narrative. Resource definitions may define what content should be represented in the narrative to ensure clinical safety.","Contained resources do not have narrative. Resources that are not contained SHOULD have a narrative. In some cases, a resource may only have text with little or no additional discrete data (as long as all minOccurs=1 elements are satisfied).  This may be necessary for data from legacy systems where information is captured as a ""text blob"" or where text is additionally entered raw or narrated and encoded information is added later.","","","","","","","","",,,,,"",,,,"DomainResource.text",0,1,"","ele-1:All FHIR elements must have a @value or children {hasValue() or (children().count() > id.count())}
"
"mii-pr-studie-dokument","DocumentReference.contained","DocumentReference.contained","","inline resources
anonymous resourcescontained resources","",0,*,"","","","Resource {[]} {[]}
","Contained, inline Resources","These resources do not have an independent existence apart from the resource that contains them - they cannot be identified independently, and nor can they have their own independent transaction scope.","This should never be done when the content can be identified properly, as once identification is lost, it is extremely difficult (and context dependent) to restore it again. Contained resources may have profiles and tags In their meta elements, but SHALL NOT have security labels.","","","","","","","","",,,,,"",,,,"DomainResource.contained",0,*,"",""
"mii-pr-studie-dokument","DocumentReference.extension","DocumentReference.extension","","extensions
user content","",0,*,"","","","Extension {[]} {[]}
","Additional content defined by implementations","May be used to represent additional information that is not part of the basic definition of the resource. To make the use of extensions safe and manageable, there is a strict set of governance  applied to the definition and use of extensions. Though any implementer can define an extension, there is a set of requirements that SHALL be met as part of the definition of the extension.","There can be no stigma associated with the use of extensions by any application, project, or standard - regardless of the institution or jurisdiction that uses or defines the extensions.  The use of extensions is what allows the FHIR specification to retain a core level of simplicity for everyone.","","","","","","","","",,,,,"",,,,"DomainResource.extension",0,*,"","ele-1:All FHIR elements must have a @value or children {hasValue() or (children().count() > id.count())}
ext-1:Must have either extensions or value[x], not both {extension.exists() != value.exists()}"
"mii-pr-studie-dokument","DocumentReference.modifierExtension","DocumentReference.modifierExtension","","extensions
user content","",0,*,"","Y","","Extension {[]} {[]}
","Extensions that cannot be ignored","May be used to represent additional information that is not part of the basic definition of the resource and that modifies the understanding of the element that contains it and/or the understanding of the containing element's descendants. Usually modifier elements provide negation or qualification. To make the use of extensions safe and manageable, there is a strict set of governance applied to the definition and use of extensions. Though any implementer is allowed to define an extension, there is a set of requirements that SHALL be met as part of the definition of the extension. Applications processing a resource are required to check for modifier extensions.

Modifier extensions SHALL NOT change the meaning of any elements on Resource or DomainResource (including cannot change the meaning of modifierExtension itself).","There can be no stigma associated with the use of extensions by any application, project, or standard - regardless of the institution or jurisdiction that uses or defines the extensions.  The use of extensions is what allows the FHIR specification to retain a core level of simplicity for everyone.","Modifier extensions allow for extensions that *cannot* be safely ignored to be clearly distinguished from the vast majority of extensions which can be safely ignored.  This promotes interoperability by eliminating the need for implementers to prohibit the presence of extensions. For further information, see the [definition of modifier extensions](http://hl7.org/fhir/R4/extensibility.html#modifierExtension).","","","","","","","",,,,,"",,,,"DomainResource.modifierExtension",0,*,"","ele-1:All FHIR elements must have a @value or children {hasValue() or (children().count() > id.count())}
ext-1:Must have either extensions or value[x], not both {extension.exists() != value.exists()}"
"mii-pr-studie-dokument","DocumentReference.masterIdentifier","DocumentReference.masterIdentifier","","","",0,1,"","","Y","Identifier {[]} {[]}
","Master Version Specific Identifier","Document identifier as assigned by the source of the document. This identifier is specific to this version of the document. This unique identifier may be used elsewhere to identify this version of the document.","CDA Document Id extension and root.","The structure and format of this Id shall be consistent with the specification corresponding to the formatCode attribute. (e.g. for a DICOM standard document a 64-character numeric UID, for an HL7 CDA format a serialization of the CDA Document Id extension and root in the form ""oid^extension"", where OID is a 64 digits max, and the Id is a 16 UTF-8 char max. If the OID is coded without the extension then the '^' character shall not be included.).","","","","","","","",,,,,"",,,,"DocumentReference.masterIdentifier",0,1,"","ele-1:All FHIR elements must have a @value or children {hasValue() or (children().count() > id.count())}
"
"mii-pr-studie-dokument","DocumentReference.identifier","DocumentReference.identifier","","","",0,*,"","","Y","Identifier {[]} {[]}
","Other identifiers for the document","Other identifiers associated with the document, including version independent identifiers.","","","","","","","","","",,,,,"",,,,"DocumentReference.identifier",0,*,"","ele-1:All FHIR elements must have a @value or children {hasValue() or (children().count() > id.count())}
"
"mii-pr-studie-dokument","DocumentReference.status","DocumentReference.status","","","",1,1,"Y","Y","Y","code {[]} {[]}
","Status","aktuell | ersetzt | irrtümlich eingegeben","This is the status of the DocumentReference object, which might be independent from the docStatus element.

This element is labeled as a modifier because the status contains the codes that mark the document or reference as not currently valid.","","","","","","","","",,"required","The status of the document reference.","http://hl7.org/fhir/ValueSet/document-reference-status|4.0.1","",,,,"DocumentReference.status",1,1,"","ele-1:All FHIR elements must have a @value or children {hasValue() or (children().count() > id.count())}
"
"mii-pr-studie-dokument","DocumentReference.docStatus","DocumentReference.docStatus","","","",0,1,"","","Y","code {[]} {[]}
","preliminary | final | amended | entered-in-error","The status of the underlying document.","The document that is pointed to might be in various lifecycle states.","","","","","","","","",,"required","Status of the underlying document.","http://hl7.org/fhir/ValueSet/composition-status|4.0.1","",,,,"DocumentReference.docStatus",0,1,"","ele-1:All FHIR elements must have a @value or children {hasValue() or (children().count() > id.count())}
"
"mii-pr-studie-dokument","DocumentReference.type","DocumentReference.type","","","",0,1,"","","Y","CodeableConcept {[]} {[]}
","Kind of document (LOINC if possible)","Specifies the particular kind of document referenced  (e.g. History and Physical, Discharge Summary, Progress Note). This usually equates to the purpose of making the document referenced.","Key metadata element describing the document that describes he exact type of document. Helps humans to assess whether the document is of interest when viewing a list of documents.","","","","","","","","",,"preferred","Precise type of clinical document.","http://hl7.org/fhir/ValueSet/c80-doc-typecodes|4.0.1","",,,,"DocumentReference.type",0,1,"","ele-1:All FHIR elements must have a @value or children {hasValue() or (children().count() > id.count())}
"
"mii-pr-studie-dokument","DocumentReference.category","DocumentReference.category","","claxs
","",0,*,"","","Y","CodeableConcept {[]} {[]}
","Categorization of document","A categorization for the type of document referenced - helps for indexing and searching. This may be implied by or derived from the code specified in the DocumentReference.type.","Key metadata element describing the the category or classification of the document. This is a broader perspective that groups similar documents based on how they would be used. This is a primary key used in searching.","","","","","","","","",,"example","High-level kind of a clinical document at a macro level.","http://hl7.org/fhir/ValueSet/document-classcodes|4.0.1","",,,,"DocumentReference.category",0,*,"","ele-1:All FHIR elements must have a @value or children {hasValue() or (children().count() > id.count())}
"
"mii-pr-studie-dokument","DocumentReference.subject","DocumentReference.subject","","","",0,1,"","","Y","Reference {[]} {[CanonicalType[http://hl7.org/fhir/StructureDefinition/Patient|4.0.1], CanonicalType[http://hl7.org/fhir/StructureDefinition/Practitioner|4.0.1], CanonicalType[http://hl7.org/fhir/StructureDefinition/Group|4.0.1], CanonicalType[http://hl7.org/fhir/StructureDefinition/Device|4.0.1]]}
","Who/what is the subject of the document","Who or what the document is about. The document can be about a person, (patient or healthcare practitioner), a device (e.g. a machine) or even a group of subjects (such as a document about a herd of farm animals, or a set of patients that share a common exposure).","","","","","","","","","",,,,,"",,,,"DocumentReference.subject",0,1,"","ele-1:All FHIR elements must have a @value or children {hasValue() or (children().count() > id.count())}
"
"mii-pr-studie-dokument","DocumentReference.date","DocumentReference.date","","indexed
","",0,1,"","","Y","instant {[]} {[]}
","When this document reference was created","When the document reference was created.","Referencing/indexing time is used for tracking, organizing versions and searching.","","","","","","","","",,,,,"",,,,"DocumentReference.date",0,1,"","ele-1:All FHIR elements must have a @value or children {hasValue() or (children().count() > id.count())}
"
"mii-pr-studie-dokument","DocumentReference.author","DocumentReference.author","","","",0,*,"Y","","Y","Reference {[]} {[CanonicalType[http://hl7.org/fhir/StructureDefinition/Practitioner|4.0.1], CanonicalType[http://hl7.org/fhir/StructureDefinition/PractitionerRole|4.0.1], CanonicalType[http://hl7.org/fhir/StructureDefinition/Organization|4.0.1], CanonicalType[http://hl7.org/fhir/StructureDefinition/Device|4.0.1], CanonicalType[http://hl7.org/fhir/StructureDefinition/Patient|4.0.1], CanonicalType[http://hl7.org/fhir/StructureDefinition/RelatedPerson|4.0.1]]}
","Author"," Identifiziert, wer für das Hinzufügen der Informationen zum Dokument verantwortlich ist.","Not necessarily who did the actual data entry (i.e. typist) or who was the source (informant).","","","","","","","","",,,,,"",,,,"DocumentReference.author",0,*,"","ele-1:All FHIR elements must have a @value or children {hasValue() or (children().count() > id.count())}
"
"mii-pr-studie-dokument","DocumentReference.authenticator","DocumentReference.authenticator","","","",0,1,"","","","Reference {[]} {[CanonicalType[http://hl7.org/fhir/StructureDefinition/Practitioner|4.0.1], CanonicalType[http://hl7.org/fhir/StructureDefinition/PractitionerRole|4.0.1], CanonicalType[http://hl7.org/fhir/StructureDefinition/Organization|4.0.1]]}
","Who/what authenticated the document","Which person or organization authenticates that this document is valid.","Represents a participant within the author institution who has legally authenticated or attested the document. Legal authentication implies that a document has been signed manually or electronically by the legal Authenticator.","","","","","","","","",,,,,"",,,,"DocumentReference.authenticator",0,1,"","ele-1:All FHIR elements must have a @value or children {hasValue() or (children().count() > id.count())}
"
"mii-pr-studie-dokument","DocumentReference.custodian","DocumentReference.custodian","","","",0,1,"Y","","","Reference {[]} {[CanonicalType[http://hl7.org/fhir/StructureDefinition/Organization|4.0.1]]}
","Custodian","Identifiziert die Organisation oder Gruppe, die für die laufende Pflege und den Zugriff auf das Dokument verantwortlich ist.","Identifies the logical organization (software system, vendor, or department) to go to find the current version, where to report issues, etc. This is different from the physical location (URL, disk drive, or server) of the document, which is the technical location of the document, which host may be delegated to the management of some other organization.","","","","","","","","",,,,,"",,,,"DocumentReference.custodian",0,1,"","ele-1:All FHIR elements must have a @value or children {hasValue() or (children().count() > id.count())}
"
"mii-pr-studie-dokument","DocumentReference.relatesTo","DocumentReference.relatesTo","","","",0,*,"","","Y","BackboneElement {[]} {[]}
","Relationships to other documents","Relationships that this document has with other document references that already exist.","This element is labeled as a modifier because documents that append to other documents are incomplete on their own.","","","","","","","","",,,,,"",,,,"DocumentReference.relatesTo",0,*,"","ele-1:All FHIR elements must have a @value or children {hasValue() or (children().count() > id.count())}
"
"mii-pr-studie-dokument","DocumentReference.relatesTo.id","DocumentReference.relatesTo.id","","","",0,1,"","","","string {[]} {[]}
","Unique id for inter-element referencing","Unique id for the element within a resource (for internal references). This may be any string value that does not contain spaces.","","","","","","","","","",,,,,"",,,,"Element.id",0,1,"",""
"mii-pr-studie-dokument","DocumentReference.relatesTo.extension","DocumentReference.relatesTo.extension","","extensions
user content","",0,*,"","","","Extension {[]} {[]}
","Additional content defined by implementations","May be used to represent additional information that is not part of the basic definition of the element. To make the use of extensions safe and manageable, there is a strict set of governance  applied to the definition and use of extensions. Though any implementer can define an extension, there is a set of requirements that SHALL be met as part of the definition of the extension.","There can be no stigma associated with the use of extensions by any application, project, or standard - regardless of the institution or jurisdiction that uses or defines the extensions.  The use of extensions is what allows the FHIR specification to retain a core level of simplicity for everyone.","","","","","","","","",,,,,"",,,,"Element.extension",0,*,"","ele-1:All FHIR elements must have a @value or children {hasValue() or (children().count() > id.count())}
ext-1:Must have either extensions or value[x], not both {extension.exists() != value.exists()}"
"mii-pr-studie-dokument","DocumentReference.relatesTo.modifierExtension","DocumentReference.relatesTo.modifierExtension","","extensions
user contentmodifiers","",0,*,"","Y","Y","Extension {[]} {[]}
","Extensions that cannot be ignored even if unrecognized","May be used to represent additional information that is not part of the basic definition of the element and that modifies the understanding of the element in which it is contained and/or the understanding of the containing element's descendants. Usually modifier elements provide negation or qualification. To make the use of extensions safe and manageable, there is a strict set of governance applied to the definition and use of extensions. Though any implementer can define an extension, there is a set of requirements that SHALL be met as part of the definition of the extension. Applications processing a resource are required to check for modifier extensions.

Modifier extensions SHALL NOT change the meaning of any elements on Resource or DomainResource (including cannot change the meaning of modifierExtension itself).","There can be no stigma associated with the use of extensions by any application, project, or standard - regardless of the institution or jurisdiction that uses or defines the extensions.  The use of extensions is what allows the FHIR specification to retain a core level of simplicity for everyone.","Modifier extensions allow for extensions that *cannot* be safely ignored to be clearly distinguished from the vast majority of extensions which can be safely ignored.  This promotes interoperability by eliminating the need for implementers to prohibit the presence of extensions. For further information, see the [definition of modifier extensions](http://hl7.org/fhir/R4/extensibility.html#modifierExtension).","","","","","","","",,,,,"",,,,"BackboneElement.modifierExtension",0,*,"","ele-1:All FHIR elements must have a @value or children {hasValue() or (children().count() > id.count())}
ext-1:Must have either extensions or value[x], not both {extension.exists() != value.exists()}"
"mii-pr-studie-dokument","DocumentReference.relatesTo.code","DocumentReference.relatesTo.code","","","",1,1,"","","Y","code {[]} {[]}
","replaces | transforms | signs | appends","The type of relationship that this document has with anther document.","If this document appends another document, then the document cannot be fully understood without also accessing the referenced document.","","","","","","","","",,"required","The type of relationship between documents.","http://hl7.org/fhir/ValueSet/document-relationship-type|4.0.1","",,,,"DocumentReference.relatesTo.code",1,1,"","ele-1:All FHIR elements must have a @value or children {hasValue() or (children().count() > id.count())}
"
"mii-pr-studie-dokument","DocumentReference.relatesTo.target","DocumentReference.relatesTo.target","","","",1,1,"","","Y","Reference {[]} {[CanonicalType[http://hl7.org/fhir/StructureDefinition/DocumentReference|4.0.1]]}
","Target of the relationship","The target document of this relationship.","","","","","","","","","",,,,,"",,,,"DocumentReference.relatesTo.target",1,1,"","ele-1:All FHIR elements must have a @value or children {hasValue() or (children().count() > id.count())}
"
"mii-pr-studie-dokument","DocumentReference.description","DocumentReference.description","","","",0,1,"","","Y","string {[]} {[]}
","Human-readable description","Human-readable description of the source document.","What the document is about,  a terse summary of the document.","Helps humans to assess whether the document is of interest.","","","","","","","",,,,,"",,,,"DocumentReference.description",0,1,"","ele-1:All FHIR elements must have a @value or children {hasValue() or (children().count() > id.count())}
"
"mii-pr-studie-dokument","DocumentReference.securityLabel","DocumentReference.securityLabel","","","",0,*,"","","Y","CodeableConcept {[]} {[]}
","Document security-tags","A set of Security-Tag codes specifying the level of privacy/security of the Document. Note that DocumentReference.meta.security contains the security labels of the ""reference"" to the document, while DocumentReference.securityLabel contains a snapshot of the security labels on the document the reference refers to.","The confidentiality codes can carry multiple vocabulary items. HL7 has developed an understanding of security and privacy tags that might be desirable in a Document Sharing environment, called HL7 Healthcare Privacy and Security Classification System (HCS). The following specification is recommended but not mandated, as the vocabulary bindings are an administrative domain responsibility. The use of this method is up to the policy domain such as the XDS Affinity Domain or other Trust Domain where all parties including sender and recipients are trusted to appropriately tag and enforce.   

In the HL7 Healthcare Privacy and Security Classification (HCS) there are code systems specific to Confidentiality, Sensitivity, Integrity, and Handling Caveats. Some values would come from a local vocabulary as they are related to workflow roles and special projects.","Use of the Health Care Privacy/Security Classification (HCS) system of security-tag use is recommended.","","","","","","","",,"extensible","Security Labels from the Healthcare Privacy and Security Classification System.","http://hl7.org/fhir/ValueSet/security-labels|4.0.1","",,,,"DocumentReference.securityLabel",0,*,"","ele-1:All FHIR elements must have a @value or children {hasValue() or (children().count() > id.count())}
"
"mii-pr-studie-dokument","DocumentReference.content","DocumentReference.content","","","",1,*,"Y","","Y","BackboneElement {[]} {[]}
","Content","Das referenzierte Dokument und Format. Es können mehrere Wiederholungen des Inhaltselements vorhanden sein, jeweils in einem anderen Format.","","","","","","","","","",,,,,"",,,,"DocumentReference.content",1,*,"","ele-1:All FHIR elements must have a @value or children {hasValue() or (children().count() > id.count())}
"
"mii-pr-studie-dokument","DocumentReference.content.id","DocumentReference.content.id","","","",0,1,"","","","string {[]} {[]}
","Unique id for inter-element referencing","Unique id for the element within a resource (for internal references). This may be any string value that does not contain spaces.","","","","","","","","","",,,,,"",,,,"Element.id",0,1,"",""
"mii-pr-studie-dokument","DocumentReference.content.extension","DocumentReference.content.extension","","extensions
user content","",0,*,"","","","Extension {[]} {[]}
","Additional content defined by implementations","May be used to represent additional information that is not part of the basic definition of the element. To make the use of extensions safe and manageable, there is a strict set of governance  applied to the definition and use of extensions. Though any implementer can define an extension, there is a set of requirements that SHALL be met as part of the definition of the extension.","There can be no stigma associated with the use of extensions by any application, project, or standard - regardless of the institution or jurisdiction that uses or defines the extensions.  The use of extensions is what allows the FHIR specification to retain a core level of simplicity for everyone.","","","","","","","","",,,,,"",,,,"Element.extension",0,*,"","ele-1:All FHIR elements must have a @value or children {hasValue() or (children().count() > id.count())}
ext-1:Must have either extensions or value[x], not both {extension.exists() != value.exists()}"
"mii-pr-studie-dokument","DocumentReference.content.modifierExtension","DocumentReference.content.modifierExtension","","extensions
user contentmodifiers","",0,*,"","Y","Y","Extension {[]} {[]}
","Extensions that cannot be ignored even if unrecognized","May be used to represent additional information that is not part of the basic definition of the element and that modifies the understanding of the element in which it is contained and/or the understanding of the containing element's descendants. Usually modifier elements provide negation or qualification. To make the use of extensions safe and manageable, there is a strict set of governance applied to the definition and use of extensions. Though any implementer can define an extension, there is a set of requirements that SHALL be met as part of the definition of the extension. Applications processing a resource are required to check for modifier extensions.

Modifier extensions SHALL NOT change the meaning of any elements on Resource or DomainResource (including cannot change the meaning of modifierExtension itself).","There can be no stigma associated with the use of extensions by any application, project, or standard - regardless of the institution or jurisdiction that uses or defines the extensions.  The use of extensions is what allows the FHIR specification to retain a core level of simplicity for everyone.","Modifier extensions allow for extensions that *cannot* be safely ignored to be clearly distinguished from the vast majority of extensions which can be safely ignored.  This promotes interoperability by eliminating the need for implementers to prohibit the presence of extensions. For further information, see the [definition of modifier extensions](http://hl7.org/fhir/R4/extensibility.html#modifierExtension).","","","","","","","",,,,,"",,,,"BackboneElement.modifierExtension",0,*,"","ele-1:All FHIR elements must have a @value or children {hasValue() or (children().count() > id.count())}
ext-1:Must have either extensions or value[x], not both {extension.exists() != value.exists()}"
"mii-pr-studie-dokument","DocumentReference.content.attachment","DocumentReference.content.attachment","","","",1,1,"Y","","Y","Attachment {[]} {[]}
","Where to access the document","The document or URL of the document along with critical metadata to prove content has integrity.","","","","","","","","","",,,,,"",,,,"DocumentReference.content.attachment",1,1,"","ele-1:All FHIR elements must have a @value or children {hasValue() or (children().count() > id.count())}
"
"mii-pr-studie-dokument","DocumentReference.content.attachment.id","DocumentReference.content.attachment.id","","","",0,1,"","","","string {[]} {[]}
","Unique id for inter-element referencing","Unique id for the element within a resource (for internal references). This may be any string value that does not contain spaces.","","","","","","","","","",,,,,"",,,,"Element.id",0,1,"",""
"mii-pr-studie-dokument","DocumentReference.content.attachment.extension","DocumentReference.content.attachment.extension","","extensions
user content","",0,*,"","","","Extension {[]} {[]}
","Additional content defined by implementations","May be used to represent additional information that is not part of the basic definition of the element. To make the use of extensions safe and manageable, there is a strict set of governance  applied to the definition and use of extensions. Though any implementer can define an extension, there is a set of requirements that SHALL be met as part of the definition of the extension.","There can be no stigma associated with the use of extensions by any application, project, or standard - regardless of the institution or jurisdiction that uses or defines the extensions.  The use of extensions is what allows the FHIR specification to retain a core level of simplicity for everyone.","","","","","","","","",,,,,"","value:url}
","Extensions are always sliced by (at least) url",,"open","Element.extension",0,*,"","ele-1:All FHIR elements must have a @value or children {hasValue() or (children().count() > id.count())}
ext-1:Must have either extensions or value[x], not both {extension.exists() != value.exists()}"
"mii-pr-studie-dokument","DocumentReference.content.attachment.contentType","DocumentReference.content.attachment.contentType","","","",1,1,"Y","","Y","code {[]} {[]}
","Mime type of the content, with charset etc.","Identifies the type of the data in the attachment and allows a method to be chosen to interpret or render the data. Includes mime type parameters such as charset where appropriate.","","Processors of the data need to be able to know how to interpret the data.","","","","","<valueCode xmlns=""http://hl7.org/fhir"" value=""text/plain; charset=UTF-8, image/png""/>","","",,"required","The mime type of an attachment. Any valid mime type is allowed.","http://hl7.org/fhir/ValueSet/mimetypes|4.0.1","",,,,"Attachment.contentType",0,1,"","ele-1:All FHIR elements must have a @value or children {hasValue() or (children().count() > id.count())}
"
"mii-pr-studie-dokument","DocumentReference.content.attachment.language","DocumentReference.content.attachment.language","","","",0,1,"","","Y","code {[]} {[]}
","Human language of the content (BCP-47)","The human language of the content. The value can be any valid value according to BCP 47.","","Users need to be able to choose between the languages in a set of attachments.","","","","","<valueCode xmlns=""http://hl7.org/fhir"" value=""en-AU""/>","","",,"preferred","A human language.","http://hl7.org/fhir/ValueSet/languages|4.0.1","",,,,"Attachment.language",0,1,"","ele-1:All FHIR elements must have a @value or children {hasValue() or (children().count() > id.count())}
"
"mii-pr-studie-dokument","DocumentReference.content.attachment.data","DocumentReference.content.attachment.data","","","",0,1,"","","","base64Binary {[]} {[]}
","Data inline, base64ed","The actual data of the attachment - a sequence of bytes, base64 encoded.","The base64-encoded data SHALL be expressed in the same character set as the base resource XML or JSON.","The data needs to able to be transmitted inline.","","","","","","","",,,,,"",,,,"Attachment.data",0,1,"","ele-1:All FHIR elements must have a @value or children {hasValue() or (children().count() > id.count())}
"
"mii-pr-studie-dokument","DocumentReference.content.attachment.url","DocumentReference.content.attachment.url","","","",1,1,"Y","","Y","url {[]} {[]}
","Uri where the data can be found","A location where the data can be accessed.","If both data and url are provided, the url SHALL point to the same content as the data contains. Urls may be relative references or may reference transient locations such as a wrapping envelope using cid: though this has ramifications for using signatures. Relative URLs are interpreted relative to the service url, like a resource reference, rather than relative to the resource itself. If a URL is provided, it SHALL resolve to actual data.","The data needs to be transmitted by reference.","","","","","<valueUrl xmlns=""http://hl7.org/fhir"" value=""http://www.acme.com/logo-small.png""/>","","",,,,,"",,,,"Attachment.url",0,1,"","ele-1:All FHIR elements must have a @value or children {hasValue() or (children().count() > id.count())}
"
"mii-pr-studie-dokument","DocumentReference.content.attachment.size","DocumentReference.content.attachment.size","","","",0,1,"Y","","Y","unsignedInt {[]} {[]}
","Number of bytes of content (if url provided)","The number of bytes of data that make up this attachment (before base64 encoding, if that is done).","The number of bytes is redundant if the data is provided as a base64binary, but is useful if the data is provided as a url reference.","Representing the size allows applications to determine whether they should fetch the content automatically in advance, or refuse to fetch it at all.","","","","","","","",,,,,"",,,,"Attachment.size",0,1,"","ele-1:All FHIR elements must have a @value or children {hasValue() or (children().count() > id.count())}
"
"mii-pr-studie-dokument","DocumentReference.content.attachment.hash","DocumentReference.content.attachment.hash","","","",0,1,"","","Y","base64Binary {[]} {[]}
","Hash of the data (sha-1, base64ed)","The calculated hash of the data using SHA-1. Represented using base64.","The hash is calculated on the data prior to base64 encoding, if the data is based64 encoded. The hash is not intended to support digital signatures. Where protection against malicious threats a digital signature should be considered, see [Provenance.signature](http://hl7.org/fhir/R4/provenance-definitions.html#Provenance.signature) for mechanism to protect a resource with a digital signature.","Included so that applications can verify that the contents of a location have not changed due to technical failures (e.g., storage rot, transport glitch, incorrect version).","","","","","","","",,,,,"",,,,"Attachment.hash",0,1,"","ele-1:All FHIR elements must have a @value or children {hasValue() or (children().count() > id.count())}
"
"mii-pr-studie-dokument","DocumentReference.content.attachment.title","DocumentReference.content.attachment.title","","","",0,1,"Y","","Y","string {[]} {[]}
","Label to display in place of the data","A label or set of text to display in place of the data.","","Applications need a label to display to a human user in place of the actual data if the data cannot be rendered or perceived by the viewer.","","","","","<valueString xmlns=""http://hl7.org/fhir"" value=""Official Corporate Logo""/>","","",,,,,"",,,,"Attachment.title",0,1,"","ele-1:All FHIR elements must have a @value or children {hasValue() or (children().count() > id.count())}
"
"mii-pr-studie-dokument","DocumentReference.content.attachment.creation","DocumentReference.content.attachment.creation","","","",0,1,"","","Y","dateTime {[]} {[]}
","Date attachment was first created","The date that the attachment was first created.","","This is often tracked as an integrity issue for use of the attachment.","","","","","","","",,,,,"",,,,"Attachment.creation",0,1,"","ele-1:All FHIR elements must have a @value or children {hasValue() or (children().count() > id.count())}
"
"mii-pr-studie-dokument","DocumentReference.content.format","DocumentReference.content.format","","","",0,1,"","","Y","Coding {[]} {[]}
","Format/content rules for the document","An identifier of the document encoding, structure, and template that the document conforms to beyond the base format indicated in the mimeType.","Note that while IHE mostly issues URNs for format types, not all documents can be identified by a URI.","","","","","","","","",,"preferred","Document Format Codes.","http://hl7.org/fhir/ValueSet/formatcodes|4.0.1","",,,,"DocumentReference.content.format",0,1,"","ele-1:All FHIR elements must have a @value or children {hasValue() or (children().count() > id.count())}
"
"mii-pr-studie-dokument","DocumentReference.context","DocumentReference.context","","","",0,1,"Y","","Y","BackboneElement {[]} {[]}
","Context","Der klinische Kontext, in dem das Dokument erstellt wurde.","These values are primarily added to help with searching for interesting/relevant documents.","","","","","","","","",,,,,"",,,,"DocumentReference.context",0,1,"","ele-1:All FHIR elements must have a @value or children {hasValue() or (children().count() > id.count())}
"
"mii-pr-studie-dokument","DocumentReference.context.id","DocumentReference.context.id","","","",0,1,"","","","string {[]} {[]}
","Unique id for inter-element referencing","Unique id for the element within a resource (for internal references). This may be any string value that does not contain spaces.","","","","","","","","","",,,,,"",,,,"Element.id",0,1,"",""
"mii-pr-studie-dokument","DocumentReference.context.extension","DocumentReference.context.extension","","extensions
user content","",0,*,"","","","Extension {[]} {[]}
","Additional content defined by implementations","May be used to represent additional information that is not part of the basic definition of the element. To make the use of extensions safe and manageable, there is a strict set of governance  applied to the definition and use of extensions. Though any implementer can define an extension, there is a set of requirements that SHALL be met as part of the definition of the extension.","There can be no stigma associated with the use of extensions by any application, project, or standard - regardless of the institution or jurisdiction that uses or defines the extensions.  The use of extensions is what allows the FHIR specification to retain a core level of simplicity for everyone.","","","","","","","","",,,,,"",,,,"Element.extension",0,*,"","ele-1:All FHIR elements must have a @value or children {hasValue() or (children().count() > id.count())}
ext-1:Must have either extensions or value[x], not both {extension.exists() != value.exists()}"
"mii-pr-studie-dokument","DocumentReference.context.modifierExtension","DocumentReference.context.modifierExtension","","extensions
user contentmodifiers","",0,*,"","Y","Y","Extension {[]} {[]}
","Extensions that cannot be ignored even if unrecognized","May be used to represent additional information that is not part of the basic definition of the element and that modifies the understanding of the element in which it is contained and/or the understanding of the containing element's descendants. Usually modifier elements provide negation or qualification. To make the use of extensions safe and manageable, there is a strict set of governance applied to the definition and use of extensions. Though any implementer can define an extension, there is a set of requirements that SHALL be met as part of the definition of the extension. Applications processing a resource are required to check for modifier extensions.

Modifier extensions SHALL NOT change the meaning of any elements on Resource or DomainResource (including cannot change the meaning of modifierExtension itself).","There can be no stigma associated with the use of extensions by any application, project, or standard - regardless of the institution or jurisdiction that uses or defines the extensions.  The use of extensions is what allows the FHIR specification to retain a core level of simplicity for everyone.","Modifier extensions allow for extensions that *cannot* be safely ignored to be clearly distinguished from the vast majority of extensions which can be safely ignored.  This promotes interoperability by eliminating the need for implementers to prohibit the presence of extensions. For further information, see the [definition of modifier extensions](http://hl7.org/fhir/R4/extensibility.html#modifierExtension).","","","","","","","",,,,,"",,,,"BackboneElement.modifierExtension",0,*,"","ele-1:All FHIR elements must have a @value or children {hasValue() or (children().count() > id.count())}
ext-1:Must have either extensions or value[x], not both {extension.exists() != value.exists()}"
"mii-pr-studie-dokument","DocumentReference.context.encounter","DocumentReference.context.encounter","","","",0,*,"","","","Reference {[]} {[CanonicalType[http://hl7.org/fhir/StructureDefinition/Encounter|4.0.1], CanonicalType[http://hl7.org/fhir/StructureDefinition/EpisodeOfCare|4.0.1]]}
","Context of the document  content","Describes the clinical encounter or type of care that the document content is associated with.","","","","","","","","","",,,,,"",,,,"DocumentReference.context.encounter",0,*,"","ele-1:All FHIR elements must have a @value or children {hasValue() or (children().count() > id.count())}
"
"mii-pr-studie-dokument","DocumentReference.context.event","DocumentReference.context.event","","","",0,*,"","","","CodeableConcept {[]} {[]}
","Main clinical acts documented","This list of codes represents the main clinical acts, such as a colonoscopy or an appendectomy, being documented. In some cases, the event is inherent in the type Code, such as a ""History and Physical Report"" in which the procedure being documented is necessarily a ""History and Physical"" act.","An event can further specialize the act inherent in the type, such as  where it is simply ""Procedure Report"" and the procedure was a ""colonoscopy"". If one or more event codes are included, they shall not conflict with the values inherent in the class or type elements as such a conflict would create an ambiguous situation.","","","","","","","","",,"example","This list of codes represents the main clinical acts being documented.","http://terminology.hl7.org/ValueSet/v3-ActCode","",,,,"DocumentReference.context.event",0,*,"","ele-1:All FHIR elements must have a @value or children {hasValue() or (children().count() > id.count())}
"
"mii-pr-studie-dokument","DocumentReference.context.period","DocumentReference.context.period","","","",0,1,"","","Y","Period {[]} {[]}
","Time of service that is being documented","The time period over which the service that is described by the document was provided.","","","","","","","","","",,,,,"",,,,"DocumentReference.context.period",0,1,"","ele-1:All FHIR elements must have a @value or children {hasValue() or (children().count() > id.count())}
"
"mii-pr-studie-dokument","DocumentReference.context.facilityType","DocumentReference.context.facilityType","","","",0,1,"","","","CodeableConcept {[]} {[]}
","Kind of facility where patient was seen","The kind of facility where the patient was seen.","","","","","","","","","",,"example","XDS Facility Type.","http://hl7.org/fhir/ValueSet/c80-facilitycodes|4.0.1","",,,,"DocumentReference.context.facilityType",0,1,"","ele-1:All FHIR elements must have a @value or children {hasValue() or (children().count() > id.count())}
"
"mii-pr-studie-dokument","DocumentReference.context.practiceSetting","DocumentReference.context.practiceSetting","","","",0,1,"","","","CodeableConcept {[]} {[]}
","Additional details about where the content was created (e.g. clinical specialty)","This property may convey specifics about the practice setting where the content was created, often reflecting the clinical specialty.","This element should be based on a coarse classification system for the class of specialty practice. Recommend the use of the classification system for Practice Setting, such as that described by the Subject Matter Domain in LOINC.","This is an important piece of metadata that providers often rely upon to quickly sort and/or filter out to find specific content.","","","","","","","",,"example","Additional details about where the content was created (e.g. clinical specialty).","http://hl7.org/fhir/ValueSet/c80-practice-codes|4.0.1","",,,,"DocumentReference.context.practiceSetting",0,1,"","ele-1:All FHIR elements must have a @value or children {hasValue() or (children().count() > id.count())}
"
"mii-pr-studie-dokument","DocumentReference.context.sourcePatientInfo","DocumentReference.context.sourcePatientInfo","","","",0,1,"","","","Reference {[]} {[CanonicalType[http://hl7.org/fhir/StructureDefinition/Patient|4.0.1]]}
","Patient demographics from source","The Patient Information as known when the document was published. May be a reference to a version specific, or contained.","","","","","","","","","",,,,,"",,,,"DocumentReference.context.sourcePatientInfo",0,1,"","ele-1:All FHIR elements must have a @value or children {hasValue() or (children().count() > id.count())}
"
"mii-pr-studie-dokument","DocumentReference.context.related","DocumentReference.context.related","","","",0,*,"Y","","","Reference {[]} {[CanonicalType[http://hl7.org/fhir/StructureDefinition/Resource|4.0.1]]}
","Related identifiers or resources","Related identifiers or resources associated with the DocumentReference.","May be identifiers or resources that caused the DocumentReference or referenced Document to be created.","","","","","","","","",,,,,"",,,,"DocumentReference.context.related",0,*,"","ele-1:All FHIR elements must have a @value or children {hasValue() or (children().count() > id.count())}
"
"mii-pr-studie-ein-auschluss-kriterium","EvidenceVariable","EvidenceVariable","","","",0,*,"","","","null {[]} {[]}
","A population, intervention, or exposure definition","The EvidenceVariable resource describes a ""PICO"" element that knowledge (evidence, assertion, recommendation) is about.","PICO stands for Population (the population within which exposures are being compared), Intervention (the conditional state or exposure state being described for its effect on outcomes), Comparison (the alternative conditional state or alternative exposure state being compared against), and Outcome (the result or effect of the intervention in the population).","","","","","","","","",,,,,"",,,,"EvidenceVariable",0,*,"","dom-2:If the resource is contained in another resource, it SHALL NOT contain nested Resources {contained.contained.empty()}
dom-3:If the resource is contained in another resource, it SHALL be referred to from elsewhere in the resource or SHALL refer to the containing resource {contained.where((('#'+id in (%resource.descendants().reference | %resource.descendants().as(canonical) | %resource.descendants().as(uri) | %resource.descendants().as(url))) or descendants().where(reference = '#').exists() or descendants().where(as(canonical) = '#').exists() or descendants().where(as(canonical) = '#').exists()).not()).trace('unmatched', id).empty()}dom-4:If a resource is contained in another resource, it SHALL NOT have a meta.versionId or a meta.lastUpdated {contained.meta.versionId.empty() and contained.meta.lastUpdated.empty()}dom-5:If a resource is contained in another resource, it SHALL NOT have a security label {contained.meta.security.empty()}dom-6:A resource should have narrative for robust management {text.`div`.exists()}evv-0:Name should be usable as an identifier for the module by machine processing applications such as code generation {name.matches('[A-Z]([A-Za-z0-9_]){0,254}')}"
"mii-pr-studie-ein-auschluss-kriterium","EvidenceVariable.id","EvidenceVariable.id","","","",0,1,"","","Y","id {[]} {[]}
","Logical id of this artifact","The logical id of the resource, as used in the URL for the resource. Once assigned, this value never changes.","The only time that a resource does not have an id is when it is being submitted to the server using a create operation.","","","","","","","","",,,,,"",,,,"Resource.id",0,1,"",""
"mii-pr-studie-ein-auschluss-kriterium","EvidenceVariable.meta","EvidenceVariable.meta","","","",0,1,"","","Y","Meta {[]} {[]}
","Metadata about the resource","The metadata about the resource. This is content that is maintained by the infrastructure. Changes to the content might not always be associated with version changes to the resource.","","","","","","","","","",,,,,"",,,,"Resource.meta",0,1,"","ele-1:All FHIR elements must have a @value or children {hasValue() or (children().count() > id.count())}
"
"mii-pr-studie-ein-auschluss-kriterium","EvidenceVariable.implicitRules","EvidenceVariable.implicitRules","","","",0,1,"","Y","Y","uri {[]} {[]}
","A set of rules under which this content was created","A reference to a set of rules that were followed when the resource was constructed, and which must be understood when processing the content. Often, this is a reference to an implementation guide that defines the special rules along with other profiles etc.","Asserting this rule set restricts the content to be only understood by a limited set of trading partners. This inherently limits the usefulness of the data in the long term. However, the existing health eco-system is highly fractured, and not yet ready to define, collect, and exchange data in a generally computable sense. Wherever possible, implementers and/or specification writers should avoid using this element. Often, when used, the URL is a reference to an implementation guide that defines these special rules as part of it's narrative along with other profiles, value sets, etc.","","","","","","","","",,,,,"",,,,"Resource.implicitRules",0,1,"","ele-1:All FHIR elements must have a @value or children {hasValue() or (children().count() > id.count())}
"
"mii-pr-studie-ein-auschluss-kriterium","EvidenceVariable.language","EvidenceVariable.language","","","",0,1,"","","","code {[]} {[]}
","Language of the resource content","The base language in which the resource is written.","Language is provided to support indexing and accessibility (typically, services such as text to speech use the language tag). The html language tag in the narrative applies  to the narrative. The language tag on the resource may be used to specify the language of other presentations generated from the data in the resource. Not all the content has to be in the base language. The Resource.language should not be assumed to apply to the narrative automatically. If a language is specified, it should it also be specified on the div element in the html (see rules in HTML5 for information about the relationship between xml:lang and the html lang attribute).","","","","","","","","",,"preferred","A human language.","http://hl7.org/fhir/ValueSet/languages|4.0.1","",,,,"Resource.language",0,1,"","ele-1:All FHIR elements must have a @value or children {hasValue() or (children().count() > id.count())}
"
"mii-pr-studie-ein-auschluss-kriterium","EvidenceVariable.text","EvidenceVariable.text","","narrative
htmlxhtmldisplay","",0,1,"","","","Narrative {[]} {[]}
","Text summary of the resource, for human interpretation","A human-readable narrative that contains a summary of the resource and can be used to represent the content of the resource to a human. The narrative need not encode all the structured data, but is required to contain sufficient detail to make it ""clinically safe"" for a human to just read the narrative. Resource definitions may define what content should be represented in the narrative to ensure clinical safety.","Contained resources do not have narrative. Resources that are not contained SHOULD have a narrative. In some cases, a resource may only have text with little or no additional discrete data (as long as all minOccurs=1 elements are satisfied).  This may be necessary for data from legacy systems where information is captured as a ""text blob"" or where text is additionally entered raw or narrated and encoded information is added later.","","","","","","","","",,,,,"",,,,"DomainResource.text",0,1,"","ele-1:All FHIR elements must have a @value or children {hasValue() or (children().count() > id.count())}
"
"mii-pr-studie-ein-auschluss-kriterium","EvidenceVariable.contained","EvidenceVariable.contained","","inline resources
anonymous resourcescontained resources","",0,*,"","","","Resource {[]} {[]}
","Contained, inline Resources","These resources do not have an independent existence apart from the resource that contains them - they cannot be identified independently, and nor can they have their own independent transaction scope.","This should never be done when the content can be identified properly, as once identification is lost, it is extremely difficult (and context dependent) to restore it again. Contained resources may have profiles and tags In their meta elements, but SHALL NOT have security labels.","","","","","","","","",,,,,"",,,,"DomainResource.contained",0,*,"",""
"mii-pr-studie-ein-auschluss-kriterium","EvidenceVariable.extension","EvidenceVariable.extension","","extensions
user content","",0,*,"","","","Extension {[]} {[]}
","Additional content defined by implementations","May be used to represent additional information that is not part of the basic definition of the resource. To make the use of extensions safe and manageable, there is a strict set of governance  applied to the definition and use of extensions. Though any implementer can define an extension, there is a set of requirements that SHALL be met as part of the definition of the extension.","There can be no stigma associated with the use of extensions by any application, project, or standard - regardless of the institution or jurisdiction that uses or defines the extensions.  The use of extensions is what allows the FHIR specification to retain a core level of simplicity for everyone.","","","","","","","","",,,,,"",,,,"DomainResource.extension",0,*,"","ele-1:All FHIR elements must have a @value or children {hasValue() or (children().count() > id.count())}
ext-1:Must have either extensions or value[x], not both {extension.exists() != value.exists()}"
"mii-pr-studie-ein-auschluss-kriterium","EvidenceVariable.modifierExtension","EvidenceVariable.modifierExtension","","extensions
user content","",0,*,"","Y","","Extension {[]} {[]}
","Extensions that cannot be ignored","May be used to represent additional information that is not part of the basic definition of the resource and that modifies the understanding of the element that contains it and/or the understanding of the containing element's descendants. Usually modifier elements provide negation or qualification. To make the use of extensions safe and manageable, there is a strict set of governance applied to the definition and use of extensions. Though any implementer is allowed to define an extension, there is a set of requirements that SHALL be met as part of the definition of the extension. Applications processing a resource are required to check for modifier extensions.

Modifier extensions SHALL NOT change the meaning of any elements on Resource or DomainResource (including cannot change the meaning of modifierExtension itself).","There can be no stigma associated with the use of extensions by any application, project, or standard - regardless of the institution or jurisdiction that uses or defines the extensions.  The use of extensions is what allows the FHIR specification to retain a core level of simplicity for everyone.","Modifier extensions allow for extensions that *cannot* be safely ignored to be clearly distinguished from the vast majority of extensions which can be safely ignored.  This promotes interoperability by eliminating the need for implementers to prohibit the presence of extensions. For further information, see the [definition of modifier extensions](http://hl7.org/fhir/R4/extensibility.html#modifierExtension).","","","","","","","",,,,,"",,,,"DomainResource.modifierExtension",0,*,"","ele-1:All FHIR elements must have a @value or children {hasValue() or (children().count() > id.count())}
ext-1:Must have either extensions or value[x], not both {extension.exists() != value.exists()}"
"mii-pr-studie-ein-auschluss-kriterium","EvidenceVariable.url","EvidenceVariable.url","","","",0,1,"","","Y","uri {[]} {[]}
","Canonical identifier for this evidence variable, represented as a URI (globally unique)","An absolute URI that is used to identify this evidence variable when it is referenced in a specification, model, design or an instance; also called its canonical identifier. This SHOULD be globally unique and SHOULD be a literal address at which at which an authoritative instance of this evidence variable is (or will be) published. This URL can be the target of a canonical reference. It SHALL remain the same when the evidence variable is stored on different servers.","Can be a urn:uuid: or a urn:oid: but real http: addresses are preferred.  Multiple instances may share the same URL if they have a distinct version.

The determination of when to create a new version of a resource (same url, new version) vs. defining a new artifact is up to the author.  Considerations for making this decision are found in [Technical and Business Versions](http://hl7.org/fhir/R4/resource.html#versions). 

In some cases, the resource can no longer be found at the stated url, but the url itself cannot change. Implementations can use the [meta.source](http://hl7.org/fhir/R4/resource.html#meta) element to indicate where the current master source of the resource can be found.","Allows the evidence variable to be referenced by a single globally unique identifier.","","","","","","","",,,,,"",,,,"EvidenceVariable.url",0,1,"","ele-1:All FHIR elements must have a @value or children {hasValue() or (children().count() > id.count())}
"
"mii-pr-studie-ein-auschluss-kriterium","EvidenceVariable.identifier","EvidenceVariable.identifier","","","",0,*,"","","Y","Identifier {[]} {[]}
","Additional identifier for the evidence variable","A formal identifier that is used to identify this evidence variable when it is represented in other formats, or referenced in a specification, model, design or an instance.","Typically, this is used for identifiers that can go in an HL7 V3 II (instance identifier) data type, and can then identify this evidence variable outside of FHIR, where it is not possible to use the logical URI.","Allows externally provided and/or usable business identifiers to be easily associated with the module.","","","","","","","",,,,,"",,,,"EvidenceVariable.identifier",0,*,"","ele-1:All FHIR elements must have a @value or children {hasValue() or (children().count() > id.count())}
"
"mii-pr-studie-ein-auschluss-kriterium","EvidenceVariable.version","EvidenceVariable.version","","","",0,1,"","","Y","string {[]} {[]}
","Business version of the evidence variable","The identifier that is used to identify this version of the evidence variable when it is referenced in a specification, model, design or instance. This is an arbitrary value managed by the evidence variable author and is not expected to be globally unique. For example, it might be a timestamp (e.g. yyyymmdd) if a managed version is not available. There is also no expectation that versions can be placed in a lexicographical sequence. To provide a version consistent with the Decision Support Service specification, use the format Major.Minor.Revision (e.g. 1.0.0). For more information on versioning knowledge assets, refer to the Decision Support Service specification. Note that a version is required for non-experimental active artifacts.","There may be different evidence variable instances that have the same identifier but different versions.  The version can be appended to the url in a reference to allow a reference to a particular business version of the evidence variable with the format [url]|[version].","","","","","","","","",,,,,"",,,,"EvidenceVariable.version",0,1,"","ele-1:All FHIR elements must have a @value or children {hasValue() or (children().count() > id.count())}
"
"mii-pr-studie-ein-auschluss-kriterium","EvidenceVariable.name","EvidenceVariable.name","","","",0,1,"","","Y","string {[]} {[]}
","Name for this evidence variable (computer friendly)","A natural language name identifying the evidence variable. This name should be usable as an identifier for the module by machine processing applications such as code generation.","The name is not expected to be globally unique. The name should be a simple alphanumeric type name to ensure that it is machine-processing friendly.","Support human navigation and code generation.","","","","","","","",,,,,"",,,,"EvidenceVariable.name",0,1,"inv-0
","ele-1:All FHIR elements must have a @value or children {hasValue() or (children().count() > id.count())}
"
"mii-pr-studie-ein-auschluss-kriterium","EvidenceVariable.title","EvidenceVariable.title","","","",0,1,"","","Y","string {[]} {[]}
","Name for this evidence variable (human friendly)","A short, descriptive, user-friendly title for the evidence variable.","This name does not need to be machine-processing friendly and may contain punctuation, white-space, etc.","","","","","","","","",,,,,"",,,,"EvidenceVariable.title",0,1,"","ele-1:All FHIR elements must have a @value or children {hasValue() or (children().count() > id.count())}
"
"mii-pr-studie-ein-auschluss-kriterium","EvidenceVariable.shortTitle","EvidenceVariable.shortTitle","","","",0,1,"","","Y","string {[]} {[]}
","Title for use in informal contexts","The short title provides an alternate title for use in informal descriptive contexts where the full, formal title is not necessary.","","Need to be able to reference the content by a short description, but still provide a longer, more formal title for the content.","","","","","","","",,,,,"",,,,"EvidenceVariable.shortTitle",0,1,"","ele-1:All FHIR elements must have a @value or children {hasValue() or (children().count() > id.count())}
"
"mii-pr-studie-ein-auschluss-kriterium","EvidenceVariable.subtitle","EvidenceVariable.subtitle","","","",0,1,"","","","string {[]} {[]}
","Subordinate title of the EvidenceVariable","An explanatory or alternate title for the EvidenceVariable giving additional information about its content.","","","","","","","","","",,,,,"",,,,"EvidenceVariable.subtitle",0,1,"","ele-1:All FHIR elements must have a @value or children {hasValue() or (children().count() > id.count())}
"
"mii-pr-studie-ein-auschluss-kriterium","EvidenceVariable.status","EvidenceVariable.status","","","",1,1,"Y","Y","Y","code {[]} {[]}
","Status","Der Status dieser EvidenceVariable. Ermöglicht die Verfolgung des Lebenszyklus des Inhalts.","Allows filtering of evidence variables that are appropriate for use versus not.","","","","","","","","",,"required","The lifecycle status of an artifact.","http://hl7.org/fhir/ValueSet/publication-status|4.0.1","",,,,"EvidenceVariable.status",1,1,"","ele-1:All FHIR elements must have a @value or children {hasValue() or (children().count() > id.count())}
"
"mii-pr-studie-ein-auschluss-kriterium","EvidenceVariable.date","EvidenceVariable.date","","Revision Date
","",0,1,"","","Y","dateTime {[]} {[]}
","Date last changed","The date  (and optionally time) when the evidence variable was published. The date must change when the business version changes and it must change if the status code changes. In addition, it should change when the substantive content of the evidence variable changes.","Note that this is not the same as the resource last-modified-date, since the resource may be a secondary representation of the evidence variable. Additional specific dates may be added as extensions or be found by consulting Provenances associated with past versions of the resource.","","","","","","","","",,,,,"",,,,"EvidenceVariable.date",0,1,"","ele-1:All FHIR elements must have a @value or children {hasValue() or (children().count() > id.count())}
"
"mii-pr-studie-ein-auschluss-kriterium","EvidenceVariable.publisher","EvidenceVariable.publisher","","","",0,1,"","","Y","string {[]} {[]}
","Name of the publisher (organization or individual)","The name of the organization or individual that published the evidence variable.","Usually an organization but may be an individual. The publisher (or steward) of the evidence variable is the organization or individual primarily responsible for the maintenance and upkeep of the evidence variable. This is not necessarily the same individual or organization that developed and initially authored the content. The publisher is the primary point of contact for questions or issues with the evidence variable. This item SHOULD be populated unless the information is available from context.","Helps establish the ""authority/credibility"" of the evidence variable.  May also allow for contact.","","","","","","","",,,,,"",,,,"EvidenceVariable.publisher",0,1,"","ele-1:All FHIR elements must have a @value or children {hasValue() or (children().count() > id.count())}
"
"mii-pr-studie-ein-auschluss-kriterium","EvidenceVariable.contact","EvidenceVariable.contact","","","",0,*,"","","Y","ContactDetail {[]} {[]}
","Contact details for the publisher","Contact details to assist a user in finding and communicating with the publisher.","May be a web site, an email address, a telephone number, etc.","","","","","","","","",,,,,"",,,,"EvidenceVariable.contact",0,*,"","ele-1:All FHIR elements must have a @value or children {hasValue() or (children().count() > id.count())}
"
"mii-pr-studie-ein-auschluss-kriterium","EvidenceVariable.description","EvidenceVariable.description","","","",0,1,"","","Y","markdown {[]} {[]}
","Natural language description of the evidence variable","A free text natural language description of the evidence variable from a consumer's perspective.","This description can be used to capture details such as why the evidence variable was built, comments about misuse, instructions for clinical use and interpretation, literature references, examples from the paper world, etc. It is not a rendering of the evidence variable as conveyed in the 'text' field of the resource itself. This item SHOULD be populated unless the information is available from context (e.g. the language of the evidence variable is presumed to be the predominant language in the place the evidence variable was created).","","","","","","","","",,,,,"",,,,"EvidenceVariable.description",0,1,"","ele-1:All FHIR elements must have a @value or children {hasValue() or (children().count() > id.count())}
"
"mii-pr-studie-ein-auschluss-kriterium","EvidenceVariable.note","EvidenceVariable.note","","","",0,*,"","","","Annotation {[]} {[]}
","Used for footnotes or explanatory notes","A human-readable string to clarify or explain concepts about the resource.","","","","","","","","","",,,,,"",,,,"EvidenceVariable.note",0,*,"","ele-1:All FHIR elements must have a @value or children {hasValue() or (children().count() > id.count())}
"
"mii-pr-studie-ein-auschluss-kriterium","EvidenceVariable.useContext","EvidenceVariable.useContext","","","",0,*,"","","Y","UsageContext {[]} {[]}
","The context that the content is intended to support","The content was developed with a focus and intent of supporting the contexts that are listed. These contexts may be general categories (gender, age, ...) or may be references to specific programs (insurance plans, studies, ...) and may be used to assist with indexing and searching for appropriate evidence variable instances.","When multiple useContexts are specified, there is no expectation that all or any of the contexts apply.","Assist in searching for appropriate content.","","","","","","","",,,,,"",,,,"EvidenceVariable.useContext",0,*,"","ele-1:All FHIR elements must have a @value or children {hasValue() or (children().count() > id.count())}
"
"mii-pr-studie-ein-auschluss-kriterium","EvidenceVariable.jurisdiction","EvidenceVariable.jurisdiction","","","",0,*,"","","Y","CodeableConcept {[]} {[]}
","Intended jurisdiction for evidence variable (if applicable)","A legal or geographic region in which the evidence variable is intended to be used.","It may be possible for the evidence variable to be used in jurisdictions other than those for which it was originally designed or intended.","","","","","","","","",,"extensible","Countries and regions within which this artifact is targeted for use.","http://hl7.org/fhir/ValueSet/jurisdiction|4.0.1","",,,,"EvidenceVariable.jurisdiction",0,*,"","ele-1:All FHIR elements must have a @value or children {hasValue() or (children().count() > id.count())}
"
"mii-pr-studie-ein-auschluss-kriterium","EvidenceVariable.copyright","EvidenceVariable.copyright","","License
Restrictions","",0,1,"","","","markdown {[]} {[]}
","Use and/or publishing restrictions","A copyright statement relating to the evidence variable and/or its contents. Copyright statements are generally legal restrictions on the use and publishing of the evidence variable.","","Consumers must be able to determine any legal restrictions on the use of the evidence variable and/or its content.","","","","","","","",,,,,"",,,,"EvidenceVariable.copyright",0,1,"","ele-1:All FHIR elements must have a @value or children {hasValue() or (children().count() > id.count())}
"
"mii-pr-studie-ein-auschluss-kriterium","EvidenceVariable.approvalDate","EvidenceVariable.approvalDate","","","",0,1,"","","","date {[]} {[]}
","When the evidence variable was approved by publisher","The date on which the resource content was approved by the publisher. Approval happens once when the content is officially approved for usage.","The 'date' element may be more recent than the approval date because of minor changes or editorial corrections.","","","","","","","","",,,,,"",,,,"EvidenceVariable.approvalDate",0,1,"","ele-1:All FHIR elements must have a @value or children {hasValue() or (children().count() > id.count())}
"
"mii-pr-studie-ein-auschluss-kriterium","EvidenceVariable.lastReviewDate","EvidenceVariable.lastReviewDate","","","",0,1,"","","","date {[]} {[]}
","When the evidence variable was last reviewed","The date on which the resource content was last reviewed. Review happens periodically after approval but does not change the original approval date.","If specified, this date follows the original approval date.","Gives a sense of how ""current"" the content is.  Resources that have not been reviewed in a long time may have a risk of being less appropriate/relevant.","","","","","","","",,,,,"",,,,"EvidenceVariable.lastReviewDate",0,1,"","ele-1:All FHIR elements must have a @value or children {hasValue() or (children().count() > id.count())}
"
"mii-pr-studie-ein-auschluss-kriterium","EvidenceVariable.effectivePeriod","EvidenceVariable.effectivePeriod","","","",0,1,"","","Y","Period {[]} {[]}
","When the evidence variable is expected to be used","The period during which the evidence variable content was or is planned to be in active use.","The effective period for a evidence variable  determines when the content is applicable for usage and is independent of publication and review dates. For example, a measure intended to be used for the year 2016 might be published in 2015.","Allows establishing a transition before a resource comes into effect and also allows for a sunsetting  process when new versions of the evidence variable are or are expected to be used instead.","","","","","","","",,,,,"",,,,"EvidenceVariable.effectivePeriod",0,1,"","ele-1:All FHIR elements must have a @value or children {hasValue() or (children().count() > id.count())}
"
"mii-pr-studie-ein-auschluss-kriterium","EvidenceVariable.topic","EvidenceVariable.topic","","","",0,*,"","","","CodeableConcept {[]} {[]}
","The category of the EvidenceVariable, such as Education, Treatment, Assessment, etc.","Descriptive topics related to the content of the EvidenceVariable. Topics provide a high-level categorization grouping types of EvidenceVariables that can be useful for filtering and searching.","","Repositories must be able to determine how to categorize the EvidenceVariable so that it can be found by topical searches.","","","","","","","",,"example","High-level categorization of the definition, used for searching, sorting, and filtering.","http://hl7.org/fhir/ValueSet/definition-topic|4.0.1","",,,,"EvidenceVariable.topic",0,*,"","ele-1:All FHIR elements must have a @value or children {hasValue() or (children().count() > id.count())}
"
"mii-pr-studie-ein-auschluss-kriterium","EvidenceVariable.author","EvidenceVariable.author","","","",0,*,"","","","ContactDetail {[]} {[]}
","Who authored the content","An individiual or organization primarily involved in the creation and maintenance of the content.","","","","","","","","","",,,,,"",,,,"EvidenceVariable.author",0,*,"","ele-1:All FHIR elements must have a @value or children {hasValue() or (children().count() > id.count())}
"
"mii-pr-studie-ein-auschluss-kriterium","EvidenceVariable.editor","EvidenceVariable.editor","","","",0,*,"","","","ContactDetail {[]} {[]}
","Who edited the content","An individual or organization primarily responsible for internal coherence of the content.","","","","","","","","","",,,,,"",,,,"EvidenceVariable.editor",0,*,"","ele-1:All FHIR elements must have a @value or children {hasValue() or (children().count() > id.count())}
"
"mii-pr-studie-ein-auschluss-kriterium","EvidenceVariable.reviewer","EvidenceVariable.reviewer","","","",0,*,"","","","ContactDetail {[]} {[]}
","Who reviewed the content","An individual or organization primarily responsible for review of some aspect of the content.","","","","","","","","","",,,,,"",,,,"EvidenceVariable.reviewer",0,*,"","ele-1:All FHIR elements must have a @value or children {hasValue() or (children().count() > id.count())}
"
"mii-pr-studie-ein-auschluss-kriterium","EvidenceVariable.endorser","EvidenceVariable.endorser","","","",0,*,"","","","ContactDetail {[]} {[]}
","Who endorsed the content","An individual or organization responsible for officially endorsing the content for use in some setting.","","","","","","","","","",,,,,"",,,,"EvidenceVariable.endorser",0,*,"","ele-1:All FHIR elements must have a @value or children {hasValue() or (children().count() > id.count())}
"
"mii-pr-studie-ein-auschluss-kriterium","EvidenceVariable.relatedArtifact","EvidenceVariable.relatedArtifact","","","",0,*,"","","","RelatedArtifact {[]} {[]}
","Additional documentation, citations, etc.","Related artifacts such as additional documentation, justification, or bibliographic references.","Each related artifact is either an attachment, or a reference to another resource, but not both.","EvidenceVariables must be able to provide enough information for consumers of the content (and/or interventions or results produced by the content) to be able to determine and understand the justification for and evidence in support of the content.","","","","","","","",,,,,"",,,,"EvidenceVariable.relatedArtifact",0,*,"","ele-1:All FHIR elements must have a @value or children {hasValue() or (children().count() > id.count())}
"
"mii-pr-studie-ein-auschluss-kriterium","EvidenceVariable.type","EvidenceVariable.type","","","",0,1,"","","Y","code {[]} {[]}
","dichotomous | continuous | descriptive","The type of evidence element, a population, an exposure, or an outcome.","","","","","","","","","",,"required","The possible types of variables for exposures or outcomes (E.g. Dichotomous, Continuous, Descriptive).","http://hl7.org/fhir/ValueSet/variable-type|4.0.1","",,,,"EvidenceVariable.type",0,1,"","ele-1:All FHIR elements must have a @value or children {hasValue() or (children().count() > id.count())}
"
"mii-pr-studie-ein-auschluss-kriterium","EvidenceVariable.characteristic","EvidenceVariable.characteristic","","","",1,*,"Y","","Y","BackboneElement {[]} {[]}
","Characteristic","Eine Eigenschaft, die die Mitglieder des Evidence-Elements definiert. Mehrere Eigenschaften werden mit einer “und”-Semantik angewendet.","Characteristics can be defined flexibly to accommodate different use cases for membership criteria, ranging from simple codes, all the way to using an expression language to express the criteria.","","","","","","","","",,,,,"",,,,"EvidenceVariable.characteristic",1,*,"","ele-1:All FHIR elements must have a @value or children {hasValue() or (children().count() > id.count())}
"
"mii-pr-studie-ein-auschluss-kriterium","EvidenceVariable.characteristic.id","EvidenceVariable.characteristic.id","","","",0,1,"","","","string {[]} {[]}
","Unique id for inter-element referencing","Unique id for the element within a resource (for internal references). This may be any string value that does not contain spaces.","","","","","","","","","",,,,,"",,,,"Element.id",0,1,"",""
"mii-pr-studie-ein-auschluss-kriterium","EvidenceVariable.characteristic.extension","EvidenceVariable.characteristic.extension","","","",0,*,"Y","","","Extension {[]} {[]}
","Extension","An Extension","","","","","","","","","",,,,,"","value:url}
","",,"open","Element.extension",0,*,"","ele-1:All FHIR elements must have a @value or children {hasValue() or (children().count() > id.count())}
ext-1:Must have either extensions or value[x], not both {extension.exists() != value.exists()}"
"mii-pr-studie-ein-auschluss-kriterium","EvidenceVariable.characteristic.extension:linkId","EvidenceVariable.characteristic.extension","linkId","","",0,1,"Y","","","Extension {[CanonicalType[http://hl7.org/fhir/5.0/StructureDefinition/extension-EvidenceVariable.characteristic.linkId]]} {[]}
","Extension","An Extension","","","","","","","","","",,,,,"",,,,"Element.extension",0,*,"ele-1
","ele-1:All FHIR elements must have a @value or children {hasValue() or (children().count() > id.count())}
ext-1:Must have either extensions or value[x], not both {extension.exists() != value.exists()}"
"mii-pr-studie-ein-auschluss-kriterium","EvidenceVariable.characteristic.extension:definitionReference","EvidenceVariable.characteristic.extension","definitionReference","","",0,1,"Y","","","Extension {[CanonicalType[http://hl7.org/fhir/5.0/StructureDefinition/extension-EvidenceVariable.characteristic.definitionReference]]} {[]}
","Extension","An Extension","","","","","","","","","",,,,,"",,,,"Element.extension",0,*,"ele-1
","ele-1:All FHIR elements must have a @value or children {hasValue() or (children().count() > id.count())}
ext-1:Must have either extensions or value[x], not both {extension.exists() != value.exists()}"
"mii-pr-studie-ein-auschluss-kriterium","EvidenceVariable.characteristic.extension:definitionCanonical","EvidenceVariable.characteristic.extension","definitionCanonical","","",0,1,"Y","","","Extension {[CanonicalType[http://hl7.org/fhir/5.0/StructureDefinition/extension-EvidenceVariable.characteristic.definitionCanonical]]} {[]}
","Extension","An Extension","","","","","","","","","",,,,,"",,,,"Element.extension",0,*,"ele-1
","ele-1:All FHIR elements must have a @value or children {hasValue() or (children().count() > id.count())}
ext-1:Must have either extensions or value[x], not both {extension.exists() != value.exists()}"
"mii-pr-studie-ein-auschluss-kriterium","EvidenceVariable.characteristic.extension:definitionByTypeAndValue","EvidenceVariable.characteristic.extension","definitionByTypeAndValue","","",0,1,"Y","","","Extension {[CanonicalType[http://hl7.org/fhir/5.0/StructureDefinition/extension-EvidenceVariable.characteristic.definitionByTypeAndValue]]} {[]}
","Extension","An Extension","","","","","","","","","",,,,,"",,,,"Element.extension",0,*,"ele-1
","ele-1:All FHIR elements must have a @value or children {hasValue() or (children().count() > id.count())}
ext-1:Must have either extensions or value[x], not both {extension.exists() != value.exists()}"
"mii-pr-studie-ein-auschluss-kriterium","EvidenceVariable.characteristic.extension:definitionByCombination","EvidenceVariable.characteristic.extension","definitionByCombination","","",0,1,"Y","","","Extension {[CanonicalType[http://hl7.org/fhir/5.0/StructureDefinition/extension-EvidenceVariable.characteristic.definitionByCombination]]} {[]}
","Extension","An Extension","","","","","","","","","",,,,,"",,,,"Element.extension",0,*,"ele-1
","ele-1:All FHIR elements must have a @value or children {hasValue() or (children().count() > id.count())}
ext-1:Must have either extensions or value[x], not both {extension.exists() != value.exists()}"
"mii-pr-studie-ein-auschluss-kriterium","EvidenceVariable.characteristic.modifierExtension","EvidenceVariable.characteristic.modifierExtension","","extensions
user contentmodifiers","",0,*,"","Y","Y","Extension {[]} {[]}
","Extensions that cannot be ignored even if unrecognized","May be used to represent additional information that is not part of the basic definition of the element and that modifies the understanding of the element in which it is contained and/or the understanding of the containing element's descendants. Usually modifier elements provide negation or qualification. To make the use of extensions safe and manageable, there is a strict set of governance applied to the definition and use of extensions. Though any implementer can define an extension, there is a set of requirements that SHALL be met as part of the definition of the extension. Applications processing a resource are required to check for modifier extensions.

Modifier extensions SHALL NOT change the meaning of any elements on Resource or DomainResource (including cannot change the meaning of modifierExtension itself).","There can be no stigma associated with the use of extensions by any application, project, or standard - regardless of the institution or jurisdiction that uses or defines the extensions.  The use of extensions is what allows the FHIR specification to retain a core level of simplicity for everyone.","Modifier extensions allow for extensions that *cannot* be safely ignored to be clearly distinguished from the vast majority of extensions which can be safely ignored.  This promotes interoperability by eliminating the need for implementers to prohibit the presence of extensions. For further information, see the [definition of modifier extensions](http://hl7.org/fhir/R4/extensibility.html#modifierExtension).","","","","","","","",,,,,"",,,,"BackboneElement.modifierExtension",0,*,"","ele-1:All FHIR elements must have a @value or children {hasValue() or (children().count() > id.count())}
ext-1:Must have either extensions or value[x], not both {extension.exists() != value.exists()}"
"mii-pr-studie-ein-auschluss-kriterium","EvidenceVariable.characteristic.description","EvidenceVariable.characteristic.description","","","",0,1,"Y","","","string {[]} {[]}
","Natural language description of the characteristic","A short, natural language description of the characteristic that could be used to communicate the criteria to an end-user.","","Need to be able to describe characteristics in natural language so that end users can understand the criteria.","","","","","","","",,,,,"",,,,"EvidenceVariable.characteristic.description",0,1,"","ele-1:All FHIR elements must have a @value or children {hasValue() or (children().count() > id.count())}
"
"mii-pr-studie-ein-auschluss-kriterium","EvidenceVariable.characteristic.definition[x]","EvidenceVariable.characteristic.definition[x]","","","",1,1,"Y","","Y","CodeableConcept {[]} {[]}
Expression {[]} {[]}","What code or expression defines members?","Define members of the evidence element using Codes (such as condition, medication, or observation), Expressions ( using an expression language such as FHIRPath or CQL) or DataRequirements (such as Diabetes diagnosis onset in the last year).","","Need to be able to define members in simple codes when the membership aligns well with terminology, with common criteria such as observations in a value set or lab tests within a year, or with expression language to support criteria that do not fit in the above.","","","","","","","",,,,,"","type:$this}
","",,"open","EvidenceVariable.characteristic.definition[x]",1,1,"","ele-1:All FHIR elements must have a @value or children {hasValue() or (children().count() > id.count())}
"
"mii-pr-studie-ein-auschluss-kriterium","EvidenceVariable.characteristic.definition[x]:definitionReference","EvidenceVariable.characteristic.definition[x]","definitionReference","","",0,0,"","","Y","Reference {[]} {[CanonicalType[http://hl7.org/fhir/StructureDefinition/Group]]}
","What code or expression defines members?","Define members of the evidence element using Codes (such as condition, medication, or observation), Expressions ( using an expression language such as FHIRPath or CQL) or DataRequirements (such as Diabetes diagnosis onset in the last year).","","Need to be able to define members in simple codes when the membership aligns well with terminology, with common criteria such as observations in a value set or lab tests within a year, or with expression language to support criteria that do not fit in the above.","","","","","","","",,,,,"",,,,"EvidenceVariable.characteristic.definition[x]",1,1,"","ele-1:All FHIR elements must have a @value or children {hasValue() or (children().count() > id.count())}
"
"mii-pr-studie-ein-auschluss-kriterium","EvidenceVariable.characteristic.definition[x]:definitionCanonical","EvidenceVariable.characteristic.definition[x]","definitionCanonical","","",0,0,"","","Y","canonical {[]} {[CanonicalType[http://hl7.org/fhir/StructureDefinition/ActivityDefinition]]}
","What code or expression defines members?","Define members of the evidence element using Codes (such as condition, medication, or observation), Expressions ( using an expression language such as FHIRPath or CQL) or DataRequirements (such as Diabetes diagnosis onset in the last year).","","Need to be able to define members in simple codes when the membership aligns well with terminology, with common criteria such as observations in a value set or lab tests within a year, or with expression language to support criteria that do not fit in the above.","","","","","","","",,,,,"",,,,"EvidenceVariable.characteristic.definition[x]",1,1,"","ele-1:All FHIR elements must have a @value or children {hasValue() or (children().count() > id.count())}
"
"mii-pr-studie-ein-auschluss-kriterium","EvidenceVariable.characteristic.definition[x]:definitionDataRequirement","EvidenceVariable.characteristic.definition[x]","definitionDataRequirement","","",0,0,"","","Y","DataRequirement {[]} {[]}
","What code or expression defines members?","Define members of the evidence element using Codes (such as condition, medication, or observation), Expressions ( using an expression language such as FHIRPath or CQL) or DataRequirements (such as Diabetes diagnosis onset in the last year).","","Need to be able to define members in simple codes when the membership aligns well with terminology, with common criteria such as observations in a value set or lab tests within a year, or with expression language to support criteria that do not fit in the above.","","","","","","","",,,,,"",,,,"EvidenceVariable.characteristic.definition[x]",1,1,"","ele-1:All FHIR elements must have a @value or children {hasValue() or (children().count() > id.count())}
"
"mii-pr-studie-ein-auschluss-kriterium","EvidenceVariable.characteristic.definition[x]:definitionTriggerDefinition","EvidenceVariable.characteristic.definition[x]","definitionTriggerDefinition","","",0,0,"","","Y","TriggerDefinition {[]} {[]}
","What code or expression defines members?","Define members of the evidence element using Codes (such as condition, medication, or observation), Expressions ( using an expression language such as FHIRPath or CQL) or DataRequirements (such as Diabetes diagnosis onset in the last year).","","Need to be able to define members in simple codes when the membership aligns well with terminology, with common criteria such as observations in a value set or lab tests within a year, or with expression language to support criteria that do not fit in the above.","","","","","","","",,,,,"",,,,"EvidenceVariable.characteristic.definition[x]",1,1,"","ele-1:All FHIR elements must have a @value or children {hasValue() or (children().count() > id.count())}
"
"mii-pr-studie-ein-auschluss-kriterium","EvidenceVariable.characteristic.usageContext","EvidenceVariable.characteristic.usageContext","","","",0,0,"","","","UsageContext {[]} {[]}
","What code/value pairs define members?","Use UsageContext to define the members of the population, such as Age Ranges, Genders, Settings.","","Need to be able to define members more structurally when more information can be communicated such as age range.","","","","","","","",,,,,"",,,,"EvidenceVariable.characteristic.usageContext",0,*,"","ele-1:All FHIR elements must have a @value or children {hasValue() or (children().count() > id.count())}
"
"mii-pr-studie-ein-auschluss-kriterium","EvidenceVariable.characteristic.exclude","EvidenceVariable.characteristic.exclude","","","",0,1,"Y","","","boolean {[]} {[]}
","Whether the characteristic includes or excludes members","When true, members with this characteristic are excluded from the element.","","","","False","","","","","",,,,,"",,,,"EvidenceVariable.characteristic.exclude",0,1,"","ele-1:All FHIR elements must have a @value or children {hasValue() or (children().count() > id.count())}
"
"mii-pr-studie-ein-auschluss-kriterium","EvidenceVariable.characteristic.participantEffective[x]","EvidenceVariable.characteristic.participantEffective[x]","","","",0,1,"","","","dateTime {[]} {[]}
Period {[]} {[]}Duration {[]} {[]}Timing {[]} {[]}","What time period do participants cover","Indicates what effective period the study covers.","","","","","","","","","",,,,,"",,,,"EvidenceVariable.characteristic.participantEffective[x]",0,1,"","ele-1:All FHIR elements must have a @value or children {hasValue() or (children().count() > id.count())}
"
"mii-pr-studie-ein-auschluss-kriterium","EvidenceVariable.characteristic.timeFromStart","EvidenceVariable.characteristic.timeFromStart","","","",0,1,"","","","Duration {[]} {[]}
","Observation time from study start","Indicates duration from the participant's study entry.","","","","","","","","","",,,,,"",,,,"EvidenceVariable.characteristic.timeFromStart",0,1,"","ele-1:All FHIR elements must have a @value or children {hasValue() or (children().count() > id.count())}
"
"mii-pr-studie-ein-auschluss-kriterium","EvidenceVariable.characteristic.groupMeasure","EvidenceVariable.characteristic.groupMeasure","","","",0,1,"","","","code {[]} {[]}
","mean | median | mean-of-mean | mean-of-median | median-of-mean | median-of-median","Indicates how elements are aggregated within the study effective period.","","","","","","","","","",,"required","Possible group measure aggregates (E.g. Mean, Median).","http://hl7.org/fhir/ValueSet/group-measure|4.0.1","",,,,"EvidenceVariable.characteristic.groupMeasure",0,1,"","ele-1:All FHIR elements must have a @value or children {hasValue() or (children().count() > id.count())}
"
"mii-pr-studie-proband","ResearchSubject","ResearchSubject","","Study Subject
","",0,*,"","","","null {[]} {[]}
","Physical entity which is the primary unit of interest in the study","A physical entity which is the primary unit of operational and/or administrative interest in a study.","Need to make sure we encompass public health studies.","","","","","","","","",,,,,"",,,,"ResearchSubject",0,*,"","dom-2:If the resource is contained in another resource, it SHALL NOT contain nested Resources {contained.contained.empty()}
dom-3:If the resource is contained in another resource, it SHALL be referred to from elsewhere in the resource or SHALL refer to the containing resource {contained.where((('#'+id in (%resource.descendants().reference | %resource.descendants().as(canonical) | %resource.descendants().as(uri) | %resource.descendants().as(url))) or descendants().where(reference = '#').exists() or descendants().where(as(canonical) = '#').exists() or descendants().where(as(canonical) = '#').exists()).not()).trace('unmatched', id).empty()}dom-4:If a resource is contained in another resource, it SHALL NOT have a meta.versionId or a meta.lastUpdated {contained.meta.versionId.empty() and contained.meta.lastUpdated.empty()}dom-5:If a resource is contained in another resource, it SHALL NOT have a security label {contained.meta.security.empty()}dom-6:A resource should have narrative for robust management {text.`div`.exists()}"
"mii-pr-studie-proband","ResearchSubject.id","ResearchSubject.id","","","",0,1,"Y","","Y","id {[]} {[]}
","Logical id of this artifact","The logical id of the resource, as used in the URL for the resource. Once assigned, this value never changes.","The only time that a resource does not have an id is when it is being submitted to the server using a create operation.","","","","","","","","",,,,,"",,,,"Resource.id",0,1,"",""
"mii-pr-studie-proband","ResearchSubject.meta","ResearchSubject.meta","","","",0,1,"Y","","Y","Meta {[]} {[]}
","Metadata about the resource","The metadata about the resource. This is content that is maintained by the infrastructure. Changes to the content might not always be associated with version changes to the resource.","","","","","","","","","",,,,,"",,,,"Resource.meta",0,1,"","ele-1:All FHIR elements must have a @value or children {hasValue() or (children().count() > id.count())}
"
"mii-pr-studie-proband","ResearchSubject.meta.id","ResearchSubject.meta.id","","","",0,1,"","","","string {[]} {[]}
","Unique id for inter-element referencing","Unique id for the element within a resource (for internal references). This may be any string value that does not contain spaces.","","","","","","","","","",,,,,"",,,,"Element.id",0,1,"",""
"mii-pr-studie-proband","ResearchSubject.meta.extension","ResearchSubject.meta.extension","","extensions
user content","",0,*,"","","","Extension {[]} {[]}
","Additional content defined by implementations","May be used to represent additional information that is not part of the basic definition of the element. To make the use of extensions safe and manageable, there is a strict set of governance  applied to the definition and use of extensions. Though any implementer can define an extension, there is a set of requirements that SHALL be met as part of the definition of the extension.","There can be no stigma associated with the use of extensions by any application, project, or standard - regardless of the institution or jurisdiction that uses or defines the extensions.  The use of extensions is what allows the FHIR specification to retain a core level of simplicity for everyone.","","","","","","","","",,,,,"","value:url}
","Extensions are always sliced by (at least) url",,"open","Element.extension",0,*,"","ele-1:All FHIR elements must have a @value or children {hasValue() or (children().count() > id.count())}
ext-1:Must have either extensions or value[x], not both {extension.exists() != value.exists()}"
"mii-pr-studie-proband","ResearchSubject.meta.versionId","ResearchSubject.meta.versionId","","","",0,1,"","","Y","id {[]} {[]}
","Version specific identifier","The version specific identifier, as it appears in the version portion of the URL. This value changes when the resource is created, updated, or deleted.","The server assigns this value, and ignores what the client specifies, except in the case that the server is imposing version integrity on updates/deletes.","","","","","","","","",,,,,"",,,,"Meta.versionId",0,1,"","ele-1:All FHIR elements must have a @value or children {hasValue() or (children().count() > id.count())}
"
"mii-pr-studie-proband","ResearchSubject.meta.lastUpdated","ResearchSubject.meta.lastUpdated","","","",0,1,"","","Y","instant {[]} {[]}
","When the resource version last changed","When the resource last changed - e.g. when the version changed.","This value is always populated except when the resource is first being created. The server / resource manager sets this value; what a client provides is irrelevant. This is equivalent to the HTTP Last-Modified and SHOULD have the same value on a [read](http://hl7.org/fhir/R4/http.html#read) interaction.","","","","","","","","",,,,,"",,,,"Meta.lastUpdated",0,1,"","ele-1:All FHIR elements must have a @value or children {hasValue() or (children().count() > id.count())}
"
"mii-pr-studie-proband","ResearchSubject.meta.source","ResearchSubject.meta.source","","","",0,1,"","","Y","uri {[]} {[]}
","Identifies where the resource comes from","A uri that identifies the source system of the resource. This provides a minimal amount of [Provenance](http://hl7.org/fhir/R4/provenance.html#) information that can be used to track or differentiate the source of information in the resource. The source may identify another FHIR server, document, message, database, etc.","In the provenance resource, this corresponds to Provenance.entity.what[x]. The exact use of the source (and the implied Provenance.entity.role) is left to implementer discretion. Only one nominated source is allowed; for additional provenance details, a full Provenance resource should be used. 

This element can be used to indicate where the current master source of a resource that has a canonical URL if the resource is no longer hosted at the canonical URL.","","","","","","","","",,,,,"",,,,"Meta.source",0,1,"","ele-1:All FHIR elements must have a @value or children {hasValue() or (children().count() > id.count())}
"
"mii-pr-studie-proband","ResearchSubject.meta.profile","ResearchSubject.meta.profile","","","",0,*,"Y","","Y","canonical {[]} {[CanonicalType[http://hl7.org/fhir/StructureDefinition/StructureDefinition|4.0.1]]}
","Profiles this resource claims to conform to","A list of profiles (references to [StructureDefinition](http://hl7.org/fhir/R4/structuredefinition.html#) resources) that this resource claims to conform to. The URL is a reference to [StructureDefinition.url](http://hl7.org/fhir/R4/structuredefinition-definitions.html#StructureDefinition.url).","It is up to the server and/or other infrastructure of policy to determine whether/how these claims are verified and/or updated over time.  The list of profile URLs is a set.","","","","","","","","",,,,,"",,,,"Meta.profile",0,*,"","ele-1:All FHIR elements must have a @value or children {hasValue() or (children().count() > id.count())}
"
"mii-pr-studie-proband","ResearchSubject.meta.security","ResearchSubject.meta.security","","","",0,*,"","","Y","Coding {[]} {[]}
","Security Labels applied to this resource","Security labels applied to this resource. These tags connect specific resources to the overall security policy and infrastructure.","The security labels can be updated without changing the stated version of the resource. The list of security labels is a set. Uniqueness is based the system/code, and version and display are ignored.","","","","","","","","",,"extensible","Security Labels from the Healthcare Privacy and Security Classification System.","http://hl7.org/fhir/ValueSet/security-labels|4.0.1","",,,,"Meta.security",0,*,"","ele-1:All FHIR elements must have a @value or children {hasValue() or (children().count() > id.count())}
"
"mii-pr-studie-proband","ResearchSubject.meta.tag","ResearchSubject.meta.tag","","","",0,*,"","","Y","Coding {[]} {[]}
","Tags applied to this resource","Tags applied to this resource. Tags are intended to be used to identify and relate resources to process and workflow, and applications are not required to consider the tags when interpreting the meaning of a resource.","The tags can be updated without changing the stated version of the resource. The list of tags is a set. Uniqueness is based the system/code, and version and display are ignored.","","","","","","","","",,"example","Codes that represent various types of tags, commonly workflow-related; e.g. ""Needs review by Dr. Jones"".","http://hl7.org/fhir/ValueSet/common-tags|4.0.1","",,,,"Meta.tag",0,*,"","ele-1:All FHIR elements must have a @value or children {hasValue() or (children().count() > id.count())}
"
"mii-pr-studie-proband","ResearchSubject.implicitRules","ResearchSubject.implicitRules","","","",0,1,"","Y","Y","uri {[]} {[]}
","A set of rules under which this content was created","A reference to a set of rules that were followed when the resource was constructed, and which must be understood when processing the content. Often, this is a reference to an implementation guide that defines the special rules along with other profiles etc.","Asserting this rule set restricts the content to be only understood by a limited set of trading partners. This inherently limits the usefulness of the data in the long term. However, the existing health eco-system is highly fractured, and not yet ready to define, collect, and exchange data in a generally computable sense. Wherever possible, implementers and/or specification writers should avoid using this element. Often, when used, the URL is a reference to an implementation guide that defines these special rules as part of it's narrative along with other profiles, value sets, etc.","","","","","","","","",,,,,"",,,,"Resource.implicitRules",0,1,"","ele-1:All FHIR elements must have a @value or children {hasValue() or (children().count() > id.count())}
"
"mii-pr-studie-proband","ResearchSubject.language","ResearchSubject.language","","","",0,1,"","","","code {[]} {[]}
","Language of the resource content","The base language in which the resource is written.","Language is provided to support indexing and accessibility (typically, services such as text to speech use the language tag). The html language tag in the narrative applies  to the narrative. The language tag on the resource may be used to specify the language of other presentations generated from the data in the resource. Not all the content has to be in the base language. The Resource.language should not be assumed to apply to the narrative automatically. If a language is specified, it should it also be specified on the div element in the html (see rules in HTML5 for information about the relationship between xml:lang and the html lang attribute).","","","","","","","","",,"preferred","A human language.","http://hl7.org/fhir/ValueSet/languages|4.0.1","",,,,"Resource.language",0,1,"","ele-1:All FHIR elements must have a @value or children {hasValue() or (children().count() > id.count())}
"
"mii-pr-studie-proband","ResearchSubject.text","ResearchSubject.text","","narrative
htmlxhtmldisplay","",0,1,"","","","Narrative {[]} {[]}
","Text summary of the resource, for human interpretation","A human-readable narrative that contains a summary of the resource and can be used to represent the content of the resource to a human. The narrative need not encode all the structured data, but is required to contain sufficient detail to make it ""clinically safe"" for a human to just read the narrative. Resource definitions may define what content should be represented in the narrative to ensure clinical safety.","Contained resources do not have narrative. Resources that are not contained SHOULD have a narrative. In some cases, a resource may only have text with little or no additional discrete data (as long as all minOccurs=1 elements are satisfied).  This may be necessary for data from legacy systems where information is captured as a ""text blob"" or where text is additionally entered raw or narrated and encoded information is added later.","","","","","","","","",,,,,"",,,,"DomainResource.text",0,1,"","ele-1:All FHIR elements must have a @value or children {hasValue() or (children().count() > id.count())}
"
"mii-pr-studie-proband","ResearchSubject.contained","ResearchSubject.contained","","inline resources
anonymous resourcescontained resources","",0,*,"","","","Resource {[]} {[]}
","Contained, inline Resources","These resources do not have an independent existence apart from the resource that contains them - they cannot be identified independently, and nor can they have their own independent transaction scope.","This should never be done when the content can be identified properly, as once identification is lost, it is extremely difficult (and context dependent) to restore it again. Contained resources may have profiles and tags In their meta elements, but SHALL NOT have security labels.","","","","","","","","",,,,,"",,,,"DomainResource.contained",0,*,"",""
"mii-pr-studie-proband","ResearchSubject.extension","ResearchSubject.extension","","extensions
user content","",0,*,"","","","Extension {[]} {[]}
","Additional content defined by implementations","May be used to represent additional information that is not part of the basic definition of the resource. To make the use of extensions safe and manageable, there is a strict set of governance  applied to the definition and use of extensions. Though any implementer can define an extension, there is a set of requirements that SHALL be met as part of the definition of the extension.","There can be no stigma associated with the use of extensions by any application, project, or standard - regardless of the institution or jurisdiction that uses or defines the extensions.  The use of extensions is what allows the FHIR specification to retain a core level of simplicity for everyone.","","","","","","","","",,,,,"",,,,"DomainResource.extension",0,*,"","ele-1:All FHIR elements must have a @value or children {hasValue() or (children().count() > id.count())}
ext-1:Must have either extensions or value[x], not both {extension.exists() != value.exists()}"
"mii-pr-studie-proband","ResearchSubject.modifierExtension","ResearchSubject.modifierExtension","","extensions
user content","",0,*,"","Y","","Extension {[]} {[]}
","Extensions that cannot be ignored","May be used to represent additional information that is not part of the basic definition of the resource and that modifies the understanding of the element that contains it and/or the understanding of the containing element's descendants. Usually modifier elements provide negation or qualification. To make the use of extensions safe and manageable, there is a strict set of governance applied to the definition and use of extensions. Though any implementer is allowed to define an extension, there is a set of requirements that SHALL be met as part of the definition of the extension. Applications processing a resource are required to check for modifier extensions.

Modifier extensions SHALL NOT change the meaning of any elements on Resource or DomainResource (including cannot change the meaning of modifierExtension itself).","There can be no stigma associated with the use of extensions by any application, project, or standard - regardless of the institution or jurisdiction that uses or defines the extensions.  The use of extensions is what allows the FHIR specification to retain a core level of simplicity for everyone.","Modifier extensions allow for extensions that *cannot* be safely ignored to be clearly distinguished from the vast majority of extensions which can be safely ignored.  This promotes interoperability by eliminating the need for implementers to prohibit the presence of extensions. For further information, see the [definition of modifier extensions](http://hl7.org/fhir/R4/extensibility.html#modifierExtension).","","","","","","","",,,,,"",,,,"DomainResource.modifierExtension",0,*,"","ele-1:All FHIR elements must have a @value or children {hasValue() or (children().count() > id.count())}
ext-1:Must have either extensions or value[x], not both {extension.exists() != value.exists()}"
"mii-pr-studie-proband","ResearchSubject.identifier","ResearchSubject.identifier","","","",1,*,"Y","","Y","Identifier {[]} {[]}
","Identifier des Probanden","Kennungen, die dem Probanden zugewiesen wurden.","","","","","","","","","",,,,,"","pattern:$this}
","",,"open","ResearchSubject.identifier",0,*,"","ele-1:All FHIR elements must have a @value or children {hasValue() or (children().count() > id.count())}
"
"mii-pr-studie-proband","ResearchSubject.identifier:subjectIdentificationCode","ResearchSubject.identifier","subjectIdentificationCode","","",1,1,"Y","","Y","Identifier {[]} {[]}
","Business Identifier for research subject in a study","Identifiers assigned to this research subject for a study.","","","","","","<valueIdentifier xmlns=""http://hl7.org/fhir"">
  <type>
    <coding>
      <system value=""http://terminology.hl7.org/CodeSystem/v2-0203""/>
      <code value=""ANON""/>
    </coding>
  </type>
</valueIdentifier>","","","",,,,,"",,,,"ResearchSubject.identifier",0,*,"","ele-1:All FHIR elements must have a @value or children {hasValue() or (children().count() > id.count())}
"
"mii-pr-studie-proband","ResearchSubject.identifier:subjectIdentificationCode.id","ResearchSubject.identifier.id","","","",0,1,"","","","string {[]} {[]}
","Unique id for inter-element referencing","Unique id for the element within a resource (for internal references). This may be any string value that does not contain spaces.","","","","","","","","","",,,,,"",,,,"Element.id",0,1,"",""
"mii-pr-studie-proband","ResearchSubject.identifier:subjectIdentificationCode.extension","ResearchSubject.identifier.extension","","extensions
user content","",0,*,"","","","Extension {[]} {[]}
","Additional content defined by implementations","May be used to represent additional information that is not part of the basic definition of the element. To make the use of extensions safe and manageable, there is a strict set of governance  applied to the definition and use of extensions. Though any implementer can define an extension, there is a set of requirements that SHALL be met as part of the definition of the extension.","There can be no stigma associated with the use of extensions by any application, project, or standard - regardless of the institution or jurisdiction that uses or defines the extensions.  The use of extensions is what allows the FHIR specification to retain a core level of simplicity for everyone.","","","","","","","","",,,,,"","value:url}
","Extensions are always sliced by (at least) url",,"open","Element.extension",0,*,"","ele-1:All FHIR elements must have a @value or children {hasValue() or (children().count() > id.count())}
ext-1:Must have either extensions or value[x], not both {extension.exists() != value.exists()}"
"mii-pr-studie-proband","ResearchSubject.identifier:subjectIdentificationCode.use","ResearchSubject.identifier.use","","","",0,1,"","Y","Y","code {[]} {[]}
","usual | official | temp | secondary | old (If known)","The purpose of this identifier.","Applications can assume that an identifier is permanent unless it explicitly says that it is temporary.","Allows the appropriate identifier for a particular context of use to be selected from among a set of identifiers.","","","","","","","",,"required","Identifies the purpose for this identifier, if known .","http://hl7.org/fhir/ValueSet/identifier-use|4.0.1","",,,,"Identifier.use",0,1,"","ele-1:All FHIR elements must have a @value or children {hasValue() or (children().count() > id.count())}
"
"mii-pr-studie-proband","ResearchSubject.identifier:subjectIdentificationCode.type","ResearchSubject.identifier.type","","","",0,1,"Y","","Y","CodeableConcept {[]} {[]}
","Description of identifier","A coded type for the identifier that can be used to determine which identifier to use for a specific purpose.","This element deals only with general categories of identifiers.  It SHOULD not be used for codes that correspond 1..1 with the Identifier.system. Some identifiers may fall into multiple categories due to common usage.   Where the system is known, a type is unnecessary because the type is always part of the system definition. However systems often need to handle identifiers where the system is not known. There is not a 1:1 relationship between type and system, since many different systems have the same type.","Allows users to make use of identifiers when the identifier system is not known.","","","","","","","",,"extensible","A coded type for an identifier that can be used to determine which identifier to use for a specific purpose.","http://hl7.org/fhir/ValueSet/identifier-type|4.0.1","",,,,"Identifier.type",0,1,"","ele-1:All FHIR elements must have a @value or children {hasValue() or (children().count() > id.count())}
"
"mii-pr-studie-proband","ResearchSubject.identifier:subjectIdentificationCode.system","ResearchSubject.identifier.system","","","",1,1,"Y","","Y","uri {[]} {[]}
","The namespace for the identifier value","Establishes the namespace for the value - that is, a URL that describes a set values that are unique.","Identifier.system is always case sensitive.","There are many sets  of identifiers.  To perform matching of two identifiers, we need to know what set we're dealing with. The system identifies a particular set of unique identifiers.","","","","","<valueUri xmlns=""http://hl7.org/fhir"" value=""http://www.acme.com/identifiers/patient""/>","","",,,,,"",,,,"Identifier.system",0,1,"","ele-1:All FHIR elements must have a @value or children {hasValue() or (children().count() > id.count())}
"
"mii-pr-studie-proband","ResearchSubject.identifier:subjectIdentificationCode.value","ResearchSubject.identifier.value","","","",1,1,"Y","","Y","string {[]} {[]}
","The value that is unique","The portion of the identifier typically relevant to the user and which is unique within the context of the system.","If the value is a full URI, then the system SHALL be urn:ietf:rfc:3986.  The value's primary purpose is computational mapping.  As a result, it may be normalized for comparison purposes (e.g. removing non-significant whitespace, dashes, etc.)  A value formatted for human display can be conveyed using the [Rendered Value extension](http://hl7.org/fhir/R4/extension-rendered-value.html). Identifier.value is to be treated as case sensitive unless knowledge of the Identifier.system allows the processer to be confident that non-case-sensitive processing is safe.","","","","","","<valueString xmlns=""http://hl7.org/fhir"" value=""123456""/>","","",,,,,"",,,,"Identifier.value",0,1,"","ele-1:All FHIR elements must have a @value or children {hasValue() or (children().count() > id.count())}
"
"mii-pr-studie-proband","ResearchSubject.identifier:subjectIdentificationCode.period","ResearchSubject.identifier.period","","","",0,1,"","","Y","Period {[]} {[]}
","Time period when id is/was valid for use","Time period during which identifier is/was valid for use.","","","","","","","","","",,,,,"",,,,"Identifier.period",0,1,"","ele-1:All FHIR elements must have a @value or children {hasValue() or (children().count() > id.count())}
"
"mii-pr-studie-proband","ResearchSubject.identifier:subjectIdentificationCode.assigner","ResearchSubject.identifier.assigner","","","",0,1,"","","Y","Reference {[]} {[CanonicalType[http://hl7.org/fhir/StructureDefinition/Organization|4.0.1]]}
","Organization that issued id (may be just text)","Organization that issued/manages the identifier.","The Identifier.assigner may omit the .reference element and only contain a .display element reflecting the name or other textual information about the assigning organization.","","","","","","","","",,,,,"",,,,"Identifier.assigner",0,1,"","ele-1:All FHIR elements must have a @value or children {hasValue() or (children().count() > id.count())}
"
"mii-pr-studie-proband","ResearchSubject.status","ResearchSubject.status","","","",1,1,"Y","Y","Y","code {[]} {[]}
","Kandidat | geeignet | Nachverfolgung | ungeeignet | nicht registriert | außer Studie | in Studie | Studienintervention in Studie | Studienbeobachtung in Studie | ausstehend in Studie | potenzieller Kandidat | Screening | zurückgezogen","Status der Teilnahme","","","","","","","","","",,"required","Indicates the progression of a study subject through a study.","http://hl7.org/fhir/ValueSet/research-subject-status|4.0.1","",,,,"ResearchSubject.status",1,1,"","ele-1:All FHIR elements must have a @value or children {hasValue() or (children().count() > id.count())}
"
"mii-pr-studie-proband","ResearchSubject.period","ResearchSubject.period","","timing
","",1,1,"Y","","Y","Period {[]} {[]}
","Anfang und Ende der Teilnahme","Zeitrum, in denen die Teilnahme an der Studie begann und endete.","","","","","","","","","",,,,,"",,,,"ResearchSubject.period",0,1,"","ele-1:All FHIR elements must have a @value or children {hasValue() or (children().count() > id.count())}
"
"mii-pr-studie-proband","ResearchSubject.period.id","ResearchSubject.period.id","","","",0,1,"","","","string {[]} {[]}
","Unique id for inter-element referencing","Unique id for the element within a resource (for internal references). This may be any string value that does not contain spaces.","","","","","","","","","",,,,,"",,,,"Element.id",0,1,"",""
"mii-pr-studie-proband","ResearchSubject.period.extension","ResearchSubject.period.extension","","extensions
user content","",0,*,"","","","Extension {[]} {[]}
","Additional content defined by implementations","May be used to represent additional information that is not part of the basic definition of the element. To make the use of extensions safe and manageable, there is a strict set of governance  applied to the definition and use of extensions. Though any implementer can define an extension, there is a set of requirements that SHALL be met as part of the definition of the extension.","There can be no stigma associated with the use of extensions by any application, project, or standard - regardless of the institution or jurisdiction that uses or defines the extensions.  The use of extensions is what allows the FHIR specification to retain a core level of simplicity for everyone.","","","","","","","","",,,,,"","value:url}
","Extensions are always sliced by (at least) url",,"open","Element.extension",0,*,"","ele-1:All FHIR elements must have a @value or children {hasValue() or (children().count() > id.count())}
ext-1:Must have either extensions or value[x], not both {extension.exists() != value.exists()}"
"mii-pr-studie-proband","ResearchSubject.period.start","ResearchSubject.period.start","","","",1,1,"Y","","Y","dateTime {[]} {[]}
","Starting time with inclusive boundary","The start of the period. The boundary is inclusive.","If the low element is missing, the meaning is that the low boundary is not known.","","","","","","","","",,,,,"",,,,"Period.start",0,1,"per-1
","ele-1:All FHIR elements must have a @value or children {hasValue() or (children().count() > id.count())}
"
"mii-pr-studie-proband","ResearchSubject.period.end","ResearchSubject.period.end","","","",0,1,"Y","","Y","dateTime {[]} {[]}
","End time with inclusive boundary, if not ongoing","The end of the period. If the end of the period is missing, it means no end was known or planned at the time the instance was created. The start may be in the past, and the end date in the future, which means that period is expected/planned to end at that time.","The high value includes any matching date/time. i.e. 2012-02-03T10:00:00 is in a period that has an end value of 2012-02-03.","","","If the end of the period is missing, it means that the period is ongoing","","","","","",,,,,"",,,,"Period.end",0,1,"per-1
","ele-1:All FHIR elements must have a @value or children {hasValue() or (children().count() > id.count())}
"
"mii-pr-studie-proband","ResearchSubject.study","ResearchSubject.study","","","",1,1,"Y","","Y","Reference {[]} {[CanonicalType[http://hl7.org/fhir/StructureDefinition/ResearchStudy|4.0.1]]}
","Studie, der der Proband angehört","Referenz auf die Studie, an der der Proband teilnimmt","","","","","","","","","",,,,,"",,,,"ResearchSubject.study",1,1,"","ele-1:All FHIR elements must have a @value or children {hasValue() or (children().count() > id.count())}
"
"mii-pr-studie-proband","ResearchSubject.individual","ResearchSubject.individual","","","",1,1,"Y","","Y","Reference {[]} {[CanonicalType[http://hl7.org/fhir/StructureDefinition/Patient|4.0.1]]}
","Wer an der Studie teilnimmt.","Der Datensatz der Person oder des Tieres, das an der Studie beteiligt ist.","","","","","","","","","",,,,,"",,,,"ResearchSubject.individual",1,1,"","ele-1:All FHIR elements must have a @value or children {hasValue() or (children().count() > id.count())}
"
"mii-pr-studie-proband","ResearchSubject.assignedArm","ResearchSubject.assignedArm","","","",0,1,"","","","string {[]} {[]}
","What path should be followed","The name of the arm in the study the subject is expected to follow as part of this study.","","","","","","","","","",,,,,"",,,,"ResearchSubject.assignedArm",0,1,"","ele-1:All FHIR elements must have a @value or children {hasValue() or (children().count() > id.count())}
"
"mii-pr-studie-proband","ResearchSubject.actualArm","ResearchSubject.actualArm","","","",0,1,"","","","string {[]} {[]}
","What path was followed","The name of the arm in the study the subject actually followed as part of this study.","","","","","","","","","",,,,,"",,,,"ResearchSubject.actualArm",0,1,"","ele-1:All FHIR elements must have a @value or children {hasValue() or (children().count() > id.count())}
"
"mii-pr-studie-proband","ResearchSubject.consent","ResearchSubject.consent","","","",1,1,"Y","","","Reference {[]} {[CanonicalType[http://hl7.org/fhir/StructureDefinition/Consent|4.0.1]]}
","Einverständnis zur Studienteilnahme","Ein Datensatz der informierten Zustimmung des Patienten zur Teilnahme an der Studie.","","","","","","","","","",,,,,"",,,,"ResearchSubject.consent",0,1,"","ele-1:All FHIR elements must have a @value or children {hasValue() or (children().count() > id.count())}
"
"mii-pr-studie-register","Library","Library","","","",0,*,"","","","null {[]} {[]}
","Represents a library of quality improvement components","The Library resource is a general-purpose container for knowledge asset definitions. It can be used to describe and expose existing knowledge assets such as logic libraries and information model descriptions, as well as to describe a collection of knowledge assets.","","","","","","","","","",,,,,"",,,,"Library",0,*,"","dom-2:If the resource is contained in another resource, it SHALL NOT contain nested Resources {contained.contained.empty()}
dom-3:If the resource is contained in another resource, it SHALL be referred to from elsewhere in the resource or SHALL refer to the containing resource {contained.where((('#'+id in (%resource.descendants().reference | %resource.descendants().as(canonical) | %resource.descendants().as(uri) | %resource.descendants().as(url))) or descendants().where(reference = '#').exists() or descendants().where(as(canonical) = '#').exists() or descendants().where(as(canonical) = '#').exists()).not()).trace('unmatched', id).empty()}dom-4:If a resource is contained in another resource, it SHALL NOT have a meta.versionId or a meta.lastUpdated {contained.meta.versionId.empty() and contained.meta.lastUpdated.empty()}dom-5:If a resource is contained in another resource, it SHALL NOT have a security label {contained.meta.security.empty()}dom-6:A resource should have narrative for robust management {text.`div`.exists()}lib-0:Name should be usable as an identifier for the module by machine processing applications such as code generation {name.matches('[A-Z]([A-Za-z0-9_]){0,254}')}"
"mii-pr-studie-register","Library.id","Library.id","","","",0,1,"","","Y","id {[]} {[]}
","Logical id of this artifact","The logical id of the resource, as used in the URL for the resource. Once assigned, this value never changes.","The only time that a resource does not have an id is when it is being submitted to the server using a create operation.","","","","","","","","",,,,,"",,,,"Resource.id",0,1,"",""
"mii-pr-studie-register","Library.meta","Library.meta","","","",0,1,"","","Y","Meta {[]} {[]}
","Metadata about the resource","The metadata about the resource. This is content that is maintained by the infrastructure. Changes to the content might not always be associated with version changes to the resource.","","","","","","","","","",,,,,"",,,,"Resource.meta",0,1,"","ele-1:All FHIR elements must have a @value or children {hasValue() or (children().count() > id.count())}
"
"mii-pr-studie-register","Library.implicitRules","Library.implicitRules","","","",0,1,"","Y","Y","uri {[]} {[]}
","A set of rules under which this content was created","A reference to a set of rules that were followed when the resource was constructed, and which must be understood when processing the content. Often, this is a reference to an implementation guide that defines the special rules along with other profiles etc.","Asserting this rule set restricts the content to be only understood by a limited set of trading partners. This inherently limits the usefulness of the data in the long term. However, the existing health eco-system is highly fractured, and not yet ready to define, collect, and exchange data in a generally computable sense. Wherever possible, implementers and/or specification writers should avoid using this element. Often, when used, the URL is a reference to an implementation guide that defines these special rules as part of it's narrative along with other profiles, value sets, etc.","","","","","","","","",,,,,"",,,,"Resource.implicitRules",0,1,"","ele-1:All FHIR elements must have a @value or children {hasValue() or (children().count() > id.count())}
"
"mii-pr-studie-register","Library.language","Library.language","","","",0,1,"","","","code {[]} {[]}
","Language of the resource content","The base language in which the resource is written.","Language is provided to support indexing and accessibility (typically, services such as text to speech use the language tag). The html language tag in the narrative applies  to the narrative. The language tag on the resource may be used to specify the language of other presentations generated from the data in the resource. Not all the content has to be in the base language. The Resource.language should not be assumed to apply to the narrative automatically. If a language is specified, it should it also be specified on the div element in the html (see rules in HTML5 for information about the relationship between xml:lang and the html lang attribute).","","","","","","","","",,"preferred","A human language.","http://hl7.org/fhir/ValueSet/languages|4.0.1","",,,,"Resource.language",0,1,"","ele-1:All FHIR elements must have a @value or children {hasValue() or (children().count() > id.count())}
"
"mii-pr-studie-register","Library.text","Library.text","","narrative
htmlxhtmldisplay","",0,1,"","","","Narrative {[]} {[]}
","Text summary of the resource, for human interpretation","A human-readable narrative that contains a summary of the resource and can be used to represent the content of the resource to a human. The narrative need not encode all the structured data, but is required to contain sufficient detail to make it ""clinically safe"" for a human to just read the narrative. Resource definitions may define what content should be represented in the narrative to ensure clinical safety.","Contained resources do not have narrative. Resources that are not contained SHOULD have a narrative. In some cases, a resource may only have text with little or no additional discrete data (as long as all minOccurs=1 elements are satisfied).  This may be necessary for data from legacy systems where information is captured as a ""text blob"" or where text is additionally entered raw or narrated and encoded information is added later.","","","","","","","","",,,,,"",,,,"DomainResource.text",0,1,"","ele-1:All FHIR elements must have a @value or children {hasValue() or (children().count() > id.count())}
"
"mii-pr-studie-register","Library.contained","Library.contained","","inline resources
anonymous resourcescontained resources","",0,*,"","","","Resource {[]} {[]}
","Contained, inline Resources","These resources do not have an independent existence apart from the resource that contains them - they cannot be identified independently, and nor can they have their own independent transaction scope.","This should never be done when the content can be identified properly, as once identification is lost, it is extremely difficult (and context dependent) to restore it again. Contained resources may have profiles and tags In their meta elements, but SHALL NOT have security labels.","","","","","","","","",,,,,"",,,,"DomainResource.contained",0,*,"",""
"mii-pr-studie-register","Library.extension","Library.extension","","","",0,*,"","","","Extension {[]} {[]}
","Extension","An Extension","","","","","","","","","",,,,,"","value:url}
","",,"open","DomainResource.extension",0,*,"","ele-1:All FHIR elements must have a @value or children {hasValue() or (children().count() > id.count())}
ext-1:Must have either extensions or value[x], not both {extension.exists() != value.exists()}"
"mii-pr-studie-register","Library.extension:quellRegister","Library.extension","quellRegister","","",0,1,"","","","Extension {[CanonicalType[https://www.medizininformatik-initiative.de/fhir/modul-studie/StructureDefinition/mii-ex-studie-quell-register]]} {[]}
","Extension","An Extension","","","","","","","","","",,,,,"",,,,"DomainResource.extension",0,*,"ele-1
","ele-1:All FHIR elements must have a @value or children {hasValue() or (children().count() > id.count())}
ext-1:Must have either extensions or value[x], not both {extension.exists() != value.exists()}"
"mii-pr-studie-register","Library.modifierExtension","Library.modifierExtension","","extensions
user content","",0,*,"","Y","","Extension {[]} {[]}
","Extensions that cannot be ignored","May be used to represent additional information that is not part of the basic definition of the resource and that modifies the understanding of the element that contains it and/or the understanding of the containing element's descendants. Usually modifier elements provide negation or qualification. To make the use of extensions safe and manageable, there is a strict set of governance applied to the definition and use of extensions. Though any implementer is allowed to define an extension, there is a set of requirements that SHALL be met as part of the definition of the extension. Applications processing a resource are required to check for modifier extensions.

Modifier extensions SHALL NOT change the meaning of any elements on Resource or DomainResource (including cannot change the meaning of modifierExtension itself).","There can be no stigma associated with the use of extensions by any application, project, or standard - regardless of the institution or jurisdiction that uses or defines the extensions.  The use of extensions is what allows the FHIR specification to retain a core level of simplicity for everyone.","Modifier extensions allow for extensions that *cannot* be safely ignored to be clearly distinguished from the vast majority of extensions which can be safely ignored.  This promotes interoperability by eliminating the need for implementers to prohibit the presence of extensions. For further information, see the [definition of modifier extensions](http://hl7.org/fhir/R4/extensibility.html#modifierExtension).","","","","","","","",,,,,"",,,,"DomainResource.modifierExtension",0,*,"","ele-1:All FHIR elements must have a @value or children {hasValue() or (children().count() > id.count())}
ext-1:Must have either extensions or value[x], not both {extension.exists() != value.exists()}"
"mii-pr-studie-register","Library.url","Library.url","","","",0,1,"","","Y","uri {[]} {[]}
","Canonical identifier for this library, represented as a URI (globally unique)","An absolute URI that is used to identify this library when it is referenced in a specification, model, design or an instance; also called its canonical identifier. This SHOULD be globally unique and SHOULD be a literal address at which at which an authoritative instance of this library is (or will be) published. This URL can be the target of a canonical reference. It SHALL remain the same when the library is stored on different servers.","Can be a urn:uuid: or a urn:oid: but real http: addresses are preferred.  Multiple instances may share the same URL if they have a distinct version.

The determination of when to create a new version of a resource (same url, new version) vs. defining a new artifact is up to the author.  Considerations for making this decision are found in [Technical and Business Versions](http://hl7.org/fhir/R4/resource.html#versions). 

In some cases, the resource can no longer be found at the stated url, but the url itself cannot change. Implementations can use the [meta.source](http://hl7.org/fhir/R4/resource.html#meta) element to indicate where the current master source of the resource can be found.","Allows the library to be referenced by a single globally unique identifier.","","","","","","","",,,,,"",,,,"Library.url",0,1,"","ele-1:All FHIR elements must have a @value or children {hasValue() or (children().count() > id.count())}
"
"mii-pr-studie-register","Library.identifier","Library.identifier","","","",0,*,"Y","","Y","Identifier {[]} {[]}
","Identifier","Ein formaler Bezeichner, der verwendet wird, um diese Bibliothek zu identifizieren, wenn sie in anderen Formaten dargestellt oder in einer Spezifikation, einem Modell, einem Design oder einer Instanz referenziert wird, z. B. CMS- oder NQF-Bezeichner für ein Maßnahme-Artefakt. Es ist zu beachten, dass mindestens ein Bezeichner für nicht-experimentelle, aktive Artefakte erforderlich ist.","Typically, this is used for identifiers that can go in an HL7 V3 II (instance identifier) data type, and can then identify this library outside of FHIR, where it is not possible to use the logical URI.","Allows externally provided and/or usable business identifiers to be easily associated with the module.","","","","","","","",,,,,"",,,,"Library.identifier",0,*,"","ele-1:All FHIR elements must have a @value or children {hasValue() or (children().count() > id.count())}
"
"mii-pr-studie-register","Library.identifier.id","Library.identifier.id","","","",0,1,"","","","string {[]} {[]}
","Unique id for inter-element referencing","Unique id for the element within a resource (for internal references). This may be any string value that does not contain spaces.","","","","","","","","","",,,,,"",,,,"Element.id",0,1,"",""
"mii-pr-studie-register","Library.identifier.extension","Library.identifier.extension","","extensions
user content","",0,*,"","","","Extension {[]} {[]}
","Additional content defined by implementations","May be used to represent additional information that is not part of the basic definition of the element. To make the use of extensions safe and manageable, there is a strict set of governance  applied to the definition and use of extensions. Though any implementer can define an extension, there is a set of requirements that SHALL be met as part of the definition of the extension.","There can be no stigma associated with the use of extensions by any application, project, or standard - regardless of the institution or jurisdiction that uses or defines the extensions.  The use of extensions is what allows the FHIR specification to retain a core level of simplicity for everyone.","","","","","","","","",,,,,"","value:url}
","Extensions are always sliced by (at least) url",,"open","Element.extension",0,*,"","ele-1:All FHIR elements must have a @value or children {hasValue() or (children().count() > id.count())}
ext-1:Must have either extensions or value[x], not both {extension.exists() != value.exists()}"
"mii-pr-studie-register","Library.identifier.use","Library.identifier.use","","","",0,1,"","Y","Y","code {[]} {[]}
","usual | official | temp | secondary | old (If known)","The purpose of this identifier.","Applications can assume that an identifier is permanent unless it explicitly says that it is temporary.","Allows the appropriate identifier for a particular context of use to be selected from among a set of identifiers.","","","","","","","",,"required","Identifies the purpose for this identifier, if known .","http://hl7.org/fhir/ValueSet/identifier-use|4.0.1","",,,,"Identifier.use",0,1,"","ele-1:All FHIR elements must have a @value or children {hasValue() or (children().count() > id.count())}
"
"mii-pr-studie-register","Library.identifier.type","Library.identifier.type","","","",0,1,"","","Y","CodeableConcept {[]} {[]}
","Description of identifier","A coded type for the identifier that can be used to determine which identifier to use for a specific purpose.","This element deals only with general categories of identifiers.  It SHOULD not be used for codes that correspond 1..1 with the Identifier.system. Some identifiers may fall into multiple categories due to common usage.   Where the system is known, a type is unnecessary because the type is always part of the system definition. However systems often need to handle identifiers where the system is not known. There is not a 1:1 relationship between type and system, since many different systems have the same type.","Allows users to make use of identifiers when the identifier system is not known.","","","","","","","",,"extensible","A coded type for an identifier that can be used to determine which identifier to use for a specific purpose.","http://hl7.org/fhir/ValueSet/identifier-type|4.0.1","",,,,"Identifier.type",0,1,"","ele-1:All FHIR elements must have a @value or children {hasValue() or (children().count() > id.count())}
"
"mii-pr-studie-register","Library.identifier.system","Library.identifier.system","","","",1,1,"Y","","Y","uri {[]} {[]}
","The namespace for the identifier value","Establishes the namespace for the value - that is, a URL that describes a set values that are unique.","Identifier.system is always case sensitive.","There are many sets  of identifiers.  To perform matching of two identifiers, we need to know what set we're dealing with. The system identifies a particular set of unique identifiers.","","","","","<valueUri xmlns=""http://hl7.org/fhir"" value=""http://www.acme.com/identifiers/patient""/>","","",,,,,"",,,,"Identifier.system",0,1,"","ele-1:All FHIR elements must have a @value or children {hasValue() or (children().count() > id.count())}
"
"mii-pr-studie-register","Library.identifier.value","Library.identifier.value","","","",1,1,"Y","","Y","string {[]} {[]}
","The value that is unique","The portion of the identifier typically relevant to the user and which is unique within the context of the system.","If the value is a full URI, then the system SHALL be urn:ietf:rfc:3986.  The value's primary purpose is computational mapping.  As a result, it may be normalized for comparison purposes (e.g. removing non-significant whitespace, dashes, etc.)  A value formatted for human display can be conveyed using the [Rendered Value extension](http://hl7.org/fhir/R4/extension-rendered-value.html). Identifier.value is to be treated as case sensitive unless knowledge of the Identifier.system allows the processer to be confident that non-case-sensitive processing is safe.","","","","","","<valueString xmlns=""http://hl7.org/fhir"" value=""123456""/>","","",,,,,"",,,,"Identifier.value",0,1,"","ele-1:All FHIR elements must have a @value or children {hasValue() or (children().count() > id.count())}
"
"mii-pr-studie-register","Library.identifier.period","Library.identifier.period","","","",0,1,"","","Y","Period {[]} {[]}
","Time period when id is/was valid for use","Time period during which identifier is/was valid for use.","","","","","","","","","",,,,,"",,,,"Identifier.period",0,1,"","ele-1:All FHIR elements must have a @value or children {hasValue() or (children().count() > id.count())}
"
"mii-pr-studie-register","Library.identifier.assigner","Library.identifier.assigner","","","",0,1,"","","Y","Reference {[]} {[CanonicalType[http://hl7.org/fhir/StructureDefinition/Organization|4.0.1]]}
","Organization that issued id (may be just text)","Organization that issued/manages the identifier.","The Identifier.assigner may omit the .reference element and only contain a .display element reflecting the name or other textual information about the assigning organization.","","","","","","","","",,,,,"",,,,"Identifier.assigner",0,1,"","ele-1:All FHIR elements must have a @value or children {hasValue() or (children().count() > id.count())}
"
"mii-pr-studie-register","Library.version","Library.version","","","",0,1,"","","Y","string {[]} {[]}
","Business version of the library","The identifier that is used to identify this version of the library when it is referenced in a specification, model, design or instance. This is an arbitrary value managed by the library author and is not expected to be globally unique. For example, it might be a timestamp (e.g. yyyymmdd) if a managed version is not available. There is also no expectation that versions can be placed in a lexicographical sequence. To provide a version consistent with the Decision Support Service specification, use the format Major.Minor.Revision (e.g. 1.0.0). For more information on versioning knowledge assets, refer to the Decision Support Service specification. Note that a version is required for non-experimental active artifacts.","There may be different library instances that have the same identifier but different versions.  The version can be appended to the url in a reference to allow a reference to a particular business version of the library with the format [url]|[version].","","","","","","","","",,,,,"",,,,"Library.version",0,1,"","ele-1:All FHIR elements must have a @value or children {hasValue() or (children().count() > id.count())}
"
"mii-pr-studie-register","Library.name","Library.name","","","",0,1,"Y","","Y","string {[]} {[]}
","Name","Ein Name in natürlicher Sprache, der die Bibliothek identifiziert. Dieser Name sollte als Bezeichner für das Modul in maschinellen Verarbeitungsanwendungen wie Codegenerierung verwendbar sein.","The name is not expected to be globally unique. The name should be a simple alphanumeric type name to ensure that it is machine-processing friendly.","Support human navigation and code generation.","","","","","","","",,,,,"",,,,"Library.name",0,1,"inv-0
","ele-1:All FHIR elements must have a @value or children {hasValue() or (children().count() > id.count())}
"
"mii-pr-studie-register","Library.title","Library.title","","","",0,1,"","","Y","string {[]} {[]}
","Name for this library (human friendly)","A short, descriptive, user-friendly title for the library.","This name does not need to be machine-processing friendly and may contain punctuation, white-space, etc.","","","","","","","","",,,,,"",,,,"Library.title",0,1,"","ele-1:All FHIR elements must have a @value or children {hasValue() or (children().count() > id.count())}
"
"mii-pr-studie-register","Library.subtitle","Library.subtitle","","","",0,1,"","","","string {[]} {[]}
","Subordinate title of the library","An explanatory or alternate title for the library giving additional information about its content.","","","","","","","","","",,,,,"",,,,"Library.subtitle",0,1,"","ele-1:All FHIR elements must have a @value or children {hasValue() or (children().count() > id.count())}
"
"mii-pr-studie-register","Library.status","Library.status","","","",1,1,"","Y","Y","code {[]} {[]}
","draft | active | retired | unknown","The status of this library. Enables tracking the life-cycle of the content.","Allows filtering of libraries that are appropriate for use vs. not.","","","","","","","","",,"required","The lifecycle status of an artifact.","http://hl7.org/fhir/ValueSet/publication-status|4.0.1","",,,,"Library.status",1,1,"","ele-1:All FHIR elements must have a @value or children {hasValue() or (children().count() > id.count())}
"
"mii-pr-studie-register","Library.experimental","Library.experimental","","","",0,1,"","","Y","boolean {[]} {[]}
","For testing purposes, not real usage","A Boolean value to indicate that this library is authored for testing purposes (or education/evaluation/marketing) and is not intended to be used for genuine usage.","Allows filtering of librarys that are appropriate for use versus not.","Enables experimental content to be developed following the same lifecycle that would be used for a production-level library.","","","","","","","",,,,,"",,,,"Library.experimental",0,1,"","ele-1:All FHIR elements must have a @value or children {hasValue() or (children().count() > id.count())}
"
"mii-pr-studie-register","Library.type","Library.type","","","",1,1,"Y","","Y","CodeableConcept {[]} {[]}
","Type","dentifiziert den Typ der Bibliothek, wie z. B. eine Logikbibliothek, Modelldefinition, Asset-Sammlung oder Moduldefinition.","","","","","","<valueCodeableConcept xmlns=""http://hl7.org/fhir"">
  <coding>
    <system value=""http://terminology.hl7.org/CodeSystem/library-type""/>
    <code value=""asset-collection""/>
  </coding>
</valueCodeableConcept>","","","",,"extensible","The type of knowledge asset this library contains.","http://hl7.org/fhir/ValueSet/library-type|4.0.1","",,,,"Library.type",1,1,"","ele-1:All FHIR elements must have a @value or children {hasValue() or (children().count() > id.count())}
"
"mii-pr-studie-register","Library.subject[x]","Library.subject[x]","","","",0,1,"","","","CodeableConcept {[]} {[]}
Reference {[]} {[CanonicalType[http://hl7.org/fhir/StructureDefinition/Group|4.0.1]]}","Type of individual the library content is focused on","A code or group definition that describes the intended subject of the contents of the library.","","","","Patient","","","","","",,"extensible","The possible types of subjects for a library (E.g. Patient, Practitioner, Organization, Location, etc.).","http://hl7.org/fhir/ValueSet/subject-type|4.0.1","",,,,"Library.subject[x]",0,1,"","ele-1:All FHIR elements must have a @value or children {hasValue() or (children().count() > id.count())}
"
"mii-pr-studie-register","Library.date","Library.date","","Revision Date
","",0,1,"","","Y","dateTime {[]} {[]}
","Date last changed","The date  (and optionally time) when the library was published. The date must change when the business version changes and it must change if the status code changes. In addition, it should change when the substantive content of the library changes.","Note that this is not the same as the resource last-modified-date, since the resource may be a secondary representation of the library. Additional specific dates may be added as extensions or be found by consulting Provenances associated with past versions of the resource.","","","","","","","","",,,,,"",,,,"Library.date",0,1,"","ele-1:All FHIR elements must have a @value or children {hasValue() or (children().count() > id.count())}
"
"mii-pr-studie-register","Library.publisher","Library.publisher","","","",0,1,"","","Y","string {[]} {[]}
","Name of the publisher (organization or individual)","The name of the organization or individual that published the library.","Usually an organization but may be an individual. The publisher (or steward) of the library is the organization or individual primarily responsible for the maintenance and upkeep of the library. This is not necessarily the same individual or organization that developed and initially authored the content. The publisher is the primary point of contact for questions or issues with the library. This item SHOULD be populated unless the information is available from context.","Helps establish the ""authority/credibility"" of the library.  May also allow for contact.","","","","","","","",,,,,"",,,,"Library.publisher",0,1,"","ele-1:All FHIR elements must have a @value or children {hasValue() or (children().count() > id.count())}
"
"mii-pr-studie-register","Library.contact","Library.contact","","","",0,*,"","","Y","ContactDetail {[]} {[]}
","Contact details for the publisher","Contact details to assist a user in finding and communicating with the publisher.","May be a web site, an email address, a telephone number, etc.","","","","","","","","",,,,,"",,,,"Library.contact",0,*,"","ele-1:All FHIR elements must have a @value or children {hasValue() or (children().count() > id.count())}
"
"mii-pr-studie-register","Library.description","Library.description","","","",0,1,"","","Y","markdown {[]} {[]}
","Natural language description of the library","A free text natural language description of the library from a consumer's perspective.","This description can be used to capture details such as why the library was built, comments about misuse, instructions for clinical use and interpretation, literature references, examples from the paper world, etc. It is not a rendering of the library as conveyed in the 'text' field of the resource itself. This item SHOULD be populated unless the information is available from context (e.g. the language of the library is presumed to be the predominant language in the place the library was created).","","","","","","","","",,,,,"",,,,"Library.description",0,1,"","ele-1:All FHIR elements must have a @value or children {hasValue() or (children().count() > id.count())}
"
"mii-pr-studie-register","Library.useContext","Library.useContext","","","",0,*,"","","Y","UsageContext {[]} {[]}
","The context that the content is intended to support","The content was developed with a focus and intent of supporting the contexts that are listed. These contexts may be general categories (gender, age, ...) or may be references to specific programs (insurance plans, studies, ...) and may be used to assist with indexing and searching for appropriate library instances.","When multiple useContexts are specified, there is no expectation that all or any of the contexts apply.","Assist in searching for appropriate content.","","","","","","","",,,,,"",,,,"Library.useContext",0,*,"","ele-1:All FHIR elements must have a @value or children {hasValue() or (children().count() > id.count())}
"
"mii-pr-studie-register","Library.jurisdiction","Library.jurisdiction","","","",0,*,"","","Y","CodeableConcept {[]} {[]}
","Intended jurisdiction for library (if applicable)","A legal or geographic region in which the library is intended to be used.","It may be possible for the library to be used in jurisdictions other than those for which it was originally designed or intended.","","","","","","","","",,"extensible","Countries and regions within which this artifact is targeted for use.","http://hl7.org/fhir/ValueSet/jurisdiction|4.0.1","",,,,"Library.jurisdiction",0,*,"","ele-1:All FHIR elements must have a @value or children {hasValue() or (children().count() > id.count())}
"
"mii-pr-studie-register","Library.purpose","Library.purpose","","","",0,1,"","","","markdown {[]} {[]}
","Why this library is defined","Explanation of why this library is needed and why it has been designed as it has.","This element does not describe the usage of the library. Instead, it provides traceability of ''why'' the resource is either needed or ''why'' it is defined as it is.  This may be used to point to source materials or specifications that drove the structure of this library.","","","","","","","","",,,,,"",,,,"Library.purpose",0,1,"","ele-1:All FHIR elements must have a @value or children {hasValue() or (children().count() > id.count())}
"
"mii-pr-studie-register","Library.usage","Library.usage","","","",0,1,"","","","string {[]} {[]}
","Describes the clinical usage of the library","A detailed description of how the library is used from a clinical perspective.","","","","","","","","","",,,,,"",,,,"Library.usage",0,1,"","ele-1:All FHIR elements must have a @value or children {hasValue() or (children().count() > id.count())}
"
"mii-pr-studie-register","Library.copyright","Library.copyright","","License
Restrictions","",0,1,"","","","markdown {[]} {[]}
","Use and/or publishing restrictions","A copyright statement relating to the library and/or its contents. Copyright statements are generally legal restrictions on the use and publishing of the library.","","Consumers must be able to determine any legal restrictions on the use of the library and/or its content.","","","","","","","",,,,,"",,,,"Library.copyright",0,1,"","ele-1:All FHIR elements must have a @value or children {hasValue() or (children().count() > id.count())}
"
"mii-pr-studie-register","Library.approvalDate","Library.approvalDate","","","",0,1,"","","","date {[]} {[]}
","When the library was approved by publisher","The date on which the resource content was approved by the publisher. Approval happens once when the content is officially approved for usage.","The 'date' element may be more recent than the approval date because of minor changes or editorial corrections.","","","","","","","","",,,,,"",,,,"Library.approvalDate",0,1,"","ele-1:All FHIR elements must have a @value or children {hasValue() or (children().count() > id.count())}
"
"mii-pr-studie-register","Library.lastReviewDate","Library.lastReviewDate","","","",0,1,"","","","date {[]} {[]}
","When the library was last reviewed","The date on which the resource content was last reviewed. Review happens periodically after approval but does not change the original approval date.","If specified, this date follows the original approval date.","Gives a sense of how ""current"" the content is.  Resources that have not been reviewed in a long time may have a risk of being less appropriate/relevant.","","","","","","","",,,,,"",,,,"Library.lastReviewDate",0,1,"","ele-1:All FHIR elements must have a @value or children {hasValue() or (children().count() > id.count())}
"
"mii-pr-studie-register","Library.effectivePeriod","Library.effectivePeriod","","","",0,1,"","","Y","Period {[]} {[]}
","When the library is expected to be used","The period during which the library content was or is planned to be in active use.","The effective period for a library  determines when the content is applicable for usage and is independent of publication and review dates. For example, a measure intended to be used for the year 2016 might be published in 2015.","Allows establishing a transition before a resource comes into effect and also allows for a sunsetting  process when new versions of the library are or are expected to be used instead.","","","","","","","",,,,,"",,,,"Library.effectivePeriod",0,1,"","ele-1:All FHIR elements must have a @value or children {hasValue() or (children().count() > id.count())}
"
"mii-pr-studie-register","Library.topic","Library.topic","","","",0,*,"","","","CodeableConcept {[]} {[]}
","E.g. Education, Treatment, Assessment, etc.","Descriptive topics related to the content of the library. Topics provide a high-level categorization of the library that can be useful for filtering and searching.","","Repositories must be able to determine how to categorize the library so that it can be found by topical searches.","","","","","","","",,"example","High-level categorization of the definition, used for searching, sorting, and filtering.","http://hl7.org/fhir/ValueSet/definition-topic|4.0.1","",,,,"Library.topic",0,*,"","ele-1:All FHIR elements must have a @value or children {hasValue() or (children().count() > id.count())}
"
"mii-pr-studie-register","Library.author","Library.author","","","",0,*,"","","","ContactDetail {[]} {[]}
","Who authored the content","An individiual or organization primarily involved in the creation and maintenance of the content.","","","","","","","","","",,,,,"",,,,"Library.author",0,*,"","ele-1:All FHIR elements must have a @value or children {hasValue() or (children().count() > id.count())}
"
"mii-pr-studie-register","Library.editor","Library.editor","","","",0,*,"","","","ContactDetail {[]} {[]}
","Who edited the content","An individual or organization primarily responsible for internal coherence of the content.","","","","","","","","","",,,,,"",,,,"Library.editor",0,*,"","ele-1:All FHIR elements must have a @value or children {hasValue() or (children().count() > id.count())}
"
"mii-pr-studie-register","Library.reviewer","Library.reviewer","","","",0,*,"","","","ContactDetail {[]} {[]}
","Who reviewed the content","An individual or organization primarily responsible for review of some aspect of the content.","","","","","","","","","",,,,,"",,,,"Library.reviewer",0,*,"","ele-1:All FHIR elements must have a @value or children {hasValue() or (children().count() > id.count())}
"
"mii-pr-studie-register","Library.endorser","Library.endorser","","","",0,*,"","","","ContactDetail {[]} {[]}
","Who endorsed the content","An individual or organization responsible for officially endorsing the content for use in some setting.","","","","","","","","","",,,,,"",,,,"Library.endorser",0,*,"","ele-1:All FHIR elements must have a @value or children {hasValue() or (children().count() > id.count())}
"
"mii-pr-studie-register","Library.relatedArtifact","Library.relatedArtifact","","","",0,*,"Y","","","RelatedArtifact {[]} {[]}
","RelatedArtifact","Zugehörige Artefakte wie zusätzliche Dokumentation, Begründungen oder bibliografische Referenzen.","Each related artifact is either an attachment, or a reference to another resource, but not both.","Libraries must be able to provide enough information for consumers of the content (and/or interventions or results produced by the content) to be able to determine and understand the justification for and evidence in support of the content.","","","","","","","",,,,,"",,,,"Library.relatedArtifact",0,*,"","ele-1:All FHIR elements must have a @value or children {hasValue() or (children().count() > id.count())}
"
"mii-pr-studie-register","Library.relatedArtifact.id","Library.relatedArtifact.id","","","",0,1,"","","","string {[]} {[]}
","Unique id for inter-element referencing","Unique id for the element within a resource (for internal references). This may be any string value that does not contain spaces.","","","","","","","","","",,,,,"",,,,"Element.id",0,1,"",""
"mii-pr-studie-register","Library.relatedArtifact.extension","Library.relatedArtifact.extension","","extensions
user content","",0,*,"","","","Extension {[]} {[]}
","Additional content defined by implementations","May be used to represent additional information that is not part of the basic definition of the element. To make the use of extensions safe and manageable, there is a strict set of governance  applied to the definition and use of extensions. Though any implementer can define an extension, there is a set of requirements that SHALL be met as part of the definition of the extension.","There can be no stigma associated with the use of extensions by any application, project, or standard - regardless of the institution or jurisdiction that uses or defines the extensions.  The use of extensions is what allows the FHIR specification to retain a core level of simplicity for everyone.","","","","","","","","",,,,,"","value:url}
","Extensions are always sliced by (at least) url",,"open","Element.extension",0,*,"","ele-1:All FHIR elements must have a @value or children {hasValue() or (children().count() > id.count())}
ext-1:Must have either extensions or value[x], not both {extension.exists() != value.exists()}"
"mii-pr-studie-register","Library.relatedArtifact.type","Library.relatedArtifact.type","","","",1,1,"","","Y","code {[]} {[]}
","documentation | justification | citation | predecessor | successor | derived-from | depends-on | composed-of","The type of relationship to the related artifact.","","","","","","","","","",,"required","The type of relationship to the related artifact.","http://hl7.org/fhir/ValueSet/related-artifact-type|4.0.1","",,,,"RelatedArtifact.type",1,1,"","ele-1:All FHIR elements must have a @value or children {hasValue() or (children().count() > id.count())}
"
"mii-pr-studie-register","Library.relatedArtifact.label","Library.relatedArtifact.label","","","",0,1,"","","Y","string {[]} {[]}
","Short label","A short label that can be used to reference the citation from elsewhere in the containing artifact, such as a footnote index.","","","","","","","","","",,,,,"",,,,"RelatedArtifact.label",0,1,"","ele-1:All FHIR elements must have a @value or children {hasValue() or (children().count() > id.count())}
"
"mii-pr-studie-register","Library.relatedArtifact.display","Library.relatedArtifact.display","","","",0,1,"","","Y","string {[]} {[]}
","Brief description of the related artifact","A brief description of the document or knowledge resource being referenced, suitable for display to a consumer.","","","","","","","","","",,,,,"",,,,"RelatedArtifact.display",0,1,"","ele-1:All FHIR elements must have a @value or children {hasValue() or (children().count() > id.count())}
"
"mii-pr-studie-register","Library.relatedArtifact.citation","Library.relatedArtifact.citation","","","",0,1,"","","Y","markdown {[]} {[]}
","Bibliographic citation for the artifact","A bibliographic citation for the related artifact. This text SHOULD be formatted according to an accepted citation format.","Additional structured information about citations should be captured as extensions.","","","","","","","","",,,,,"",,,,"RelatedArtifact.citation",0,1,"","ele-1:All FHIR elements must have a @value or children {hasValue() or (children().count() > id.count())}
"
"mii-pr-studie-register","Library.relatedArtifact.url","Library.relatedArtifact.url","","","",0,1,"","","Y","url {[]} {[]}
","Where the artifact can be accessed","A url for the artifact that can be followed to access the actual content.","If a document or resource element is present, this element SHALL NOT be provided (use the url or reference in the Attachment or resource reference).","","","","","","","","",,,,,"",,,,"RelatedArtifact.url",0,1,"","ele-1:All FHIR elements must have a @value or children {hasValue() or (children().count() > id.count())}
"
"mii-pr-studie-register","Library.relatedArtifact.document","Library.relatedArtifact.document","","","",1,1,"Y","","Y","Attachment {[]} {[]}
","What document is being referenced","The document being referenced, represented as an attachment. This is exclusive with the resource element.","","","","","","","","","",,,,,"",,,,"RelatedArtifact.document",0,1,"","ele-1:All FHIR elements must have a @value or children {hasValue() or (children().count() > id.count())}
"
"mii-pr-studie-register","Library.relatedArtifact.document.id","Library.relatedArtifact.document.id","","","",0,1,"","","","string {[]} {[]}
","Unique id for inter-element referencing","Unique id for the element within a resource (for internal references). This may be any string value that does not contain spaces.","","","","","","","","","",,,,,"",,,,"Element.id",0,1,"",""
"mii-pr-studie-register","Library.relatedArtifact.document.extension","Library.relatedArtifact.document.extension","","extensions
user content","",0,*,"","","","Extension {[]} {[]}
","Additional content defined by implementations","May be used to represent additional information that is not part of the basic definition of the element. To make the use of extensions safe and manageable, there is a strict set of governance  applied to the definition and use of extensions. Though any implementer can define an extension, there is a set of requirements that SHALL be met as part of the definition of the extension.","There can be no stigma associated with the use of extensions by any application, project, or standard - regardless of the institution or jurisdiction that uses or defines the extensions.  The use of extensions is what allows the FHIR specification to retain a core level of simplicity for everyone.","","","","","","","","",,,,,"","value:url}
","Extensions are always sliced by (at least) url",,"open","Element.extension",0,*,"","ele-1:All FHIR elements must have a @value or children {hasValue() or (children().count() > id.count())}
ext-1:Must have either extensions or value[x], not both {extension.exists() != value.exists()}"
"mii-pr-studie-register","Library.relatedArtifact.document.contentType","Library.relatedArtifact.document.contentType","","","",0,1,"","","Y","code {[]} {[]}
","Mime type of the content, with charset etc.","Identifies the type of the data in the attachment and allows a method to be chosen to interpret or render the data. Includes mime type parameters such as charset where appropriate.","","Processors of the data need to be able to know how to interpret the data.","","","","","<valueCode xmlns=""http://hl7.org/fhir"" value=""text/plain; charset=UTF-8, image/png""/>","","",,"required","The mime type of an attachment. Any valid mime type is allowed.","http://hl7.org/fhir/ValueSet/mimetypes|4.0.1","",,,,"Attachment.contentType",0,1,"","ele-1:All FHIR elements must have a @value or children {hasValue() or (children().count() > id.count())}
"
"mii-pr-studie-register","Library.relatedArtifact.document.language","Library.relatedArtifact.document.language","","","",0,1,"","","Y","code {[]} {[]}
","Human language of the content (BCP-47)","The human language of the content. The value can be any valid value according to BCP 47.","","Users need to be able to choose between the languages in a set of attachments.","","","","","<valueCode xmlns=""http://hl7.org/fhir"" value=""en-AU""/>","","",,"preferred","A human language.","http://hl7.org/fhir/ValueSet/languages|4.0.1","",,,,"Attachment.language",0,1,"","ele-1:All FHIR elements must have a @value or children {hasValue() or (children().count() > id.count())}
"
"mii-pr-studie-register","Library.relatedArtifact.document.data","Library.relatedArtifact.document.data","","","",0,1,"","","","base64Binary {[]} {[]}
","Data inline, base64ed","The actual data of the attachment - a sequence of bytes, base64 encoded.","The base64-encoded data SHALL be expressed in the same character set as the base resource XML or JSON.","The data needs to able to be transmitted inline.","","","","","","","",,,,,"",,,,"Attachment.data",0,1,"","ele-1:All FHIR elements must have a @value or children {hasValue() or (children().count() > id.count())}
"
"mii-pr-studie-register","Library.relatedArtifact.document.url","Library.relatedArtifact.document.url","","","",1,1,"Y","","Y","url {[]} {[]}
","Uri where the data can be found","A location where the data can be accessed.","If both data and url are provided, the url SHALL point to the same content as the data contains. Urls may be relative references or may reference transient locations such as a wrapping envelope using cid: though this has ramifications for using signatures. Relative URLs are interpreted relative to the service url, like a resource reference, rather than relative to the resource itself. If a URL is provided, it SHALL resolve to actual data.","The data needs to be transmitted by reference.","","","","","<valueUrl xmlns=""http://hl7.org/fhir"" value=""http://www.acme.com/logo-small.png""/>","","",,,,,"",,,,"Attachment.url",0,1,"","ele-1:All FHIR elements must have a @value or children {hasValue() or (children().count() > id.count())}
"
"mii-pr-studie-register","Library.relatedArtifact.document.size","Library.relatedArtifact.document.size","","","",0,1,"","","Y","unsignedInt {[]} {[]}
","Number of bytes of content (if url provided)","The number of bytes of data that make up this attachment (before base64 encoding, if that is done).","The number of bytes is redundant if the data is provided as a base64binary, but is useful if the data is provided as a url reference.","Representing the size allows applications to determine whether they should fetch the content automatically in advance, or refuse to fetch it at all.","","","","","","","",,,,,"",,,,"Attachment.size",0,1,"","ele-1:All FHIR elements must have a @value or children {hasValue() or (children().count() > id.count())}
"
"mii-pr-studie-register","Library.relatedArtifact.document.hash","Library.relatedArtifact.document.hash","","","",0,1,"","","Y","base64Binary {[]} {[]}
","Hash of the data (sha-1, base64ed)","The calculated hash of the data using SHA-1. Represented using base64.","The hash is calculated on the data prior to base64 encoding, if the data is based64 encoded. The hash is not intended to support digital signatures. Where protection against malicious threats a digital signature should be considered, see [Provenance.signature](http://hl7.org/fhir/R4/provenance-definitions.html#Provenance.signature) for mechanism to protect a resource with a digital signature.","Included so that applications can verify that the contents of a location have not changed due to technical failures (e.g., storage rot, transport glitch, incorrect version).","","","","","","","",,,,,"",,,,"Attachment.hash",0,1,"","ele-1:All FHIR elements must have a @value or children {hasValue() or (children().count() > id.count())}
"
"mii-pr-studie-register","Library.relatedArtifact.document.title","Library.relatedArtifact.document.title","","","",0,1,"","","Y","string {[]} {[]}
","Label to display in place of the data","A label or set of text to display in place of the data.","","Applications need a label to display to a human user in place of the actual data if the data cannot be rendered or perceived by the viewer.","","","","","<valueString xmlns=""http://hl7.org/fhir"" value=""Official Corporate Logo""/>","","",,,,,"",,,,"Attachment.title",0,1,"","ele-1:All FHIR elements must have a @value or children {hasValue() or (children().count() > id.count())}
"
"mii-pr-studie-register","Library.relatedArtifact.document.creation","Library.relatedArtifact.document.creation","","","",0,1,"","","Y","dateTime {[]} {[]}
","Date attachment was first created","The date that the attachment was first created.","","This is often tracked as an integrity issue for use of the attachment.","","","","","","","",,,,,"",,,,"Attachment.creation",0,1,"","ele-1:All FHIR elements must have a @value or children {hasValue() or (children().count() > id.count())}
"
"mii-pr-studie-register","Library.relatedArtifact.resource","Library.relatedArtifact.resource","","","",0,1,"","","Y","canonical {[]} {[CanonicalType[http://hl7.org/fhir/StructureDefinition/Resource|4.0.1]]}
","What resource is being referenced","The related resource, such as a library, value set, profile, or other knowledge resource.","If the type is predecessor, this is a reference to the succeeding knowledge resource. If the type is successor, this is a reference to the prior knowledge resource.","","","","","","","","",,,,,"",,,,"RelatedArtifact.resource",0,1,"","ele-1:All FHIR elements must have a @value or children {hasValue() or (children().count() > id.count())}
"
"mii-pr-studie-register","Library.parameter","Library.parameter","","","",0,*,"","","","ParameterDefinition {[]} {[]}
","Parameters defined by the library","The parameter element defines parameters used by the library.","","","","","","","","","",,,,,"",,,,"Library.parameter",0,*,"","ele-1:All FHIR elements must have a @value or children {hasValue() or (children().count() > id.count())}
"
"mii-pr-studie-register","Library.dataRequirement","Library.dataRequirement","","","",0,*,"","","","DataRequirement {[]} {[]}
","What data is referenced by this library","Describes a set of data that must be provided in order to be able to successfully perform the computations defined by the library.","","","","","","","","","",,,,,"",,,,"Library.dataRequirement",0,*,"","ele-1:All FHIR elements must have a @value or children {hasValue() or (children().count() > id.count())}
"
"mii-pr-studie-register","Library.content","Library.content","","","",0,*,"","","Y","Attachment {[]} {[]}
","Contents of the library, either embedded or referenced","The content of the library as an Attachment. The content may be a reference to a url, or may be directly embedded as a base-64 string. Either way, the contentType of the attachment determines how to interpret the content.","","","","","","","","","",,,,,"",,,,"Library.content",0,*,"","ele-1:All FHIR elements must have a @value or children {hasValue() or (children().count() > id.count())}
"
"mii-pr-studie-studie","ResearchStudy","ResearchStudy","","Clinical Trial
Study","",0,*,"","","","null {[]} {[]}
","Investigation to increase healthcare-related patient-independent knowledge","A process where a researcher or organization plans and then executes a series of steps intended to increase the field of healthcare-related knowledge.  This includes studies of safety, efficacy, comparative effectiveness and other information about medications, devices, therapies and other interventional and investigative techniques.  A ResearchStudy involves the gathering of information about human or animal subjects.","Need to make sure we encompass public health studies.","","","","","","","","",,,,,"",,,,"ResearchStudy",0,*,"","dom-2:If the resource is contained in another resource, it SHALL NOT contain nested Resources {contained.contained.empty()}
dom-3:If the resource is contained in another resource, it SHALL be referred to from elsewhere in the resource or SHALL refer to the containing resource {contained.where((('#'+id in (%resource.descendants().reference | %resource.descendants().as(canonical) | %resource.descendants().as(uri) | %resource.descendants().as(url))) or descendants().where(reference = '#').exists() or descendants().where(as(canonical) = '#').exists() or descendants().where(as(canonical) = '#').exists()).not()).trace('unmatched', id).empty()}dom-4:If a resource is contained in another resource, it SHALL NOT have a meta.versionId or a meta.lastUpdated {contained.meta.versionId.empty() and contained.meta.lastUpdated.empty()}dom-5:If a resource is contained in another resource, it SHALL NOT have a security label {contained.meta.security.empty()}dom-6:A resource should have narrative for robust management {text.`div`.exists()}"
"mii-pr-studie-studie","ResearchStudy.id","ResearchStudy.id","","","",0,1,"","","Y","id {[]} {[]}
","Logical id of this artifact","The logical id of the resource, as used in the URL for the resource. Once assigned, this value never changes.","The only time that a resource does not have an id is when it is being submitted to the server using a create operation.","","","","","","","","",,,,,"",,,,"Resource.id",0,1,"",""
"mii-pr-studie-studie","ResearchStudy.meta","ResearchStudy.meta","","","",0,1,"","","Y","Meta {[]} {[]}
","Metadata about the resource","The metadata about the resource. This is content that is maintained by the infrastructure. Changes to the content might not always be associated with version changes to the resource.","","","","","","","","","",,,,,"",,,,"Resource.meta",0,1,"","ele-1:All FHIR elements must have a @value or children {hasValue() or (children().count() > id.count())}
"
"mii-pr-studie-studie","ResearchStudy.implicitRules","ResearchStudy.implicitRules","","","",0,1,"","Y","Y","uri {[]} {[]}
","A set of rules under which this content was created","A reference to a set of rules that were followed when the resource was constructed, and which must be understood when processing the content. Often, this is a reference to an implementation guide that defines the special rules along with other profiles etc.","Asserting this rule set restricts the content to be only understood by a limited set of trading partners. This inherently limits the usefulness of the data in the long term. However, the existing health eco-system is highly fractured, and not yet ready to define, collect, and exchange data in a generally computable sense. Wherever possible, implementers and/or specification writers should avoid using this element. Often, when used, the URL is a reference to an implementation guide that defines these special rules as part of it's narrative along with other profiles, value sets, etc.","","","","","","","","",,,,,"",,,,"Resource.implicitRules",0,1,"","ele-1:All FHIR elements must have a @value or children {hasValue() or (children().count() > id.count())}
"
"mii-pr-studie-studie","ResearchStudy.language","ResearchStudy.language","","","",0,1,"","","","code {[]} {[]}
","Language of the resource content","The base language in which the resource is written.","Language is provided to support indexing and accessibility (typically, services such as text to speech use the language tag). The html language tag in the narrative applies  to the narrative. The language tag on the resource may be used to specify the language of other presentations generated from the data in the resource. Not all the content has to be in the base language. The Resource.language should not be assumed to apply to the narrative automatically. If a language is specified, it should it also be specified on the div element in the html (see rules in HTML5 for information about the relationship between xml:lang and the html lang attribute).","","","","","","","","",,"preferred","A human language.","http://hl7.org/fhir/ValueSet/languages|4.0.1","",,,,"Resource.language",0,1,"","ele-1:All FHIR elements must have a @value or children {hasValue() or (children().count() > id.count())}
"
"mii-pr-studie-studie","ResearchStudy.text","ResearchStudy.text","","narrative
htmlxhtmldisplay","",0,1,"","","","Narrative {[]} {[]}
","Text summary of the resource, for human interpretation","A human-readable narrative that contains a summary of the resource and can be used to represent the content of the resource to a human. The narrative need not encode all the structured data, but is required to contain sufficient detail to make it ""clinically safe"" for a human to just read the narrative. Resource definitions may define what content should be represented in the narrative to ensure clinical safety.","Contained resources do not have narrative. Resources that are not contained SHOULD have a narrative. In some cases, a resource may only have text with little or no additional discrete data (as long as all minOccurs=1 elements are satisfied).  This may be necessary for data from legacy systems where information is captured as a ""text blob"" or where text is additionally entered raw or narrated and encoded information is added later.","","","","","","","","",,,,,"",,,,"DomainResource.text",0,1,"","ele-1:All FHIR elements must have a @value or children {hasValue() or (children().count() > id.count())}
"
"mii-pr-studie-studie","ResearchStudy.contained","ResearchStudy.contained","","inline resources
anonymous resourcescontained resources","",0,*,"","","","Resource {[]} {[]}
","Contained, inline Resources","These resources do not have an independent existence apart from the resource that contains them - they cannot be identified independently, and nor can they have their own independent transaction scope.","This should never be done when the content can be identified properly, as once identification is lost, it is extremely difficult (and context dependent) to restore it again. Contained resources may have profiles and tags In their meta elements, but SHALL NOT have security labels.","","","","","","","","",,,,,"",,,,"DomainResource.contained",0,*,"",""
"mii-pr-studie-studie","ResearchStudy.extension","ResearchStudy.extension","","","",0,*,"Y","","","Extension {[]} {[]}
","Extension","An Extension","","","","","","","","","",,,,,"","value:url}
","",,"open","DomainResource.extension",0,*,"","ele-1:All FHIR elements must have a @value or children {hasValue() or (children().count() > id.count())}
ext-1:Must have either extensions or value[x], not both {extension.exists() != value.exists()}"
"mii-pr-studie-studie","ResearchStudy.extension:Label","ResearchStudy.extension","Label","","",0,*,"Y","","","Extension {[CanonicalType[http://hl7.org/fhir/5.0/StructureDefinition/extension-ResearchStudy.label]]} {[]}
","Label","Optionales Erweiterungselement – in allen Ressourcen vorhanden.","","","","","","","","","",,,,,"",,,,"DomainResource.extension",0,*,"ele-1
","ele-1:All FHIR elements must have a @value or children {hasValue() or (children().count() > id.count())}
ext-1:Must have either extensions or value[x], not both {extension.exists() != value.exists()}"
"mii-pr-studie-studie","ResearchStudy.extension:AssociatedParty","ResearchStudy.extension","AssociatedParty","","",0,*,"Y","","","Extension {[CanonicalType[http://hl7.org/fhir/5.0/StructureDefinition/extension-ResearchStudy.associatedParty]]} {[]}
","AssociatedParty","Optionales Erweiterungselement – in allen Ressourcen vorhanden.","","","","","","","","","",,,,,"",,,,"DomainResource.extension",0,*,"ele-1
","ele-1:All FHIR elements must have a @value or children {hasValue() or (children().count() > id.count())}
ext-1:Must have either extensions or value[x], not both {extension.exists() != value.exists()}"
"mii-pr-studie-studie","ResearchStudy.extension:Ethikvotum","ResearchStudy.extension","Ethikvotum","","",0,*,"Y","","","Extension {[CanonicalType[https://www.medizininformatik-initiative.de/fhir/modul-studie/StructureDefinition/mii-ex-studie-ethikvotum]]} {[]}
","Ethikvotum","Optionales Erweiterungselement – in allen Ressourcen vorhanden.","","","","","","","","","",,,,,"",,,,"DomainResource.extension",0,*,"ele-1
","ele-1:All FHIR elements must have a @value or children {hasValue() or (children().count() > id.count())}
ext-1:Must have either extensions or value[x], not both {extension.exists() != value.exists()}"
"mii-pr-studie-studie","ResearchStudy.extension:Studienregister","ResearchStudy.extension","Studienregister","","",0,*,"Y","","","Extension {[CanonicalType[https://www.medizininformatik-initiative.de/fhir/modul-studie/StructureDefinition/mii-ex-studie-studienregister]]} {[]}
","Studienregister","Optionales Erweiterungselement – in allen Ressourcen vorhanden.","","","","","","","","","",,,,,"",,,,"DomainResource.extension",0,*,"ele-1
","ele-1:All FHIR elements must have a @value or children {hasValue() or (children().count() > id.count())}
ext-1:Must have either extensions or value[x], not both {extension.exists() != value.exists()}"
"mii-pr-studie-studie","ResearchStudy.extension:Eligibility","ResearchStudy.extension","Eligibility","","",0,1,"Y","","","Extension {[CanonicalType[https://www.medizininformatik-initiative.de/fhir/modul-studie/StructureDefinition/mii-ex-studie-eligibility]]} {[]}
","Eligibility","Optionales Erweiterungselement – in allen Ressourcen vorhanden.","","","","","","","","","",,,,,"",,,,"DomainResource.extension",0,*,"ele-1
","ele-1:All FHIR elements must have a @value or children {hasValue() or (children().count() > id.count())}
ext-1:Must have either extensions or value[x], not both {extension.exists() != value.exists()}"
"mii-pr-studie-studie","ResearchStudy.extension:Akronym","ResearchStudy.extension","Akronym","","",0,1,"Y","","","Extension {[CanonicalType[https://www.medizininformatik-initiative.de/fhir/modul-studie/StructureDefinition/mii-ex-studie-akronym]]} {[]}
","Akronym","Optionales Erweiterungselement – in allen Ressourcen vorhanden.","","","","","","","","","",,,,,"",,,,"DomainResource.extension",0,*,"ele-1
","ele-1:All FHIR elements must have a @value or children {hasValue() or (children().count() > id.count())}
ext-1:Must have either extensions or value[x], not both {extension.exists() != value.exists()}"
"mii-pr-studie-studie","ResearchStudy.extension:Rekrutierung","ResearchStudy.extension","Rekrutierung","","",0,1,"Y","","","Extension {[CanonicalType[https://www.medizininformatik-initiative.de/fhir/modul-studie/StructureDefinition/mii-ex-studie-rekrutierung]]} {[]}
","Rekrutierung","Optionales Erweiterungselement – in allen Ressourcen vorhanden.","","","","","","","","","",,,,,"",,,,"DomainResource.extension",0,*,"ele-1
","ele-1:All FHIR elements must have a @value or children {hasValue() or (children().count() > id.count())}
ext-1:Must have either extensions or value[x], not both {extension.exists() != value.exists()}"
"mii-pr-studie-studie","ResearchStudy.extension:Finanzierung","ResearchStudy.extension","Finanzierung","","",0,*,"Y","","","Extension {[CanonicalType[https://www.medizininformatik-initiative.de/fhir/modul-studie/StructureDefinition/mii-ex-studie-finanzierung]]} {[]}
","Finanzierung","Optionales Erweiterungselement – in allen Ressourcen vorhanden.","","","","","","","","","",,,,,"",,,,"DomainResource.extension",0,*,"ele-1
","ele-1:All FHIR elements must have a @value or children {hasValue() or (children().count() > id.count())}
ext-1:Must have either extensions or value[x], not both {extension.exists() != value.exists()}"
"mii-pr-studie-studie","ResearchStudy.modifierExtension","ResearchStudy.modifierExtension","","extensions
user content","",0,*,"","Y","","Extension {[]} {[]}
","Extensions that cannot be ignored","May be used to represent additional information that is not part of the basic definition of the resource and that modifies the understanding of the element that contains it and/or the understanding of the containing element's descendants. Usually modifier elements provide negation or qualification. To make the use of extensions safe and manageable, there is a strict set of governance applied to the definition and use of extensions. Though any implementer is allowed to define an extension, there is a set of requirements that SHALL be met as part of the definition of the extension. Applications processing a resource are required to check for modifier extensions.

Modifier extensions SHALL NOT change the meaning of any elements on Resource or DomainResource (including cannot change the meaning of modifierExtension itself).","There can be no stigma associated with the use of extensions by any application, project, or standard - regardless of the institution or jurisdiction that uses or defines the extensions.  The use of extensions is what allows the FHIR specification to retain a core level of simplicity for everyone.","Modifier extensions allow for extensions that *cannot* be safely ignored to be clearly distinguished from the vast majority of extensions which can be safely ignored.  This promotes interoperability by eliminating the need for implementers to prohibit the presence of extensions. For further information, see the [definition of modifier extensions](http://hl7.org/fhir/R4/extensibility.html#modifierExtension).","","","","","","","",,,,,"",,,,"DomainResource.modifierExtension",0,*,"","ele-1:All FHIR elements must have a @value or children {hasValue() or (children().count() > id.count())}
ext-1:Must have either extensions or value[x], not both {extension.exists() != value.exists()}"
"mii-pr-studie-studie","ResearchStudy.identifier","ResearchStudy.identifier","","","",0,*,"Y","","Y","Identifier {[]} {[]}
","Name für diese Studie","Kennungen, die dieser Forschungsstudie vom Sponsor oder anderen Systemen zugewiesen wurden.","","Allows identification of the research study as it is known by various participating systems and in a way that remains consistent across servers.","","","","","","","",,,,,"",,,,"ResearchStudy.identifier",0,*,"","ele-1:All FHIR elements must have a @value or children {hasValue() or (children().count() > id.count())}
"
"mii-pr-studie-studie","ResearchStudy.identifier.id","ResearchStudy.identifier.id","","","",0,1,"","","","string {[]} {[]}
","Unique id for inter-element referencing","Unique id for the element within a resource (for internal references). This may be any string value that does not contain spaces.","","","","","","","","","",,,,,"",,,,"Element.id",0,1,"",""
"mii-pr-studie-studie","ResearchStudy.identifier.extension","ResearchStudy.identifier.extension","","extensions
user content","",0,*,"","","","Extension {[]} {[]}
","Additional content defined by implementations","May be used to represent additional information that is not part of the basic definition of the element. To make the use of extensions safe and manageable, there is a strict set of governance  applied to the definition and use of extensions. Though any implementer can define an extension, there is a set of requirements that SHALL be met as part of the definition of the extension.","There can be no stigma associated with the use of extensions by any application, project, or standard - regardless of the institution or jurisdiction that uses or defines the extensions.  The use of extensions is what allows the FHIR specification to retain a core level of simplicity for everyone.","","","","","","","","",,,,,"","value:url}
","Extensions are always sliced by (at least) url",,"open","Element.extension",0,*,"","ele-1:All FHIR elements must have a @value or children {hasValue() or (children().count() > id.count())}
ext-1:Must have either extensions or value[x], not both {extension.exists() != value.exists()}"
"mii-pr-studie-studie","ResearchStudy.identifier.use","ResearchStudy.identifier.use","","","",0,1,"","Y","Y","code {[]} {[]}
","usual | official | temp | secondary | old (If known)","The purpose of this identifier.","Applications can assume that an identifier is permanent unless it explicitly says that it is temporary.","Allows the appropriate identifier for a particular context of use to be selected from among a set of identifiers.","","","","","","","",,"required","Identifies the purpose for this identifier, if known .","http://hl7.org/fhir/ValueSet/identifier-use|4.0.1","",,,,"Identifier.use",0,1,"","ele-1:All FHIR elements must have a @value or children {hasValue() or (children().count() > id.count())}
"
"mii-pr-studie-studie","ResearchStudy.identifier.type","ResearchStudy.identifier.type","","","",0,1,"","","Y","CodeableConcept {[]} {[]}
","Description of identifier","A coded type for the identifier that can be used to determine which identifier to use for a specific purpose.","This element deals only with general categories of identifiers.  It SHOULD not be used for codes that correspond 1..1 with the Identifier.system. Some identifiers may fall into multiple categories due to common usage.   Where the system is known, a type is unnecessary because the type is always part of the system definition. However systems often need to handle identifiers where the system is not known. There is not a 1:1 relationship between type and system, since many different systems have the same type.","Allows users to make use of identifiers when the identifier system is not known.","","","","","","","",,"extensible","A coded type for an identifier that can be used to determine which identifier to use for a specific purpose.","http://hl7.org/fhir/ValueSet/identifier-type|4.0.1","",,,,"Identifier.type",0,1,"","ele-1:All FHIR elements must have a @value or children {hasValue() or (children().count() > id.count())}
"
"mii-pr-studie-studie","ResearchStudy.identifier.system","ResearchStudy.identifier.system","","","",0,1,"Y","","Y","uri {[]} {[]}
","The namespace for the identifier value","Establishes the namespace for the value - that is, a URL that describes a set values that are unique.","Identifier.system is always case sensitive.","There are many sets  of identifiers.  To perform matching of two identifiers, we need to know what set we're dealing with. The system identifies a particular set of unique identifiers.","","","","","<valueUri xmlns=""http://hl7.org/fhir"" value=""http://www.acme.com/identifiers/patient""/>","","",,,,,"",,,,"Identifier.system",0,1,"","ele-1:All FHIR elements must have a @value or children {hasValue() or (children().count() > id.count())}
"
"mii-pr-studie-studie","ResearchStudy.identifier.value","ResearchStudy.identifier.value","","","",0,1,"Y","","Y","string {[]} {[]}
","The value that is unique","The portion of the identifier typically relevant to the user and which is unique within the context of the system.","If the value is a full URI, then the system SHALL be urn:ietf:rfc:3986.  The value's primary purpose is computational mapping.  As a result, it may be normalized for comparison purposes (e.g. removing non-significant whitespace, dashes, etc.)  A value formatted for human display can be conveyed using the [Rendered Value extension](http://hl7.org/fhir/R4/extension-rendered-value.html). Identifier.value is to be treated as case sensitive unless knowledge of the Identifier.system allows the processer to be confident that non-case-sensitive processing is safe.","","","","","","<valueString xmlns=""http://hl7.org/fhir"" value=""123456""/>","","",,,,,"",,,,"Identifier.value",0,1,"","ele-1:All FHIR elements must have a @value or children {hasValue() or (children().count() > id.count())}
"
"mii-pr-studie-studie","ResearchStudy.identifier.period","ResearchStudy.identifier.period","","","",0,1,"","","Y","Period {[]} {[]}
","Time period when id is/was valid for use","Time period during which identifier is/was valid for use.","","","","","","","","","",,,,,"",,,,"Identifier.period",0,1,"","ele-1:All FHIR elements must have a @value or children {hasValue() or (children().count() > id.count())}
"
"mii-pr-studie-studie","ResearchStudy.identifier.assigner","ResearchStudy.identifier.assigner","","","",0,1,"","","Y","Reference {[]} {[CanonicalType[http://hl7.org/fhir/StructureDefinition/Organization|4.0.1]]}
","Organization that issued id (may be just text)","Organization that issued/manages the identifier.","The Identifier.assigner may omit the .reference element and only contain a .display element reflecting the name or other textual information about the assigning organization.","","","","","","","","",,,,,"",,,,"Identifier.assigner",0,1,"","ele-1:All FHIR elements must have a @value or children {hasValue() or (children().count() > id.count())}
"
"mii-pr-studie-studie","ResearchStudy.title","ResearchStudy.title","","","",0,1,"Y","","Y","string {[]} {[]}
","Name für diese Studie","Ein kurzer, beschreibender und benutzerfreundlicher Bezeichner für die Studie.","","","","","","","","","",,,,,"",,,,"ResearchStudy.title",0,1,"","ele-1:All FHIR elements must have a @value or children {hasValue() or (children().count() > id.count())}
"
"mii-pr-studie-studie","ResearchStudy.protocol","ResearchStudy.protocol","","","",0,*,"","","Y","Reference {[]} {[CanonicalType[http://hl7.org/fhir/StructureDefinition/PlanDefinition|4.0.1]]}
","Steps followed in executing study","The set of steps expected to be performed as part of the execution of the study.","","","","","","","","","",,,,,"",,,,"ResearchStudy.protocol",0,*,"","ele-1:All FHIR elements must have a @value or children {hasValue() or (children().count() > id.count())}
"
"mii-pr-studie-studie","ResearchStudy.partOf","ResearchStudy.partOf","","container
","",0,*,"Y","","Y","Reference {[]} {[CanonicalType[http://hl7.org/fhir/StructureDefinition/ResearchStudy|4.0.1]]}
","Teil einer größeren Studie.","Eine größere Forschungsstudie, von der diese spezielle Studie ein Bestandteil oder ein Schritt ist.","","Allows breaking a study into components (e.g. by study site) each with their own PI, status, enrollment, etc.","","","","","","","",,,,,"",,,,"ResearchStudy.partOf",0,*,"","ele-1:All FHIR elements must have a @value or children {hasValue() or (children().count() > id.count())}
"
"mii-pr-studie-studie","ResearchStudy.status","ResearchStudy.status","","","",1,1,"Y","Y","Y","code {[]} {[]}
","aktiv | administrativ abgeschlossen | genehmigt | für Rekrutierung geschlossen | für Rekrutierung und Intervention geschlossen | abgeschlossen | abgelehnt | in Überprüfung | vorübergehend für Rekrutierung geschlossen | vorübergehend für Rekrutierung und Intervention geschlossen | zurückgezogen","Der aktuelle Status der Studie.","","","","","","","","","",,"required","Codes that convey the current status of the research study.","http://hl7.org/fhir/ValueSet/research-study-status|4.0.1","",,,,"ResearchStudy.status",1,1,"","ele-1:All FHIR elements must have a @value or children {hasValue() or (children().count() > id.count())}
"
"mii-pr-studie-studie","ResearchStudy.primaryPurposeType","ResearchStudy.primaryPurposeType","","","",0,1,"","","Y","CodeableConcept {[]} {[]}
","treatment | prevention | diagnostic | supportive-care | screening | health-services-research | basic-science | device-feasibility","The type of study based upon the intent of the study's activities. A classification of the intent of the study.","","","","","","","","","",,"extensible","Codes for the main intent of the study.","http://hl7.org/fhir/ValueSet/research-study-prim-purp-type|4.0.1","",,,,"ResearchStudy.primaryPurposeType",0,1,"","ele-1:All FHIR elements must have a @value or children {hasValue() or (children().count() > id.count())}
"
"mii-pr-studie-studie","ResearchStudy.phase","ResearchStudy.phase","","","",0,1,"","","Y","CodeableConcept {[]} {[]}
","n-a | early-phase-1 | phase-1 | phase-1-phase-2 | phase-2 | phase-2-phase-3 | phase-3 | phase-4","The stage in the progression of a therapy from initial experimental use in humans in clinical trials to post-market evaluation.","","","","","","","","","",,"example","Codes for the stage in the progression of a therapy from initial experimental use in humans in clinical trials to post-market evaluation.","http://hl7.org/fhir/ValueSet/research-study-phase|4.0.1","",,,,"ResearchStudy.phase",0,1,"","ele-1:All FHIR elements must have a @value or children {hasValue() or (children().count() > id.count())}
"
"mii-pr-studie-studie","ResearchStudy.category","ResearchStudy.category","","","",0,*,"Y","","Y","CodeableConcept {[]} {[]}
","Klassifikationen für die Studie.","Codes zur Kategorisierung des Studientyps, wie z. B. experimentell vs. beobachtend, Art der Verblindung, Art der Randomisierung, Sicherheit vs. Wirksamkeit usw.","","","","","","","","","",,"example","Codes that describe the type of research study.  E.g. Study phase, Interventional/Observational, blinding type, etc.","","",,,,"ResearchStudy.category",0,*,"","ele-1:All FHIR elements must have a @value or children {hasValue() or (children().count() > id.count())}
"
"mii-pr-studie-studie","ResearchStudy.focus","ResearchStudy.focus","","","",0,*,"Y","","Y","CodeableConcept {[]} {[]}
","Untersuchte Medikamente, Geräte usw.","Die Medikamente, Nahrungsmittel, Therapien, Geräte oder andere Anliegen oder Interventionen, über die die Studie mehr Informationen gewinnen möchte.","","","","","","","","","",,"example","Codes for medications, devices and other interventions.","","",,,,"ResearchStudy.focus",0,*,"","ele-1:All FHIR elements must have a @value or children {hasValue() or (children().count() > id.count())}
"
"mii-pr-studie-studie","ResearchStudy.focus.id","ResearchStudy.focus.id","","","",0,1,"","","","string {[]} {[]}
","Unique id for inter-element referencing","Unique id for the element within a resource (for internal references). This may be any string value that does not contain spaces.","","","","","","","","","",,,,,"",,,,"Element.id",0,1,"",""
"mii-pr-studie-studie","ResearchStudy.focus.extension","ResearchStudy.focus.extension","","extensions
user content","",0,*,"","","","Extension {[]} {[]}
","Additional content defined by implementations","May be used to represent additional information that is not part of the basic definition of the element. To make the use of extensions safe and manageable, there is a strict set of governance  applied to the definition and use of extensions. Though any implementer can define an extension, there is a set of requirements that SHALL be met as part of the definition of the extension.","There can be no stigma associated with the use of extensions by any application, project, or standard - regardless of the institution or jurisdiction that uses or defines the extensions.  The use of extensions is what allows the FHIR specification to retain a core level of simplicity for everyone.","","","","","","","","",,,,,"","value:url}
","Extensions are always sliced by (at least) url",,"open","Element.extension",0,*,"","ele-1:All FHIR elements must have a @value or children {hasValue() or (children().count() > id.count())}
ext-1:Must have either extensions or value[x], not both {extension.exists() != value.exists()}"
"mii-pr-studie-studie","ResearchStudy.focus.coding","ResearchStudy.focus.coding","","","",0,*,"","","Y","Coding {[]} {[]}
","Code defined by a terminology system","A reference to a code defined by a terminology system.","Codes may be defined very casually in enumerations, or code lists, up to very formal definitions such as SNOMED CT - see the HL7 v3 Core Principles for more information.  Ordering of codings is undefined and SHALL NOT be used to infer meaning. Generally, at most only one of the coding values will be labeled as UserSelected = true.","Allows for alternative encodings within a code system, and translations to other code systems.","","","","","","","",,,,,"",,,,"CodeableConcept.coding",0,*,"","ele-1:All FHIR elements must have a @value or children {hasValue() or (children().count() > id.count())}
"
"mii-pr-studie-studie","ResearchStudy.focus.text","ResearchStudy.focus.text","","","",0,1,"Y","","Y","string {[]} {[]}
","Plain text representation of the concept","A human language representation of the concept as seen/selected/uttered by the user who entered the data and/or which represents the intended meaning of the user.","Very often the text is the same as a displayName of one of the codings.","The codes from the terminologies do not always capture the correct meaning with all the nuances of the human using them, or sometimes there is no appropriate code at all. In these cases, the text is used to capture the full meaning of the source.","","","","","","","",,,,,"",,,,"CodeableConcept.text",0,1,"","ele-1:All FHIR elements must have a @value or children {hasValue() or (children().count() > id.count())}
"
"mii-pr-studie-studie","ResearchStudy.condition","ResearchStudy.condition","","","",0,*,"","","Y","CodeableConcept {[]} {[]}
","Condition being studied","The condition that is the focus of the study.  For example, In a study to examine risk factors for Lupus, might have as an inclusion criterion ""healthy volunteer"", but the target condition code would be a Lupus SNOMED code.","","","","","","","","","",,"example","Identification of the condition or diagnosis.","http://hl7.org/fhir/ValueSet/condition-code|4.0.1","",,,,"ResearchStudy.condition",0,*,"","ele-1:All FHIR elements must have a @value or children {hasValue() or (children().count() > id.count())}
"
"mii-pr-studie-studie","ResearchStudy.contact","ResearchStudy.contact","","","",0,*,"","","Y","ContactDetail {[]} {[]}
","Contact details for the study","Contact details to assist a user in learning more about or engaging with the study.","","","","","","","","","",,,,,"",,,,"ResearchStudy.contact",0,*,"","ele-1:All FHIR elements must have a @value or children {hasValue() or (children().count() > id.count())}
"
"mii-pr-studie-studie","ResearchStudy.relatedArtifact","ResearchStudy.relatedArtifact","","","",0,*,"","","","RelatedArtifact {[]} {[]}
","References and dependencies","Citations, references and other related documents.","","","","","","","","","",,,,,"",,,,"ResearchStudy.relatedArtifact",0,*,"","ele-1:All FHIR elements must have a @value or children {hasValue() or (children().count() > id.count())}
"
"mii-pr-studie-studie","ResearchStudy.keyword","ResearchStudy.keyword","","","",0,*,"Y","","Y","CodeableConcept {[]} {[]}
","Wird verwendet, um nach der Studie zu suchen.","Schlüsselbegriffe, die bei der Suche nach oder Filterung der Studie helfen.","","","","","","","","","",,"example","Words associated with the study that may be useful in discovery.","","",,,,"ResearchStudy.keyword",0,*,"","ele-1:All FHIR elements must have a @value or children {hasValue() or (children().count() > id.count())}
"
"mii-pr-studie-studie","ResearchStudy.keyword.id","ResearchStudy.keyword.id","","","",0,1,"","","","string {[]} {[]}
","Unique id for inter-element referencing","Unique id for the element within a resource (for internal references). This may be any string value that does not contain spaces.","","","","","","","","","",,,,,"",,,,"Element.id",0,1,"",""
"mii-pr-studie-studie","ResearchStudy.keyword.extension","ResearchStudy.keyword.extension","","extensions
user content","",0,*,"","","","Extension {[]} {[]}
","Additional content defined by implementations","May be used to represent additional information that is not part of the basic definition of the element. To make the use of extensions safe and manageable, there is a strict set of governance  applied to the definition and use of extensions. Though any implementer can define an extension, there is a set of requirements that SHALL be met as part of the definition of the extension.","There can be no stigma associated with the use of extensions by any application, project, or standard - regardless of the institution or jurisdiction that uses or defines the extensions.  The use of extensions is what allows the FHIR specification to retain a core level of simplicity for everyone.","","","","","","","","",,,,,"","value:url}
","Extensions are always sliced by (at least) url",,"open","Element.extension",0,*,"","ele-1:All FHIR elements must have a @value or children {hasValue() or (children().count() > id.count())}
ext-1:Must have either extensions or value[x], not both {extension.exists() != value.exists()}"
"mii-pr-studie-studie","ResearchStudy.keyword.coding","ResearchStudy.keyword.coding","","","",0,*,"","","Y","Coding {[]} {[]}
","Code defined by a terminology system","A reference to a code defined by a terminology system.","Codes may be defined very casually in enumerations, or code lists, up to very formal definitions such as SNOMED CT - see the HL7 v3 Core Principles for more information.  Ordering of codings is undefined and SHALL NOT be used to infer meaning. Generally, at most only one of the coding values will be labeled as UserSelected = true.","Allows for alternative encodings within a code system, and translations to other code systems.","","","","","","","",,,,,"",,,,"CodeableConcept.coding",0,*,"","ele-1:All FHIR elements must have a @value or children {hasValue() or (children().count() > id.count())}
"
"mii-pr-studie-studie","ResearchStudy.keyword.text","ResearchStudy.keyword.text","","","",0,1,"Y","","Y","string {[]} {[]}
","Plain text representation of the concept","A human language representation of the concept as seen/selected/uttered by the user who entered the data and/or which represents the intended meaning of the user.","Very often the text is the same as a displayName of one of the codings.","The codes from the terminologies do not always capture the correct meaning with all the nuances of the human using them, or sometimes there is no appropriate code at all. In these cases, the text is used to capture the full meaning of the source.","","","","","","","",,,,,"",,,,"CodeableConcept.text",0,1,"","ele-1:All FHIR elements must have a @value or children {hasValue() or (children().count() > id.count())}
"
"mii-pr-studie-studie","ResearchStudy.location","ResearchStudy.location","","","",0,*,"","","Y","CodeableConcept {[]} {[]}
","Geographic region(s) for study","Indicates a country, state or other region where the study is taking place.","","","","","","","","","",,"extensible","Countries and regions within which this artifact is targeted for use.","http://hl7.org/fhir/ValueSet/jurisdiction|4.0.1","",,,,"ResearchStudy.location",0,*,"","ele-1:All FHIR elements must have a @value or children {hasValue() or (children().count() > id.count())}
"
"mii-pr-studie-studie","ResearchStudy.description","ResearchStudy.description","","","",0,1,"","","","markdown {[]} {[]}
","What this is study doing","A full description of how the study is being conducted.","","","","","","","","","",,,,,"",,,,"ResearchStudy.description",0,1,"","ele-1:All FHIR elements must have a @value or children {hasValue() or (children().count() > id.count())}
"
"mii-pr-studie-studie","ResearchStudy.enrollment","ResearchStudy.enrollment","","patient
","",0,*,"","","Y","Reference {[]} {[CanonicalType[http://hl7.org/fhir/StructureDefinition/Group|4.0.1]]}
","Inclusion & exclusion criteria","Reference to a Group that defines the criteria for and quantity of subjects participating in the study.  E.g. "" 200 female Europeans between the ages of 20 and 45 with early onset diabetes"".","The Group referenced should not generally enumerate specific subjects.  Subjects will be linked to the study using the ResearchSubject resource.","","","","","","","","",,,,,"",,,,"ResearchStudy.enrollment",0,*,"","ele-1:All FHIR elements must have a @value or children {hasValue() or (children().count() > id.count())}
"
"mii-pr-studie-studie","ResearchStudy.period","ResearchStudy.period","","timing
","",0,1,"","","Y","Period {[]} {[]}
","When the study began and ended","Identifies the start date and the expected (or actual, depending on status) end date for the study.","","","","","","","","","",,,,,"",,,,"ResearchStudy.period",0,1,"","ele-1:All FHIR elements must have a @value or children {hasValue() or (children().count() > id.count())}
"
"mii-pr-studie-studie","ResearchStudy.sponsor","ResearchStudy.sponsor","","","",0,1,"","","Y","Reference {[]} {[CanonicalType[http://hl7.org/fhir/StructureDefinition/Organization|4.0.1]]}
","Organization that initiates and is legally responsible for the study","An organization that initiates the investigation and is legally responsible for the study.","","","","","","","","","",,,,,"",,,,"ResearchStudy.sponsor",0,1,"","ele-1:All FHIR elements must have a @value or children {hasValue() or (children().count() > id.count())}
"
"mii-pr-studie-studie","ResearchStudy.principalInvestigator","ResearchStudy.principalInvestigator","","","",0,1,"","","Y","Reference {[]} {[CanonicalType[http://hl7.org/fhir/StructureDefinition/Practitioner|4.0.1], CanonicalType[http://hl7.org/fhir/StructureDefinition/PractitionerRole|4.0.1]]}
","Researcher who oversees multiple aspects of the study","A researcher in a study who oversees multiple aspects of the study, such as concept development, protocol writing, protocol submission for IRB approval, participant recruitment, informed consent, data collection, analysis, interpretation and presentation.","","","","","","","","","",,,,,"",,,,"ResearchStudy.principalInvestigator",0,1,"","ele-1:All FHIR elements must have a @value or children {hasValue() or (children().count() > id.count())}
"
"mii-pr-studie-studie","ResearchStudy.site","ResearchStudy.site","","","",0,*,"","","Y","Reference {[]} {[CanonicalType[http://hl7.org/fhir/StructureDefinition/Location|4.0.1]]}
","Facility where study activities are conducted","A facility in which study activities are conducted.","","","","","","","","","",,,,,"",,,,"ResearchStudy.site",0,*,"","ele-1:All FHIR elements must have a @value or children {hasValue() or (children().count() > id.count())}
"
"mii-pr-studie-studie","ResearchStudy.reasonStopped","ResearchStudy.reasonStopped","","","",0,1,"","","Y","CodeableConcept {[]} {[]}
","accrual-goal-met | closed-due-to-toxicity | closed-due-to-lack-of-study-progress | temporarily-closed-per-study-design","A description and/or code explaining the premature termination of the study.","","","","","","","","","",,"example","Codes for why the study ended prematurely.","http://hl7.org/fhir/ValueSet/research-study-reason-stopped|4.0.1","",,,,"ResearchStudy.reasonStopped",0,1,"","ele-1:All FHIR elements must have a @value or children {hasValue() or (children().count() > id.count())}
"
"mii-pr-studie-studie","ResearchStudy.note","ResearchStudy.note","","","",0,*,"","","","Annotation {[]} {[]}
","Comments made about the study","Comments made about the study by the performer, subject or other participants.","","","","","","","","","",,,,,"",,,,"ResearchStudy.note",0,*,"","ele-1:All FHIR elements must have a @value or children {hasValue() or (children().count() > id.count())}
"
"mii-pr-studie-studie","ResearchStudy.arm","ResearchStudy.arm","","","",0,*,"Y","","","BackboneElement {[]} {[]}
","Definierter Weg durch die Studie für ein Subjekt.","Beschreibt eine erwartete Abfolge von Ereignissen für einen der Teilnehmer einer Studie. Z. B. Exposition gegenüber Medikament A, Auswaschphase, Exposition gegenüber Medikament B, Auswaschphase, Nachverfolgung.","","","","","","","","","",,,,,"",,,,"ResearchStudy.arm",0,*,"","ele-1:All FHIR elements must have a @value or children {hasValue() or (children().count() > id.count())}
"
"mii-pr-studie-studie","ResearchStudy.arm.id","ResearchStudy.arm.id","","","",0,1,"","","","string {[]} {[]}
","Unique id for inter-element referencing","Unique id for the element within a resource (for internal references). This may be any string value that does not contain spaces.","","","","","","","","","",,,,,"",,,,"Element.id",0,1,"",""
"mii-pr-studie-studie","ResearchStudy.arm.extension","ResearchStudy.arm.extension","","extensions
user content","",0,*,"","","","Extension {[]} {[]}
","Additional content defined by implementations","May be used to represent additional information that is not part of the basic definition of the element. To make the use of extensions safe and manageable, there is a strict set of governance  applied to the definition and use of extensions. Though any implementer can define an extension, there is a set of requirements that SHALL be met as part of the definition of the extension.","There can be no stigma associated with the use of extensions by any application, project, or standard - regardless of the institution or jurisdiction that uses or defines the extensions.  The use of extensions is what allows the FHIR specification to retain a core level of simplicity for everyone.","","","","","","","","",,,,,"",,,,"Element.extension",0,*,"","ele-1:All FHIR elements must have a @value or children {hasValue() or (children().count() > id.count())}
ext-1:Must have either extensions or value[x], not both {extension.exists() != value.exists()}"
"mii-pr-studie-studie","ResearchStudy.arm.modifierExtension","ResearchStudy.arm.modifierExtension","","extensions
user contentmodifiers","",0,*,"","Y","Y","Extension {[]} {[]}
","Extensions that cannot be ignored even if unrecognized","May be used to represent additional information that is not part of the basic definition of the element and that modifies the understanding of the element in which it is contained and/or the understanding of the containing element's descendants. Usually modifier elements provide negation or qualification. To make the use of extensions safe and manageable, there is a strict set of governance applied to the definition and use of extensions. Though any implementer can define an extension, there is a set of requirements that SHALL be met as part of the definition of the extension. Applications processing a resource are required to check for modifier extensions.

Modifier extensions SHALL NOT change the meaning of any elements on Resource or DomainResource (including cannot change the meaning of modifierExtension itself).","There can be no stigma associated with the use of extensions by any application, project, or standard - regardless of the institution or jurisdiction that uses or defines the extensions.  The use of extensions is what allows the FHIR specification to retain a core level of simplicity for everyone.","Modifier extensions allow for extensions that *cannot* be safely ignored to be clearly distinguished from the vast majority of extensions which can be safely ignored.  This promotes interoperability by eliminating the need for implementers to prohibit the presence of extensions. For further information, see the [definition of modifier extensions](http://hl7.org/fhir/R4/extensibility.html#modifierExtension).","","","","","","","",,,,,"",,,,"BackboneElement.modifierExtension",0,*,"","ele-1:All FHIR elements must have a @value or children {hasValue() or (children().count() > id.count())}
ext-1:Must have either extensions or value[x], not both {extension.exists() != value.exists()}"
"mii-pr-studie-studie","ResearchStudy.arm.name","ResearchStudy.arm.name","","","",1,1,"Y","","","string {[]} {[]}
","Label for study arm","Unique, human-readable label for this arm of the study.","","","","","","","","","",,,,,"",,,,"ResearchStudy.arm.name",1,1,"","ele-1:All FHIR elements must have a @value or children {hasValue() or (children().count() > id.count())}
"
"mii-pr-studie-studie","ResearchStudy.arm.type","ResearchStudy.arm.type","","","",0,1,"","","","CodeableConcept {[]} {[]}
","Categorization of study arm","Categorization of study arm, e.g. experimental, active comparator, placebo comparater.","","","","","","","","","",,,,,"",,,,"ResearchStudy.arm.type",0,1,"","ele-1:All FHIR elements must have a @value or children {hasValue() or (children().count() > id.count())}
"
"mii-pr-studie-studie","ResearchStudy.arm.description","ResearchStudy.arm.description","","","",0,1,"","","","string {[]} {[]}
","Short explanation of study path","A succinct description of the path through the study that would be followed by a subject adhering to this arm.","","","","","","","","","",,,,,"",,,,"ResearchStudy.arm.description",0,1,"","ele-1:All FHIR elements must have a @value or children {hasValue() or (children().count() > id.count())}
"
"mii-pr-studie-studie","ResearchStudy.objective","ResearchStudy.objective","","","",0,*,"","","","BackboneElement {[]} {[]}
","A goal for the study","A goal that the study is aiming to achieve in terms of a scientific question to be answered by the analysis of data collected during the study.","","","","","","","","","",,,,,"",,,,"ResearchStudy.objective",0,*,"","ele-1:All FHIR elements must have a @value or children {hasValue() or (children().count() > id.count())}
"
"mii-pr-studie-studie","ResearchStudy.objective.id","ResearchStudy.objective.id","","","",0,1,"","","","string {[]} {[]}
","Unique id for inter-element referencing","Unique id for the element within a resource (for internal references). This may be any string value that does not contain spaces.","","","","","","","","","",,,,,"",,,,"Element.id",0,1,"",""
"mii-pr-studie-studie","ResearchStudy.objective.extension","ResearchStudy.objective.extension","","extensions
user content","",0,*,"","","","Extension {[]} {[]}
","Additional content defined by implementations","May be used to represent additional information that is not part of the basic definition of the element. To make the use of extensions safe and manageable, there is a strict set of governance  applied to the definition and use of extensions. Though any implementer can define an extension, there is a set of requirements that SHALL be met as part of the definition of the extension.","There can be no stigma associated with the use of extensions by any application, project, or standard - regardless of the institution or jurisdiction that uses or defines the extensions.  The use of extensions is what allows the FHIR specification to retain a core level of simplicity for everyone.","","","","","","","","",,,,,"",,,,"Element.extension",0,*,"","ele-1:All FHIR elements must have a @value or children {hasValue() or (children().count() > id.count())}
ext-1:Must have either extensions or value[x], not both {extension.exists() != value.exists()}"
"mii-pr-studie-studie","ResearchStudy.objective.modifierExtension","ResearchStudy.objective.modifierExtension","","extensions
user contentmodifiers","",0,*,"","Y","Y","Extension {[]} {[]}
","Extensions that cannot be ignored even if unrecognized","May be used to represent additional information that is not part of the basic definition of the element and that modifies the understanding of the element in which it is contained and/or the understanding of the containing element's descendants. Usually modifier elements provide negation or qualification. To make the use of extensions safe and manageable, there is a strict set of governance applied to the definition and use of extensions. Though any implementer can define an extension, there is a set of requirements that SHALL be met as part of the definition of the extension. Applications processing a resource are required to check for modifier extensions.

Modifier extensions SHALL NOT change the meaning of any elements on Resource or DomainResource (including cannot change the meaning of modifierExtension itself).","There can be no stigma associated with the use of extensions by any application, project, or standard - regardless of the institution or jurisdiction that uses or defines the extensions.  The use of extensions is what allows the FHIR specification to retain a core level of simplicity for everyone.","Modifier extensions allow for extensions that *cannot* be safely ignored to be clearly distinguished from the vast majority of extensions which can be safely ignored.  This promotes interoperability by eliminating the need for implementers to prohibit the presence of extensions. For further information, see the [definition of modifier extensions](http://hl7.org/fhir/R4/extensibility.html#modifierExtension).","","","","","","","",,,,,"",,,,"BackboneElement.modifierExtension",0,*,"","ele-1:All FHIR elements must have a @value or children {hasValue() or (children().count() > id.count())}
ext-1:Must have either extensions or value[x], not both {extension.exists() != value.exists()}"
"mii-pr-studie-studie","ResearchStudy.objective.name","ResearchStudy.objective.name","","","",0,1,"","","","string {[]} {[]}
","Label for the objective","Unique, human-readable label for this objective of the study.","","","","","","","","","",,,,,"",,,,"ResearchStudy.objective.name",0,1,"","ele-1:All FHIR elements must have a @value or children {hasValue() or (children().count() > id.count())}
"
"mii-pr-studie-studie","ResearchStudy.objective.type","ResearchStudy.objective.type","","","",0,1,"","","","CodeableConcept {[]} {[]}
","primary | secondary | exploratory","The kind of study objective.","","","","","","","","","",,"preferred","Codes for the kind of study objective.","http://hl7.org/fhir/ValueSet/research-study-objective-type|4.0.1","",,,,"ResearchStudy.objective.type",0,1,"","ele-1:All FHIR elements must have a @value or children {hasValue() or (children().count() > id.count())}
"
"mii-pr-studie-studieneinschluss-anfrage","ServiceRequest","ServiceRequest","","diagnostic request
referralreferral requesttransfer of care request","",0,*,"","","","null {[]} {[]}
","A request for a service to be performed","A record of a request for service such as diagnostic investigations, treatments, or operations to be performed.","","","","","","","","","",,,,,"",,,,"ServiceRequest",0,*,"","dom-2:If the resource is contained in another resource, it SHALL NOT contain nested Resources {contained.contained.empty()}
dom-3:If the resource is contained in another resource, it SHALL be referred to from elsewhere in the resource or SHALL refer to the containing resource {contained.where((('#'+id in (%resource.descendants().reference | %resource.descendants().as(canonical) | %resource.descendants().as(uri) | %resource.descendants().as(url))) or descendants().where(reference = '#').exists() or descendants().where(as(canonical) = '#').exists() or descendants().where(as(canonical) = '#').exists()).not()).trace('unmatched', id).empty()}dom-4:If a resource is contained in another resource, it SHALL NOT have a meta.versionId or a meta.lastUpdated {contained.meta.versionId.empty() and contained.meta.lastUpdated.empty()}dom-5:If a resource is contained in another resource, it SHALL NOT have a security label {contained.meta.security.empty()}dom-6:A resource should have narrative for robust management {text.`div`.exists()}prr-1:orderDetail SHALL only be present if code is present {orderDetail.empty() or code.exists()}"
"mii-pr-studie-studieneinschluss-anfrage","ServiceRequest.id","ServiceRequest.id","","","",0,1,"","","Y","id {[]} {[]}
","Logical id of this artifact","The logical id of the resource, as used in the URL for the resource. Once assigned, this value never changes.","The only time that a resource does not have an id is when it is being submitted to the server using a create operation.","","","","","","","","",,,,,"",,,,"Resource.id",0,1,"",""
"mii-pr-studie-studieneinschluss-anfrage","ServiceRequest.meta","ServiceRequest.meta","","","",0,1,"","","Y","Meta {[]} {[]}
","Metadata about the resource","The metadata about the resource. This is content that is maintained by the infrastructure. Changes to the content might not always be associated with version changes to the resource.","","","","","","","","","",,,,,"",,,,"Resource.meta",0,1,"","ele-1:All FHIR elements must have a @value or children {hasValue() or (children().count() > id.count())}
"
"mii-pr-studie-studieneinschluss-anfrage","ServiceRequest.implicitRules","ServiceRequest.implicitRules","","","",0,1,"","Y","Y","uri {[]} {[]}
","A set of rules under which this content was created","A reference to a set of rules that were followed when the resource was constructed, and which must be understood when processing the content. Often, this is a reference to an implementation guide that defines the special rules along with other profiles etc.","Asserting this rule set restricts the content to be only understood by a limited set of trading partners. This inherently limits the usefulness of the data in the long term. However, the existing health eco-system is highly fractured, and not yet ready to define, collect, and exchange data in a generally computable sense. Wherever possible, implementers and/or specification writers should avoid using this element. Often, when used, the URL is a reference to an implementation guide that defines these special rules as part of it's narrative along with other profiles, value sets, etc.","","","","","","","","",,,,,"",,,,"Resource.implicitRules",0,1,"","ele-1:All FHIR elements must have a @value or children {hasValue() or (children().count() > id.count())}
"
"mii-pr-studie-studieneinschluss-anfrage","ServiceRequest.language","ServiceRequest.language","","","",0,1,"","","","code {[]} {[]}
","Language of the resource content","The base language in which the resource is written.","Language is provided to support indexing and accessibility (typically, services such as text to speech use the language tag). The html language tag in the narrative applies  to the narrative. The language tag on the resource may be used to specify the language of other presentations generated from the data in the resource. Not all the content has to be in the base language. The Resource.language should not be assumed to apply to the narrative automatically. If a language is specified, it should it also be specified on the div element in the html (see rules in HTML5 for information about the relationship between xml:lang and the html lang attribute).","","","","","","","","",,"preferred","A human language.","http://hl7.org/fhir/ValueSet/languages|4.0.1","",,,,"Resource.language",0,1,"","ele-1:All FHIR elements must have a @value or children {hasValue() or (children().count() > id.count())}
"
"mii-pr-studie-studieneinschluss-anfrage","ServiceRequest.text","ServiceRequest.text","","narrative
htmlxhtmldisplay","",0,1,"","","","Narrative {[]} {[]}
","Text summary of the resource, for human interpretation","A human-readable narrative that contains a summary of the resource and can be used to represent the content of the resource to a human. The narrative need not encode all the structured data, but is required to contain sufficient detail to make it ""clinically safe"" for a human to just read the narrative. Resource definitions may define what content should be represented in the narrative to ensure clinical safety.","Contained resources do not have narrative. Resources that are not contained SHOULD have a narrative. In some cases, a resource may only have text with little or no additional discrete data (as long as all minOccurs=1 elements are satisfied).  This may be necessary for data from legacy systems where information is captured as a ""text blob"" or where text is additionally entered raw or narrated and encoded information is added later.","","","","","","","","",,,,,"",,,,"DomainResource.text",0,1,"","ele-1:All FHIR elements must have a @value or children {hasValue() or (children().count() > id.count())}
"
"mii-pr-studie-studieneinschluss-anfrage","ServiceRequest.contained","ServiceRequest.contained","","inline resources
anonymous resourcescontained resources","",0,*,"","","","Resource {[]} {[]}
","Contained, inline Resources","These resources do not have an independent existence apart from the resource that contains them - they cannot be identified independently, and nor can they have their own independent transaction scope.","This should never be done when the content can be identified properly, as once identification is lost, it is extremely difficult (and context dependent) to restore it again. Contained resources may have profiles and tags In their meta elements, but SHALL NOT have security labels.","","","","","","","","",,,,,"",,,,"DomainResource.contained",0,*,"",""
"mii-pr-studie-studieneinschluss-anfrage","ServiceRequest.extension","ServiceRequest.extension","","extensions
user content","",0,*,"","","","Extension {[]} {[]}
","Additional content defined by implementations","May be used to represent additional information that is not part of the basic definition of the resource. To make the use of extensions safe and manageable, there is a strict set of governance  applied to the definition and use of extensions. Though any implementer can define an extension, there is a set of requirements that SHALL be met as part of the definition of the extension.","There can be no stigma associated with the use of extensions by any application, project, or standard - regardless of the institution or jurisdiction that uses or defines the extensions.  The use of extensions is what allows the FHIR specification to retain a core level of simplicity for everyone.","","","","","","","","",,,,,"",,,,"DomainResource.extension",0,*,"","ele-1:All FHIR elements must have a @value or children {hasValue() or (children().count() > id.count())}
ext-1:Must have either extensions or value[x], not both {extension.exists() != value.exists()}"
"mii-pr-studie-studieneinschluss-anfrage","ServiceRequest.modifierExtension","ServiceRequest.modifierExtension","","extensions
user content","",0,*,"","Y","","Extension {[]} {[]}
","Extensions that cannot be ignored","May be used to represent additional information that is not part of the basic definition of the resource and that modifies the understanding of the element that contains it and/or the understanding of the containing element's descendants. Usually modifier elements provide negation or qualification. To make the use of extensions safe and manageable, there is a strict set of governance applied to the definition and use of extensions. Though any implementer is allowed to define an extension, there is a set of requirements that SHALL be met as part of the definition of the extension. Applications processing a resource are required to check for modifier extensions.

Modifier extensions SHALL NOT change the meaning of any elements on Resource or DomainResource (including cannot change the meaning of modifierExtension itself).","There can be no stigma associated with the use of extensions by any application, project, or standard - regardless of the institution or jurisdiction that uses or defines the extensions.  The use of extensions is what allows the FHIR specification to retain a core level of simplicity for everyone.","Modifier extensions allow for extensions that *cannot* be safely ignored to be clearly distinguished from the vast majority of extensions which can be safely ignored.  This promotes interoperability by eliminating the need for implementers to prohibit the presence of extensions. For further information, see the [definition of modifier extensions](http://hl7.org/fhir/R4/extensibility.html#modifierExtension).","","","","","","","",,,,,"",,,,"DomainResource.modifierExtension",0,*,"","ele-1:All FHIR elements must have a @value or children {hasValue() or (children().count() > id.count())}
ext-1:Must have either extensions or value[x], not both {extension.exists() != value.exists()}"
"mii-pr-studie-studieneinschluss-anfrage","ServiceRequest.identifier","ServiceRequest.identifier","","","",0,*,"","","Y","Identifier {[]} {[]}
","Identifiers assigned to this order","Identifiers assigned to this order instance by the orderer and/or the receiver and/or order fulfiller.","The identifier.type element is used to distinguish between the identifiers assigned by the orderer (known as the 'Placer' in HL7 v2) and the producer of the observations in response to the order (known as the 'Filler' in HL7 v2).  For further discussion and examples see the resource notes section below.","","","","","","","","",,,,,"",,,,"ServiceRequest.identifier",0,*,"","ele-1:All FHIR elements must have a @value or children {hasValue() or (children().count() > id.count())}
"
"mii-pr-studie-studieneinschluss-anfrage","ServiceRequest.instantiatesCanonical","ServiceRequest.instantiatesCanonical","","","",0,*,"","","Y","canonical {[]} {[CanonicalType[http://hl7.org/fhir/StructureDefinition/ActivityDefinition|4.0.1], CanonicalType[http://hl7.org/fhir/StructureDefinition/PlanDefinition|4.0.1]]}
","Instantiates FHIR protocol or definition","The URL pointing to a FHIR-defined protocol, guideline, orderset or other definition that is adhered to in whole or in part by this ServiceRequest.","Note: This is a business identifier, not a resource identifier (see [discussion](http://hl7.org/fhir/R4/resource.html#identifiers)).  It is best practice for the identifier to only appear on a single resource instance, however business practices may occasionally dictate that multiple resource instances with the same identifier can exist - possibly even with different resource types.  For example, multiple Patient and a Person resource instance might share the same social insurance number.","","","","","","","","",,,,,"",,,,"ServiceRequest.instantiatesCanonical",0,*,"","ele-1:All FHIR elements must have a @value or children {hasValue() or (children().count() > id.count())}
"
"mii-pr-studie-studieneinschluss-anfrage","ServiceRequest.instantiatesUri","ServiceRequest.instantiatesUri","","","",0,*,"","","Y","uri {[]} {[]}
","Instantiates external protocol or definition","The URL pointing to an externally maintained protocol, guideline, orderset or other definition that is adhered to in whole or in part by this ServiceRequest.","This might be an HTML page, PDF, etc. or could just be a non-resolvable URI identifier.","","","","","","","","",,,,,"",,,,"ServiceRequest.instantiatesUri",0,*,"","ele-1:All FHIR elements must have a @value or children {hasValue() or (children().count() > id.count())}
"
"mii-pr-studie-studieneinschluss-anfrage","ServiceRequest.basedOn","ServiceRequest.basedOn","","fulfills
","",0,*,"","","Y","Reference {[]} {[CanonicalType[http://hl7.org/fhir/StructureDefinition/CarePlan|4.0.1], CanonicalType[http://hl7.org/fhir/StructureDefinition/ServiceRequest|4.0.1], CanonicalType[http://hl7.org/fhir/StructureDefinition/MedicationRequest|4.0.1]]}
","What request fulfills","Plan/proposal/order fulfilled by this request.","","","","","","","","","",,,,,"",,,,"ServiceRequest.basedOn",0,*,"","ele-1:All FHIR elements must have a @value or children {hasValue() or (children().count() > id.count())}
"
"mii-pr-studie-studieneinschluss-anfrage","ServiceRequest.replaces","ServiceRequest.replaces","","supersedes
priorrenewed order","",0,*,"","","Y","Reference {[]} {[CanonicalType[http://hl7.org/fhir/StructureDefinition/ServiceRequest|4.0.1]]}
","What request replaces","The request takes the place of the referenced completed or terminated request(s).","","","","","","","","","",,,,,"",,,,"ServiceRequest.replaces",0,*,"","ele-1:All FHIR elements must have a @value or children {hasValue() or (children().count() > id.count())}
"
"mii-pr-studie-studieneinschluss-anfrage","ServiceRequest.requisition","ServiceRequest.requisition","","grouperId
groupIdentifier","",0,1,"","","Y","Identifier {[]} {[]}
","Composite Request ID","A shared identifier common to all service requests that were authorized more or less simultaneously by a single author, representing the composite or group identifier.","Requests are linked either by a ""basedOn"" relationship (i.e. one request is fulfilling another) or by having a common requisition. Requests that are part of the same requisition are generally treated independently from the perspective of changing their state or maintaining them after initial creation.","Some business processes need to know if multiple items were ordered as part of the same ""requisition"" for billing or other purposes.","","","","","","","",,,,,"",,,,"ServiceRequest.requisition",0,1,"","ele-1:All FHIR elements must have a @value or children {hasValue() or (children().count() > id.count())}
"
"mii-pr-studie-studieneinschluss-anfrage","ServiceRequest.status","ServiceRequest.status","","","",1,1,"Y","Y","Y","code {[]} {[]}
","Entwurf | aktiv | pausiert | widerrufen | abgeschlossen | irrtümlich erstellt | unbekannt","Der Status der Anfrage","The status is generally fully in the control of the requester - they determine whether the order is draft or active and, after it has been activated, competed, cancelled or suspended. States relating to the activities of the performer are reflected on either the corresponding event (see [Event Pattern](http://hl7.org/fhir/R4/event.html) for general discussion) or using the [Task](http://hl7.org/fhir/R4/task.html) resource.","","","","","","","","",,"required","The status of a service order.","http://hl7.org/fhir/ValueSet/request-status|4.0.1","",,,,"ServiceRequest.status",1,1,"","ele-1:All FHIR elements must have a @value or children {hasValue() or (children().count() > id.count())}
"
"mii-pr-studie-studieneinschluss-anfrage","ServiceRequest.intent","ServiceRequest.intent","","","",1,1,"Y","Y","Y","code {[]} {[]}
","Vorschlag | Plan | Direktive | Auftrag | Originalauftrag | Reflexauftrag | Füllerauftrag | Instanzauftrag | Option ","Ob die Anfrage ein Vorschlag, ein Plan, ein Originalauftrag oder ein Reflexauftrag ist.","This element is labeled as a modifier because the intent alters when and how the resource is actually applicable.","","","","","<valueCode xmlns=""http://hl7.org/fhir"" value=""proposal""/>","","","",,"required","The kind of service request.","http://hl7.org/fhir/ValueSet/request-intent|4.0.1","",,,,"ServiceRequest.intent",1,1,"","ele-1:All FHIR elements must have a @value or children {hasValue() or (children().count() > id.count())}
"
"mii-pr-studie-studieneinschluss-anfrage","ServiceRequest.category","ServiceRequest.category","","","",1,*,"Y","","Y","CodeableConcept {[]} {[]}
","Klassifikation des Dienstes.","Ein Code, der den Dienst für Such-, Sortier- und Anzeigezwecke klassifiziert.","There may be multiple axis of categorization depending on the context or use case for retrieving or displaying the resource.  The level of granularity is defined by the category concepts in the value set.","Used for filtering what service request are retrieved and displayed.","","","","<valueCodeableConcept xmlns=""http://hl7.org/fhir"">
  <coding>
    <system value=""http://snomed.info/sct""/>
    <code value=""110465008""/>
    <display value=""Clinical trial (procedure)""/>
  </coding>
</valueCodeableConcept>","","","",,"example","Classification of the requested service.","http://hl7.org/fhir/ValueSet/servicerequest-category|4.0.1","",,,,"ServiceRequest.category",0,*,"","ele-1:All FHIR elements must have a @value or children {hasValue() or (children().count() > id.count())}
"
"mii-pr-studie-studieneinschluss-anfrage","ServiceRequest.priority","ServiceRequest.priority","","","",0,1,"","","Y","code {[]} {[]}
","routine | urgent | asap | stat","Indicates how quickly the ServiceRequest should be addressed with respect to other requests.","","","","If missing, this task should be performed with normal priority","","","","","",,"required","Identifies the level of importance to be assigned to actioning the request.","http://hl7.org/fhir/ValueSet/request-priority|4.0.1","",,,,"ServiceRequest.priority",0,1,"","ele-1:All FHIR elements must have a @value or children {hasValue() or (children().count() > id.count())}
"
"mii-pr-studie-studieneinschluss-anfrage","ServiceRequest.doNotPerform","ServiceRequest.doNotPerform","","","",0,1,"","Y","Y","boolean {[]} {[]}
","True if service/procedure should not be performed","Set this to true if the record is saying that the service/procedure should NOT be performed.","In general, only the code and timeframe will be present, though occasional additional qualifiers such as body site or even performer could be included to narrow the scope of the prohibition.  If the ServiceRequest.code and ServiceRequest.doNotPerform both contain negation, that will reinforce prohibition and should not have a double negative interpretation.","Used for do not ambulate, do not elevate head of bed, do not flush NG tube, do not take blood pressure on a certain arm, etc.","","If missing, the request is a positive request e.g. ""do perform""","","","","","",,,,,"",,,,"ServiceRequest.doNotPerform",0,1,"","ele-1:All FHIR elements must have a @value or children {hasValue() or (children().count() > id.count())}
"
"mii-pr-studie-studieneinschluss-anfrage","ServiceRequest.code","ServiceRequest.code","","service requested
","",1,1,"Y","","Y","CodeableConcept {[]} {[]}
","Was angefordert/bestellt wird.","Ein Code, der einen bestimmten angeforderten Dienst identifiziert.","Many laboratory and radiology procedure codes embed the specimen/organ system in the test order name, for example,  serum or serum/plasma glucose, or a chest x-ray. The specimen might not be recorded separately from the test code.","","","","","<valueCodeableConcept xmlns=""http://hl7.org/fhir"">
  <coding>
    <system value=""http://snomed.info/sct""/>
    <code value=""702475000""/>
    <display value=""Referral to clinical trial (procedure)""/>
  </coding>
</valueCodeableConcept>","","","",,"example","Codes for tests or services that can be carried out by a designated individual, organization or healthcare service.  For laboratory, LOINC is  (preferred)[http://build.fhir.org/terminologies.html#preferred].","http://hl7.org/fhir/ValueSet/procedure-code|4.0.1","",,,,"ServiceRequest.code",0,1,"","ele-1:All FHIR elements must have a @value or children {hasValue() or (children().count() > id.count())}
"
"mii-pr-studie-studieneinschluss-anfrage","ServiceRequest.orderDetail","ServiceRequest.orderDetail","","detailed instructions
","",0,*,"","","Y","CodeableConcept {[]} {[]}
","Additional order information","Additional details and instructions about the how the services are to be delivered.   For example, and order for a urinary catheter may have an order detail for an external or indwelling catheter, or an order for a bandage may require additional instructions specifying how the bandage should be applied.","For information from the medical record intended to support the delivery of the requested services, use the `supportingInformation` element.","","","","","","","","",,"example","Codified order entry details which are based on order context.","http://hl7.org/fhir/ValueSet/servicerequest-orderdetail|4.0.1","",,,,"ServiceRequest.orderDetail",0,*,"prr-1
","ele-1:All FHIR elements must have a @value or children {hasValue() or (children().count() > id.count())}
"
"mii-pr-studie-studieneinschluss-anfrage","ServiceRequest.quantity[x]","ServiceRequest.quantity[x]","","","",0,1,"","","Y","Quantity {[]} {[]}
Ratio {[]} {[]}Range {[]} {[]}","Service amount","An amount of service being requested which can be a quantity ( for example $1,500 home modification), a ratio ( for example, 20 half day visits per month), or a range (2.0 to 1.8 Gy per fraction).","","When ordering a service the number of service items may need to be specified separately from the the service item.","","","","","","","",,,,,"",,,,"ServiceRequest.quantity[x]",0,1,"","ele-1:All FHIR elements must have a @value or children {hasValue() or (children().count() > id.count())}
"
"mii-pr-studie-studieneinschluss-anfrage","ServiceRequest.subject","ServiceRequest.subject","","","",1,1,"Y","","Y","Reference {[]} {[CanonicalType[http://hl7.org/fhir/StructureDefinition/Patient]]}
","Individual or Entity the service is ordered for","On whom or what the service is to be performed. This is usually a human patient, but can also be requested on animals, groups of humans or animals, devices such as dialysis machines, or even locations (typically for environmental scans).","","","","","","","","","",,,,,"",,,,"ServiceRequest.subject",1,1,"","ele-1:All FHIR elements must have a @value or children {hasValue() or (children().count() > id.count())}
"
"mii-pr-studie-studieneinschluss-anfrage","ServiceRequest.encounter","ServiceRequest.encounter","","context
","",0,1,"","","Y","Reference {[]} {[CanonicalType[http://hl7.org/fhir/StructureDefinition/Encounter|4.0.1]]}
","Encounter in which the request was created","An encounter that provides additional information about the healthcare context in which this request is made.","","","","","","","","","",,,,,"",,,,"ServiceRequest.encounter",0,1,"","ele-1:All FHIR elements must have a @value or children {hasValue() or (children().count() > id.count())}
"
"mii-pr-studie-studieneinschluss-anfrage","ServiceRequest.occurrence[x]","ServiceRequest.occurrence[x]","","schedule
","",0,1,"","","Y","dateTime {[]} {[]}
Period {[]} {[]}Timing {[]} {[]}","When service should occur","The date/time at which the requested service should occur.","","","","","","","","","",,,,,"",,,,"ServiceRequest.occurrence[x]",0,1,"","ele-1:All FHIR elements must have a @value or children {hasValue() or (children().count() > id.count())}
"
"mii-pr-studie-studieneinschluss-anfrage","ServiceRequest.asNeeded[x]","ServiceRequest.asNeeded[x]","","","",0,1,"","","Y","boolean {[]} {[]}
CodeableConcept {[]} {[]}","Preconditions for service","If a CodeableConcept is present, it indicates the pre-condition for performing the service.  For example ""pain"", ""on flare-up"", etc.","","","","","","","","","",,"example","A coded concept identifying the pre-condition that should hold prior to performing a procedure.  For example ""pain"", ""on flare-up"", etc.","http://hl7.org/fhir/ValueSet/medication-as-needed-reason|4.0.1","",,,,"ServiceRequest.asNeeded[x]",0,1,"","ele-1:All FHIR elements must have a @value or children {hasValue() or (children().count() > id.count())}
"
"mii-pr-studie-studieneinschluss-anfrage","ServiceRequest.authoredOn","ServiceRequest.authoredOn","","orderedOn
","",0,1,"","","Y","dateTime {[]} {[]}
","Date request signed","When the request transitioned to being actionable.","","","","","","","","","",,,,,"",,,,"ServiceRequest.authoredOn",0,1,"","ele-1:All FHIR elements must have a @value or children {hasValue() or (children().count() > id.count())}
"
"mii-pr-studie-studieneinschluss-anfrage","ServiceRequest.requester","ServiceRequest.requester","","author
orderer","",0,1,"","","Y","Reference {[]} {[CanonicalType[http://hl7.org/fhir/StructureDefinition/Practitioner|4.0.1], CanonicalType[http://hl7.org/fhir/StructureDefinition/PractitionerRole|4.0.1], CanonicalType[http://hl7.org/fhir/StructureDefinition/Organization|4.0.1], CanonicalType[http://hl7.org/fhir/StructureDefinition/Patient|4.0.1], CanonicalType[http://hl7.org/fhir/StructureDefinition/RelatedPerson|4.0.1], CanonicalType[http://hl7.org/fhir/StructureDefinition/Device|4.0.1]]}
","Who/what is requesting service","The individual who initiated the request and has responsibility for its activation.","This not the dispatcher, but rather who is the authorizer.  This element is not intended to handle delegation which would generally be managed through the Provenance resource.","","","","","","","","",,,,,"",,,,"ServiceRequest.requester",0,1,"","ele-1:All FHIR elements must have a @value or children {hasValue() or (children().count() > id.count())}
"
"mii-pr-studie-studieneinschluss-anfrage","ServiceRequest.performerType","ServiceRequest.performerType","","specialty
","",0,1,"","","Y","CodeableConcept {[]} {[]}
","Performer role","Desired type of performer for doing the requested service.","This is a  role, not  a participation type.  In other words, does not describe the task but describes the capacity.  For example, “compounding pharmacy”, “psychiatrist” or “internal referral”.","","","","","","","","",,"example","Indicates specific responsibility of an individual within the care team, such as ""Primary physician"", ""Team coordinator"", ""Caregiver"", etc.","http://hl7.org/fhir/ValueSet/participant-role|4.0.1","",,,,"ServiceRequest.performerType",0,1,"","ele-1:All FHIR elements must have a @value or children {hasValue() or (children().count() > id.count())}
"
"mii-pr-studie-studieneinschluss-anfrage","ServiceRequest.performer","ServiceRequest.performer","","request recipient
","",0,*,"","","Y","Reference {[]} {[CanonicalType[http://hl7.org/fhir/StructureDefinition/Practitioner|4.0.1], CanonicalType[http://hl7.org/fhir/StructureDefinition/PractitionerRole|4.0.1], CanonicalType[http://hl7.org/fhir/StructureDefinition/Organization|4.0.1], CanonicalType[http://hl7.org/fhir/StructureDefinition/CareTeam|4.0.1], CanonicalType[http://hl7.org/fhir/StructureDefinition/HealthcareService|4.0.1], CanonicalType[http://hl7.org/fhir/StructureDefinition/Patient|4.0.1], CanonicalType[http://hl7.org/fhir/StructureDefinition/Device|4.0.1], CanonicalType[http://hl7.org/fhir/StructureDefinition/RelatedPerson|4.0.1]]}
","Requested performer","The desired performer for doing the requested service.  For example, the surgeon, dermatopathologist, endoscopist, etc.","If multiple performers are present, it is interpreted as a list of *alternative* performers without any preference regardless of order.  If order of preference is needed use the [request-performerOrder extension](http://hl7.org/fhir/R4/extension-request-performerorder.html).  Use CareTeam to represent a group of performers (for example, Practitioner A *and* Practitioner B).","","","","","","","","",,,,,"",,,,"ServiceRequest.performer",0,*,"","ele-1:All FHIR elements must have a @value or children {hasValue() or (children().count() > id.count())}
"
"mii-pr-studie-studieneinschluss-anfrage","ServiceRequest.locationCode","ServiceRequest.locationCode","","","",0,*,"","","Y","CodeableConcept {[]} {[]}
","Requested location","The preferred location(s) where the procedure should actually happen in coded or free text form. E.g. at home or nursing day care center.","","","","","","","","","",,"example","A location type where services are delivered.","http://terminology.hl7.org/ValueSet/v3-ServiceDeliveryLocationRoleType","",,,,"ServiceRequest.locationCode",0,*,"","ele-1:All FHIR elements must have a @value or children {hasValue() or (children().count() > id.count())}
"
"mii-pr-studie-studieneinschluss-anfrage","ServiceRequest.locationReference","ServiceRequest.locationReference","","","",0,*,"","","Y","Reference {[]} {[CanonicalType[http://hl7.org/fhir/StructureDefinition/Location|4.0.1]]}
","Requested location","A reference to the the preferred location(s) where the procedure should actually happen. E.g. at home or nursing day care center.","","","","","","","","","",,,,,"",,,,"ServiceRequest.locationReference",0,*,"","ele-1:All FHIR elements must have a @value or children {hasValue() or (children().count() > id.count())}
"
"mii-pr-studie-studieneinschluss-anfrage","ServiceRequest.reasonCode","ServiceRequest.reasonCode","","","",0,*,"","","Y","CodeableConcept {[]} {[]}
","Explanation/Justification for procedure or service","An explanation or justification for why this service is being requested in coded or textual form.   This is often for billing purposes.  May relate to the resources referred to in `supportingInfo`.","This element represents why the referral is being made and may be used to decide how the service will be performed, or even if it will be performed at all.   Use `CodeableConcept.text` element if the data is free (uncoded) text as shown in the [CT Scan example](http://hl7.org/fhir/R4/servicerequest-example-di.html).","","","","","","","","",,"example","Diagnosis or problem codes justifying the reason for requesting the service investigation.","http://hl7.org/fhir/ValueSet/procedure-reason|4.0.1","",,,,"ServiceRequest.reasonCode",0,*,"","ele-1:All FHIR elements must have a @value or children {hasValue() or (children().count() > id.count())}
"
"mii-pr-studie-studieneinschluss-anfrage","ServiceRequest.reasonReference","ServiceRequest.reasonReference","","","",0,*,"","","Y","Reference {[]} {[CanonicalType[http://hl7.org/fhir/StructureDefinition/Condition|4.0.1], CanonicalType[http://hl7.org/fhir/StructureDefinition/Observation|4.0.1], CanonicalType[http://hl7.org/fhir/StructureDefinition/DiagnosticReport|4.0.1], CanonicalType[http://hl7.org/fhir/StructureDefinition/DocumentReference|4.0.1]]}
","Erklärung/Begründung für Dienst oder Leistung.","Gibt eine andere Ressource an, die eine Begründung dafür liefert, warum dieser Dienst angefordert wird. Kann sich auf die in supportingInfo genannten Ressourcen beziehen.","This element represents why the referral is being made and may be used to decide how the service will be performed, or even if it will be performed at all.    To be as specific as possible,  a reference to  *Observation* or *Condition* should be used if available.  Otherwise when referencing  *DiagnosticReport*  it should contain a finding  in `DiagnosticReport.conclusion` and/or `DiagnosticReport.conclusionCode`.   When using a reference to *DocumentReference*, the target document should contain clear findings language providing the relevant reason for this service request.  Use  the CodeableConcept text element in `ServiceRequest.reasonCode` if the data is free (uncoded) text as shown in the [CT Scan example](http://hl7.org/fhir/R4/servicerequest-example-di.html).","","","","","","","","",,,,,"",,,,"ServiceRequest.reasonReference",0,*,"","ele-1:All FHIR elements must have a @value or children {hasValue() or (children().count() > id.count())}
"
"mii-pr-studie-studieneinschluss-anfrage","ServiceRequest.insurance","ServiceRequest.insurance","","","",0,*,"","","","Reference {[]} {[CanonicalType[http://hl7.org/fhir/StructureDefinition/Coverage|4.0.1], CanonicalType[http://hl7.org/fhir/StructureDefinition/ClaimResponse|4.0.1]]}
","Associated insurance coverage","Insurance plans, coverage extensions, pre-authorizations and/or pre-determinations that may be needed for delivering the requested service.","","","","","","","","","",,,,,"",,,,"ServiceRequest.insurance",0,*,"","ele-1:All FHIR elements must have a @value or children {hasValue() or (children().count() > id.count())}
"
"mii-pr-studie-studieneinschluss-anfrage","ServiceRequest.supportingInfo","ServiceRequest.supportingInfo","","Ask at order entry question
AOE","",0,*,"Y","","","Reference {[]} {[CanonicalType[http://hl7.org/fhir/StructureDefinition/Resource|4.0.1]]}
","Zusätzliche klinische Informationen","Zusätzliche klinische Informationen über den Patienten oder die Probe, die die Dienstleistungen oder deren Interpretationen beeinflussen können.","To represent information about how the services are to be delivered use the `instructions` element.","","","","","","","","",,,,,"","profile:$this.resolve()}
","",,"open","ServiceRequest.supportingInfo",0,*,"","ele-1:All FHIR elements must have a @value or children {hasValue() or (children().count() > id.count())}
"
"mii-pr-studie-studieneinschluss-anfrage","ServiceRequest.supportingInfo:Studie","ServiceRequest.supportingInfo","Studie","Ask at order entry question
AOE","",0,*,"Y","","","Reference {[]} {[CanonicalType[https://www.medizininformatik-initiative.de/fhir/modul-studie/StructureDefinition/mii-pr-studie-studie], CanonicalType[http://hl7.org/fhir/StructureDefinition/ResearchStudy]]}
","Additional clinical information","Additional clinical information about the patient or specimen that may influence the services or their interpretations.     This information includes diagnosis, clinical findings and other observations.  In laboratory ordering these are typically referred to as ""ask at order entry questions (AOEs)"".  This includes observations explicitly requested by the producer (filler) to provide context or supporting information needed to complete the order. For example,  reporting the amount of inspired oxygen for blood gas measurements.","To represent information about how the services are to be delivered use the `instructions` element.","","","","","","","","",,,,,"",,,,"ServiceRequest.supportingInfo",0,*,"","ele-1:All FHIR elements must have a @value or children {hasValue() or (children().count() > id.count())}
"
"mii-pr-studie-studieneinschluss-anfrage","ServiceRequest.supportingInfo:Proband","ServiceRequest.supportingInfo","Proband","Ask at order entry question
AOE","",0,1,"Y","","","Reference {[]} {[CanonicalType[https://www.medizininformatik-initiative.de/fhir/modul-studie/StructureDefinition/mii-pr-studie-proband], CanonicalType[http://hl7.org/fhir/StructureDefinition/ResearchSubject]]}
","Additional clinical information","Additional clinical information about the patient or specimen that may influence the services or their interpretations.     This information includes diagnosis, clinical findings and other observations.  In laboratory ordering these are typically referred to as ""ask at order entry questions (AOEs)"".  This includes observations explicitly requested by the producer (filler) to provide context or supporting information needed to complete the order. For example,  reporting the amount of inspired oxygen for blood gas measurements.","To represent information about how the services are to be delivered use the `instructions` element.","","","","","","","","",,,,,"",,,,"ServiceRequest.supportingInfo",0,*,"","ele-1:All FHIR elements must have a @value or children {hasValue() or (children().count() > id.count())}
"
"mii-pr-studie-studieneinschluss-anfrage","ServiceRequest.specimen","ServiceRequest.specimen","","","",0,*,"","","Y","Reference {[]} {[CanonicalType[http://hl7.org/fhir/StructureDefinition/Specimen|4.0.1]]}
","Procedure Samples","One or more specimens that the laboratory procedure will use.","Many diagnostic procedures need a specimen, but the request itself is not actually about the specimen. This element is for when the diagnostic is requested on already existing specimens and the request points to the specimen it applies to.    Conversely, if the request is entered first with an unknown specimen, then the [Specimen](http://hl7.org/fhir/R4/specimen.html) resource points to the ServiceRequest.","","","","","","","","",,,,,"",,,,"ServiceRequest.specimen",0,*,"","ele-1:All FHIR elements must have a @value or children {hasValue() or (children().count() > id.count())}
"
"mii-pr-studie-studieneinschluss-anfrage","ServiceRequest.bodySite","ServiceRequest.bodySite","","location
","",0,*,"","","Y","CodeableConcept {[]} {[]}
","Location on Body","Anatomic location where the procedure should be performed. This is the target site.","Only used if not implicit in the code found in ServiceRequest.code.  If the use case requires BodySite to be handled as a separate resource instead of an inline coded element (e.g. to identify and track separately)  then use the standard extension [procedure-targetBodyStructure](http://hl7.org/fhir/R4/extension-procedure-targetbodystructure.html).","Knowing where the procedure is performed is important for tracking if multiple sites are possible.","","","","","","","",,"example","Codes describing anatomical locations. May include laterality.","http://hl7.org/fhir/ValueSet/body-site|4.0.1","",,,,"ServiceRequest.bodySite",0,*,"","ele-1:All FHIR elements must have a @value or children {hasValue() or (children().count() > id.count())}
"
"mii-pr-studie-studieneinschluss-anfrage","ServiceRequest.note","ServiceRequest.note","","","",0,*,"","","","Annotation {[]} {[]}
","Comments","Any other notes and comments made about the service request. For example, internal billing notes.","","","","","","","","","",,,,,"",,,,"ServiceRequest.note",0,*,"","ele-1:All FHIR elements must have a @value or children {hasValue() or (children().count() > id.count())}
"
"mii-pr-studie-studieneinschluss-anfrage","ServiceRequest.patientInstruction","ServiceRequest.patientInstruction","","","",0,1,"","","Y","string {[]} {[]}
","Patient or consumer-oriented instructions","Instructions in terms that are understood by the patient or consumer.","","","","","","","","","",,,,,"",,,,"ServiceRequest.patientInstruction",0,1,"","ele-1:All FHIR elements must have a @value or children {hasValue() or (children().count() > id.count())}
"
"mii-pr-studie-studieneinschluss-anfrage","ServiceRequest.relevantHistory","ServiceRequest.relevantHistory","","","",0,*,"","","","Reference {[]} {[CanonicalType[http://hl7.org/fhir/StructureDefinition/Provenance|4.0.1]]}
","Request provenance","Key events in the history of the request.","This might not include provenances for all versions of the request – only those deemed “relevant” or important.This SHALL NOT include the Provenance associated with this current version of the resource.  (If that provenance is deemed to be a “relevant” change, it will need to be added as part of a later update.  Until then, it can be queried directly as the Provenance that points to this version using _revincludeAll Provenances should have some historical version of this Request as their subject.","","","","","","","","",,,,,"",,,,"ServiceRequest.relevantHistory",0,*,"","ele-1:All FHIR elements must have a @value or children {hasValue() or (children().count() > id.count())}
"
