"Id","Path","Slice Name","Alias(s)","Label","Min","Max","Must Support?","Is Modifier?","Is Summary?","Type(s)","Short","Definition","Comments","Requirements","Default Value","Meaning When Missing","Fixed Value","Pattern","Example","Minimum Value","Maximum Value","Maximum Length","Binding Strength","Binding Description","Binding Value Set","Code","Slicing Discriminator","Slicing Description","Slicing Ordered","Slicing Rules","Base Path","Base Min","Base Max","Condition(s)","Constraint(s)"
"mii-lm-studie-logicalmodel","mii-lm-studie-logicalmodel","","","",0,*,"","","","null {[]} {[]}
","MII LM Studie LogicalModel","Logische Repräsentation der Forschungsvorhaben","","","","","","","","","",,,,,"",,,,"Element",0,*,"ele-1
","ele-1:All FHIR elements must have a @value or children {hasValue() or (children().count() > id.count())}
"
"mii-lm-studie-logicalmodel.id","mii-lm-studie-logicalmodel.id","","","",0,1,"","","","string {[]} {[]}
","Unique id for inter-element referencing","Unique id for the element within a resource (for internal references). This may be any string value that does not contain spaces.","","","","","","","","","",,,,,"",,,,"Element.id",0,1,"",""
"mii-lm-studie-logicalmodel.extension","mii-lm-studie-logicalmodel.extension","","extensions
user content","",0,*,"","","","Extension {[]} {[]}
","Additional content defined by implementations","May be used to represent additional information that is not part of the basic definition of the element. To make the use of extensions safe and manageable, there is a strict set of governance  applied to the definition and use of extensions. Though any implementer can define an extension, there is a set of requirements that SHALL be met as part of the definition of the extension.","There can be no stigma associated with the use of extensions by any application, project, or standard - regardless of the institution or jurisdiction that uses or defines the extensions.  The use of extensions is what allows the FHIR specification to retain a core level of simplicity for everyone.","","","","","","","","",,,,,"","value:url}
","Extensions are always sliced by (at least) url",,"open","Element.extension",0,*,"","ele-1:All FHIR elements must have a @value or children {hasValue() or (children().count() > id.count())}
ext-1:Must have either extensions or value[x], not both {extension.exists() != value.exists()}"
"mii-lm-studie-logicalmodel.BusinessID","mii-lm-studie-logicalmodel.BusinessID","","","",0,*,"","","","BackboneElement {[]} {[]}
","BusinessID eines Forschungsvorhabens","BusinessID eines Forschungsvorhabens","","","","","","","","","",,,,,"",,,,"mii-lm-studie-logicalmodel.BusinessID",0,*,"","ele-1:All FHIR elements must have a @value or children {hasValue() or (children().count() > id.count())}
"
"mii-lm-studie-logicalmodel.BusinessID.id","mii-lm-studie-logicalmodel.BusinessID.id","","","",0,1,"","","","string {[]} {[]}
","Unique id for inter-element referencing","Unique id for the element within a resource (for internal references). This may be any string value that does not contain spaces.","","","","","","","","","",,,,,"",,,,"Element.id",0,1,"",""
"mii-lm-studie-logicalmodel.BusinessID.extension","mii-lm-studie-logicalmodel.BusinessID.extension","","extensions
user content","",0,*,"","","","Extension {[]} {[]}
","Additional content defined by implementations","May be used to represent additional information that is not part of the basic definition of the element. To make the use of extensions safe and manageable, there is a strict set of governance  applied to the definition and use of extensions. Though any implementer can define an extension, there is a set of requirements that SHALL be met as part of the definition of the extension.","There can be no stigma associated with the use of extensions by any application, project, or standard - regardless of the institution or jurisdiction that uses or defines the extensions.  The use of extensions is what allows the FHIR specification to retain a core level of simplicity for everyone.","","","","","","","","",,,,,"","value:url}
","Extensions are always sliced by (at least) url",,"open","Element.extension",0,*,"","ele-1:All FHIR elements must have a @value or children {hasValue() or (children().count() > id.count())}
ext-1:Must have either extensions or value[x], not both {extension.exists() != value.exists()}"
"mii-lm-studie-logicalmodel.BusinessID.modifierExtension","mii-lm-studie-logicalmodel.BusinessID.modifierExtension","","extensions
user contentmodifiers","",0,*,"","Y","Y","Extension {[]} {[]}
","Extensions that cannot be ignored even if unrecognized","May be used to represent additional information that is not part of the basic definition of the element and that modifies the understanding of the element in which it is contained and/or the understanding of the containing element's descendants. Usually modifier elements provide negation or qualification. To make the use of extensions safe and manageable, there is a strict set of governance applied to the definition and use of extensions. Though any implementer can define an extension, there is a set of requirements that SHALL be met as part of the definition of the extension. Applications processing a resource are required to check for modifier extensions.

Modifier extensions SHALL NOT change the meaning of any elements on Resource or DomainResource (including cannot change the meaning of modifierExtension itself).","There can be no stigma associated with the use of extensions by any application, project, or standard - regardless of the institution or jurisdiction that uses or defines the extensions.  The use of extensions is what allows the FHIR specification to retain a core level of simplicity for everyone.","Modifier extensions allow for extensions that *cannot* be safely ignored to be clearly distinguished from the vast majority of extensions which can be safely ignored.  This promotes interoperability by eliminating the need for implementers to prohibit the presence of extensions. For further information, see the [definition of modifier extensions](http://hl7.org/fhir/R4/extensibility.html#modifierExtension).","","","","","","","",,,,,"",,,,"BackboneElement.modifierExtension",0,*,"","ele-1:All FHIR elements must have a @value or children {hasValue() or (children().count() > id.count())}
ext-1:Must have either extensions or value[x], not both {extension.exists() != value.exists()}"
"mii-lm-studie-logicalmodel.BusinessID.identifier","mii-lm-studie-logicalmodel.BusinessID.identifier","","","",0,*,"","","","Identifier {[]} {[]}
","Identifier einer BusinessID","Identifier einer BusinessID","","","","","","","","","",,,,,"",,,,"mii-lm-studie-logicalmodel.BusinessID.identifier",0,*,"",""
"mii-lm-studie-logicalmodel.BusinessID.System","mii-lm-studie-logicalmodel.BusinessID.System","","","",0,*,"","","","string {[]} {[]}
","System einer BusinessID","System einer BusinessID","","","","","","","","","",,,,,"",,,,"mii-lm-studie-logicalmodel.BusinessID.System",0,*,"",""
"mii-lm-studie-logicalmodel.Titel","mii-lm-studie-logicalmodel.Titel","","","",0,*,"","","","BackboneElement {[]} {[]}
","Titel eines Forschungsvorhabens","Titel eines Forschungsvorhabens","","","","","","","","","",,,,,"",,,,"mii-lm-studie-logicalmodel.Titel",0,*,"","ele-1:All FHIR elements must have a @value or children {hasValue() or (children().count() > id.count())}
"
"mii-lm-studie-logicalmodel.Titel.id","mii-lm-studie-logicalmodel.Titel.id","","","",0,1,"","","","string {[]} {[]}
","Unique id for inter-element referencing","Unique id for the element within a resource (for internal references). This may be any string value that does not contain spaces.","","","","","","","","","",,,,,"",,,,"Element.id",0,1,"",""
"mii-lm-studie-logicalmodel.Titel.extension","mii-lm-studie-logicalmodel.Titel.extension","","extensions
user content","",0,*,"","","","Extension {[]} {[]}
","Additional content defined by implementations","May be used to represent additional information that is not part of the basic definition of the element. To make the use of extensions safe and manageable, there is a strict set of governance  applied to the definition and use of extensions. Though any implementer can define an extension, there is a set of requirements that SHALL be met as part of the definition of the extension.","There can be no stigma associated with the use of extensions by any application, project, or standard - regardless of the institution or jurisdiction that uses or defines the extensions.  The use of extensions is what allows the FHIR specification to retain a core level of simplicity for everyone.","","","","","","","","",,,,,"","value:url}
","Extensions are always sliced by (at least) url",,"open","Element.extension",0,*,"","ele-1:All FHIR elements must have a @value or children {hasValue() or (children().count() > id.count())}
ext-1:Must have either extensions or value[x], not both {extension.exists() != value.exists()}"
"mii-lm-studie-logicalmodel.Titel.modifierExtension","mii-lm-studie-logicalmodel.Titel.modifierExtension","","extensions
user contentmodifiers","",0,*,"","Y","Y","Extension {[]} {[]}
","Extensions that cannot be ignored even if unrecognized","May be used to represent additional information that is not part of the basic definition of the element and that modifies the understanding of the element in which it is contained and/or the understanding of the containing element's descendants. Usually modifier elements provide negation or qualification. To make the use of extensions safe and manageable, there is a strict set of governance applied to the definition and use of extensions. Though any implementer can define an extension, there is a set of requirements that SHALL be met as part of the definition of the extension. Applications processing a resource are required to check for modifier extensions.

Modifier extensions SHALL NOT change the meaning of any elements on Resource or DomainResource (including cannot change the meaning of modifierExtension itself).","There can be no stigma associated with the use of extensions by any application, project, or standard - regardless of the institution or jurisdiction that uses or defines the extensions.  The use of extensions is what allows the FHIR specification to retain a core level of simplicity for everyone.","Modifier extensions allow for extensions that *cannot* be safely ignored to be clearly distinguished from the vast majority of extensions which can be safely ignored.  This promotes interoperability by eliminating the need for implementers to prohibit the presence of extensions. For further information, see the [definition of modifier extensions](http://hl7.org/fhir/R4/extensibility.html#modifierExtension).","","","","","","","",,,,,"",,,,"BackboneElement.modifierExtension",0,*,"","ele-1:All FHIR elements must have a @value or children {hasValue() or (children().count() > id.count())}
ext-1:Must have either extensions or value[x], not both {extension.exists() != value.exists()}"
"mii-lm-studie-logicalmodel.Titel.OeffentlicherTitel","mii-lm-studie-logicalmodel.Titel.OeffentlicherTitel","","","",0,*,"","","","string {[]} {[]}
","Öffentlich sichtbarer Titel","Öffentlich sichtbarer Titel","","","","","","","","","",,,,,"",,,,"mii-lm-studie-logicalmodel.Titel.OeffentlicherTitel",0,*,"",""
"mii-lm-studie-logicalmodel.Titel.WissenschaftlicherTitel","mii-lm-studie-logicalmodel.Titel.WissenschaftlicherTitel","","","",0,*,"","","","string {[]} {[]}
","Wissenschaftlicher Titel","Wissenschaftlicher Titel","","","","","","","","","",,,,,"",,,,"mii-lm-studie-logicalmodel.Titel.WissenschaftlicherTitel",0,*,"",""
"mii-lm-studie-logicalmodel.Titel.Akronym","mii-lm-studie-logicalmodel.Titel.Akronym","","","",0,*,"","","","string {[]} {[]}
","Akronym des Titels","Akronym des Titels","","","","","","","","","",,,,,"",,,,"mii-lm-studie-logicalmodel.Titel.Akronym",0,*,"",""
"mii-lm-studie-logicalmodel.Einwilligung","mii-lm-studie-logicalmodel.Einwilligung","","","",0,*,"","","","Reference {[]} {[]}
","Einwilligung eines Forschungsvorhabens","Einwilligung eines Forschungsvorhabens","","","","","","","","","",,,,,"",,,,"mii-lm-studie-logicalmodel.Einwilligung",0,*,"",""
"mii-lm-studie-logicalmodel.Kontakt","mii-lm-studie-logicalmodel.Kontakt","","","",0,*,"","","","BackboneElement {[]} {[]}
","Kontakt eines Forschungsvorhabens","Kontakt eines Forschungsvorhabens","","","","","","","","","",,,,,"",,,,"mii-lm-studie-logicalmodel.Kontakt",0,*,"","ele-1:All FHIR elements must have a @value or children {hasValue() or (children().count() > id.count())}
"
"mii-lm-studie-logicalmodel.Kontakt.id","mii-lm-studie-logicalmodel.Kontakt.id","","","",0,1,"","","","string {[]} {[]}
","Unique id for inter-element referencing","Unique id for the element within a resource (for internal references). This may be any string value that does not contain spaces.","","","","","","","","","",,,,,"",,,,"Element.id",0,1,"",""
"mii-lm-studie-logicalmodel.Kontakt.extension","mii-lm-studie-logicalmodel.Kontakt.extension","","extensions
user content","",0,*,"","","","Extension {[]} {[]}
","Additional content defined by implementations","May be used to represent additional information that is not part of the basic definition of the element. To make the use of extensions safe and manageable, there is a strict set of governance  applied to the definition and use of extensions. Though any implementer can define an extension, there is a set of requirements that SHALL be met as part of the definition of the extension.","There can be no stigma associated with the use of extensions by any application, project, or standard - regardless of the institution or jurisdiction that uses or defines the extensions.  The use of extensions is what allows the FHIR specification to retain a core level of simplicity for everyone.","","","","","","","","",,,,,"","value:url}
","Extensions are always sliced by (at least) url",,"open","Element.extension",0,*,"","ele-1:All FHIR elements must have a @value or children {hasValue() or (children().count() > id.count())}
ext-1:Must have either extensions or value[x], not both {extension.exists() != value.exists()}"
"mii-lm-studie-logicalmodel.Kontakt.modifierExtension","mii-lm-studie-logicalmodel.Kontakt.modifierExtension","","extensions
user contentmodifiers","",0,*,"","Y","Y","Extension {[]} {[]}
","Extensions that cannot be ignored even if unrecognized","May be used to represent additional information that is not part of the basic definition of the element and that modifies the understanding of the element in which it is contained and/or the understanding of the containing element's descendants. Usually modifier elements provide negation or qualification. To make the use of extensions safe and manageable, there is a strict set of governance applied to the definition and use of extensions. Though any implementer can define an extension, there is a set of requirements that SHALL be met as part of the definition of the extension. Applications processing a resource are required to check for modifier extensions.

Modifier extensions SHALL NOT change the meaning of any elements on Resource or DomainResource (including cannot change the meaning of modifierExtension itself).","There can be no stigma associated with the use of extensions by any application, project, or standard - regardless of the institution or jurisdiction that uses or defines the extensions.  The use of extensions is what allows the FHIR specification to retain a core level of simplicity for everyone.","Modifier extensions allow for extensions that *cannot* be safely ignored to be clearly distinguished from the vast majority of extensions which can be safely ignored.  This promotes interoperability by eliminating the need for implementers to prohibit the presence of extensions. For further information, see the [definition of modifier extensions](http://hl7.org/fhir/R4/extensibility.html#modifierExtension).","","","","","","","",,,,,"",,,,"BackboneElement.modifierExtension",0,*,"","ele-1:All FHIR elements must have a @value or children {hasValue() or (children().count() > id.count())}
ext-1:Must have either extensions or value[x], not both {extension.exists() != value.exists()}"
"mii-lm-studie-logicalmodel.Kontakt.Titel","mii-lm-studie-logicalmodel.Kontakt.Titel","","","",0,*,"","","","string {[]} {[]}
","Titel eines Kontakts","Titel eines Kontakts","","","","","","","","","",,,,,"",,,,"mii-lm-studie-logicalmodel.Kontakt.Titel",0,*,"",""
"mii-lm-studie-logicalmodel.Kontakt.Vorname","mii-lm-studie-logicalmodel.Kontakt.Vorname","","","",0,*,"","","","string {[]} {[]}
","Vorname eines Kontakts","Vorname eines Kontakts","","","","","","","","","",,,,,"",,,,"mii-lm-studie-logicalmodel.Kontakt.Vorname",0,*,"",""
"mii-lm-studie-logicalmodel.Kontakt.Nachname","mii-lm-studie-logicalmodel.Kontakt.Nachname","","","",0,*,"","","","string {[]} {[]}
","Nachname eines Kontakts","Nachname eines Kontakts","","","","","","","","","",,,,,"",,,,"mii-lm-studie-logicalmodel.Kontakt.Nachname",0,*,"",""
"mii-lm-studie-logicalmodel.Kontakt.Adresse","mii-lm-studie-logicalmodel.Kontakt.Adresse","","","",0,*,"","","","BackboneElement {[]} {[]}
","Adresse eines Kontakts","Adresse eines Kontakts","","","","","","","","","",,,,,"",,,,"mii-lm-studie-logicalmodel.Kontakt.Adresse",0,*,"","ele-1:All FHIR elements must have a @value or children {hasValue() or (children().count() > id.count())}
"
"mii-lm-studie-logicalmodel.Kontakt.Adresse.id","mii-lm-studie-logicalmodel.Kontakt.Adresse.id","","","",0,1,"","","","string {[]} {[]}
","Unique id for inter-element referencing","Unique id for the element within a resource (for internal references). This may be any string value that does not contain spaces.","","","","","","","","","",,,,,"",,,,"Element.id",0,1,"",""
"mii-lm-studie-logicalmodel.Kontakt.Adresse.extension","mii-lm-studie-logicalmodel.Kontakt.Adresse.extension","","extensions
user content","",0,*,"","","","Extension {[]} {[]}
","Additional content defined by implementations","May be used to represent additional information that is not part of the basic definition of the element. To make the use of extensions safe and manageable, there is a strict set of governance  applied to the definition and use of extensions. Though any implementer can define an extension, there is a set of requirements that SHALL be met as part of the definition of the extension.","There can be no stigma associated with the use of extensions by any application, project, or standard - regardless of the institution or jurisdiction that uses or defines the extensions.  The use of extensions is what allows the FHIR specification to retain a core level of simplicity for everyone.","","","","","","","","",,,,,"","value:url}
","Extensions are always sliced by (at least) url",,"open","Element.extension",0,*,"","ele-1:All FHIR elements must have a @value or children {hasValue() or (children().count() > id.count())}
ext-1:Must have either extensions or value[x], not both {extension.exists() != value.exists()}"
"mii-lm-studie-logicalmodel.Kontakt.Adresse.modifierExtension","mii-lm-studie-logicalmodel.Kontakt.Adresse.modifierExtension","","extensions
user contentmodifiers","",0,*,"","Y","Y","Extension {[]} {[]}
","Extensions that cannot be ignored even if unrecognized","May be used to represent additional information that is not part of the basic definition of the element and that modifies the understanding of the element in which it is contained and/or the understanding of the containing element's descendants. Usually modifier elements provide negation or qualification. To make the use of extensions safe and manageable, there is a strict set of governance applied to the definition and use of extensions. Though any implementer can define an extension, there is a set of requirements that SHALL be met as part of the definition of the extension. Applications processing a resource are required to check for modifier extensions.

Modifier extensions SHALL NOT change the meaning of any elements on Resource or DomainResource (including cannot change the meaning of modifierExtension itself).","There can be no stigma associated with the use of extensions by any application, project, or standard - regardless of the institution or jurisdiction that uses or defines the extensions.  The use of extensions is what allows the FHIR specification to retain a core level of simplicity for everyone.","Modifier extensions allow for extensions that *cannot* be safely ignored to be clearly distinguished from the vast majority of extensions which can be safely ignored.  This promotes interoperability by eliminating the need for implementers to prohibit the presence of extensions. For further information, see the [definition of modifier extensions](http://hl7.org/fhir/R4/extensibility.html#modifierExtension).","","","","","","","",,,,,"",,,,"BackboneElement.modifierExtension",0,*,"","ele-1:All FHIR elements must have a @value or children {hasValue() or (children().count() > id.count())}
ext-1:Must have either extensions or value[x], not both {extension.exists() != value.exists()}"
"mii-lm-studie-logicalmodel.Kontakt.Adresse.Strasse","mii-lm-studie-logicalmodel.Kontakt.Adresse.Strasse","","","",0,*,"","","","string {[]} {[]}
","Strasse einer Adresse","Strasse einer Adresse","","","","","","","","","",,,,,"",,,,"mii-lm-studie-logicalmodel.Kontakt.Adresse.Strasse",0,*,"",""
"mii-lm-studie-logicalmodel.Kontakt.Adresse.Hausnummer","mii-lm-studie-logicalmodel.Kontakt.Adresse.Hausnummer","","","",0,*,"","","","string {[]} {[]}
","Hausnummer einer Adresse","Hausnummer einer Adresse","","","","","","","","","",,,,,"",,,,"mii-lm-studie-logicalmodel.Kontakt.Adresse.Hausnummer",0,*,"",""
"mii-lm-studie-logicalmodel.Kontakt.Adresse.PLZ","mii-lm-studie-logicalmodel.Kontakt.Adresse.PLZ","","","",0,*,"","","","string {[]} {[]}
","PLZ einer Adresse","PLZ einer Adresse","","","","","","","","","",,,,,"",,,,"mii-lm-studie-logicalmodel.Kontakt.Adresse.PLZ",0,*,"",""
"mii-lm-studie-logicalmodel.Kontakt.Adresse.Wohnort","mii-lm-studie-logicalmodel.Kontakt.Adresse.Wohnort","","","",0,*,"","","","string {[]} {[]}
","Wohnort einer Adresse","Wohnort einer Adresse","","","","","","","","","",,,,,"",,,,"mii-lm-studie-logicalmodel.Kontakt.Adresse.Wohnort",0,*,"",""
"mii-lm-studie-logicalmodel.Kontakt.Adresse.Land","mii-lm-studie-logicalmodel.Kontakt.Adresse.Land","","","",0,*,"","","","code {[]} {[]}
","Land einer Adresse","Land einer Adresse","","","","","","","","","",,,,,"",,,,"mii-lm-studie-logicalmodel.Kontakt.Adresse.Land",0,*,"",""
"mii-lm-studie-logicalmodel.Kontakt.Email","mii-lm-studie-logicalmodel.Kontakt.Email","","","",0,*,"","","","string {[]} {[]}
","Email eines Kontakts","Email eines Kontakts","","","","","","","","","",,,,,"",,,,"mii-lm-studie-logicalmodel.Kontakt.Email",0,*,"",""
"mii-lm-studie-logicalmodel.Kontakt.Tel","mii-lm-studie-logicalmodel.Kontakt.Tel","","","",0,*,"","","","string {[]} {[]}
","Telefonnummer eines Kontakts","Telefonnummer eines Kontakts","","","","","","","","","",,,,,"",,,,"mii-lm-studie-logicalmodel.Kontakt.Tel",0,*,"",""
"mii-lm-studie-logicalmodel.Kontakt.Zugehoerigkeit","mii-lm-studie-logicalmodel.Kontakt.Zugehoerigkeit","","","",0,*,"","","","string {[]} {[]}
","Zugehoerigkeit eines Kontakts","Zugehoerigkeit eines Kontakts","","","","","","","","","",,,,,"",,,,"mii-lm-studie-logicalmodel.Kontakt.Zugehoerigkeit",0,*,"",""
"mii-lm-studie-logicalmodel.Beteiligter","mii-lm-studie-logicalmodel.Beteiligter","","","",0,*,"","","","BackboneElement {[]} {[]}
","Beteiligter eines Forschungsvorhabens","Beteiligter eines Forschungsvorhabens","","","","","","","","","",,,,,"",,,,"mii-lm-studie-logicalmodel.Beteiligter",0,*,"","ele-1:All FHIR elements must have a @value or children {hasValue() or (children().count() > id.count())}
"
"mii-lm-studie-logicalmodel.Beteiligter.id","mii-lm-studie-logicalmodel.Beteiligter.id","","","",0,1,"","","","string {[]} {[]}
","Unique id for inter-element referencing","Unique id for the element within a resource (for internal references). This may be any string value that does not contain spaces.","","","","","","","","","",,,,,"",,,,"Element.id",0,1,"",""
"mii-lm-studie-logicalmodel.Beteiligter.extension","mii-lm-studie-logicalmodel.Beteiligter.extension","","extensions
user content","",0,*,"","","","Extension {[]} {[]}
","Additional content defined by implementations","May be used to represent additional information that is not part of the basic definition of the element. To make the use of extensions safe and manageable, there is a strict set of governance  applied to the definition and use of extensions. Though any implementer can define an extension, there is a set of requirements that SHALL be met as part of the definition of the extension.","There can be no stigma associated with the use of extensions by any application, project, or standard - regardless of the institution or jurisdiction that uses or defines the extensions.  The use of extensions is what allows the FHIR specification to retain a core level of simplicity for everyone.","","","","","","","","",,,,,"","value:url}
","Extensions are always sliced by (at least) url",,"open","Element.extension",0,*,"","ele-1:All FHIR elements must have a @value or children {hasValue() or (children().count() > id.count())}
ext-1:Must have either extensions or value[x], not both {extension.exists() != value.exists()}"
"mii-lm-studie-logicalmodel.Beteiligter.modifierExtension","mii-lm-studie-logicalmodel.Beteiligter.modifierExtension","","extensions
user contentmodifiers","",0,*,"","Y","Y","Extension {[]} {[]}
","Extensions that cannot be ignored even if unrecognized","May be used to represent additional information that is not part of the basic definition of the element and that modifies the understanding of the element in which it is contained and/or the understanding of the containing element's descendants. Usually modifier elements provide negation or qualification. To make the use of extensions safe and manageable, there is a strict set of governance applied to the definition and use of extensions. Though any implementer can define an extension, there is a set of requirements that SHALL be met as part of the definition of the extension. Applications processing a resource are required to check for modifier extensions.

Modifier extensions SHALL NOT change the meaning of any elements on Resource or DomainResource (including cannot change the meaning of modifierExtension itself).","There can be no stigma associated with the use of extensions by any application, project, or standard - regardless of the institution or jurisdiction that uses or defines the extensions.  The use of extensions is what allows the FHIR specification to retain a core level of simplicity for everyone.","Modifier extensions allow for extensions that *cannot* be safely ignored to be clearly distinguished from the vast majority of extensions which can be safely ignored.  This promotes interoperability by eliminating the need for implementers to prohibit the presence of extensions. For further information, see the [definition of modifier extensions](http://hl7.org/fhir/R4/extensibility.html#modifierExtension).","","","","","","","",,,,,"",,,,"BackboneElement.modifierExtension",0,*,"","ele-1:All FHIR elements must have a @value or children {hasValue() or (children().count() > id.count())}
ext-1:Must have either extensions or value[x], not both {extension.exists() != value.exists()}"
"mii-lm-studie-logicalmodel.Beteiligter.Rolle","mii-lm-studie-logicalmodel.Beteiligter.Rolle","","","",0,*,"","","","string {[]} {[]}
","Rolle eines Beteiligten","Rolle eines Beteiligten","","","","","","","","","",,,,,"",,,,"mii-lm-studie-logicalmodel.Beteiligter.Rolle",0,*,"",""
"mii-lm-studie-logicalmodel.Beteiligter.Kontakt","mii-lm-studie-logicalmodel.Beteiligter.Kontakt","","","",0,*,"","","","BackboneElement {[]} {[]}
","Kontakt eines Beteiligten","Kontakt eines Beteiligten","","","","","","","","","",,,,,"",,,,"mii-lm-studie-logicalmodel.Beteiligter.Kontakt",0,*,"","ele-1:All FHIR elements must have a @value or children {hasValue() or (children().count() > id.count())}
"
"mii-lm-studie-logicalmodel.Beteiligter.Kontakt.id","mii-lm-studie-logicalmodel.Beteiligter.Kontakt.id","","","",0,1,"","","","string {[]} {[]}
","Unique id for inter-element referencing","Unique id for the element within a resource (for internal references). This may be any string value that does not contain spaces.","","","","","","","","","",,,,,"",,,,"Element.id",0,1,"",""
"mii-lm-studie-logicalmodel.Beteiligter.Kontakt.extension","mii-lm-studie-logicalmodel.Beteiligter.Kontakt.extension","","extensions
user content","",0,*,"","","","Extension {[]} {[]}
","Additional content defined by implementations","May be used to represent additional information that is not part of the basic definition of the element. To make the use of extensions safe and manageable, there is a strict set of governance  applied to the definition and use of extensions. Though any implementer can define an extension, there is a set of requirements that SHALL be met as part of the definition of the extension.","There can be no stigma associated with the use of extensions by any application, project, or standard - regardless of the institution or jurisdiction that uses or defines the extensions.  The use of extensions is what allows the FHIR specification to retain a core level of simplicity for everyone.","","","","","","","","",,,,,"","value:url}
","Extensions are always sliced by (at least) url",,"open","Element.extension",0,*,"","ele-1:All FHIR elements must have a @value or children {hasValue() or (children().count() > id.count())}
ext-1:Must have either extensions or value[x], not both {extension.exists() != value.exists()}"
"mii-lm-studie-logicalmodel.Beteiligter.Kontakt.modifierExtension","mii-lm-studie-logicalmodel.Beteiligter.Kontakt.modifierExtension","","extensions
user contentmodifiers","",0,*,"","Y","Y","Extension {[]} {[]}
","Extensions that cannot be ignored even if unrecognized","May be used to represent additional information that is not part of the basic definition of the element and that modifies the understanding of the element in which it is contained and/or the understanding of the containing element's descendants. Usually modifier elements provide negation or qualification. To make the use of extensions safe and manageable, there is a strict set of governance applied to the definition and use of extensions. Though any implementer can define an extension, there is a set of requirements that SHALL be met as part of the definition of the extension. Applications processing a resource are required to check for modifier extensions.

Modifier extensions SHALL NOT change the meaning of any elements on Resource or DomainResource (including cannot change the meaning of modifierExtension itself).","There can be no stigma associated with the use of extensions by any application, project, or standard - regardless of the institution or jurisdiction that uses or defines the extensions.  The use of extensions is what allows the FHIR specification to retain a core level of simplicity for everyone.","Modifier extensions allow for extensions that *cannot* be safely ignored to be clearly distinguished from the vast majority of extensions which can be safely ignored.  This promotes interoperability by eliminating the need for implementers to prohibit the presence of extensions. For further information, see the [definition of modifier extensions](http://hl7.org/fhir/R4/extensibility.html#modifierExtension).","","","","","","","",,,,,"",,,,"BackboneElement.modifierExtension",0,*,"","ele-1:All FHIR elements must have a @value or children {hasValue() or (children().count() > id.count())}
ext-1:Must have either extensions or value[x], not both {extension.exists() != value.exists()}"
"mii-lm-studie-logicalmodel.Beteiligter.Kontakt.Grad","mii-lm-studie-logicalmodel.Beteiligter.Kontakt.Grad","","","",0,*,"","","","string {[]} {[]}
","Grad eines Kontakts","Grad eines Kontakts","","","","","","","","","",,,,,"",,,,"mii-lm-studie-logicalmodel.Beteiligter.Kontakt.Grad",0,*,"",""
"mii-lm-studie-logicalmodel.Beteiligter.Kontakt.Vorname","mii-lm-studie-logicalmodel.Beteiligter.Kontakt.Vorname","","","",0,*,"","","","string {[]} {[]}
","Vorname eines Kontakts","Vorname eines Kontakts","","","","","","","","","",,,,,"",,,,"mii-lm-studie-logicalmodel.Beteiligter.Kontakt.Vorname",0,*,"",""
"mii-lm-studie-logicalmodel.Beteiligter.Kontakt.Nachname","mii-lm-studie-logicalmodel.Beteiligter.Kontakt.Nachname","","","",0,*,"","","","string {[]} {[]}
","Nachname eines Kontakts","Nachname eines Kontakts","","","","","","","","","",,,,,"",,,,"mii-lm-studie-logicalmodel.Beteiligter.Kontakt.Nachname",0,*,"",""
"mii-lm-studie-logicalmodel.Beteiligter.Kontakt.Adresse","mii-lm-studie-logicalmodel.Beteiligter.Kontakt.Adresse","","","",0,*,"","","","BackboneElement {[]} {[]}
","Adresse eines Kontakts","Adresse eines Kontakts","","","","","","","","","",,,,,"",,,,"mii-lm-studie-logicalmodel.Beteiligter.Kontakt.Adresse",0,*,"","ele-1:All FHIR elements must have a @value or children {hasValue() or (children().count() > id.count())}
"
"mii-lm-studie-logicalmodel.Beteiligter.Kontakt.Adresse.id","mii-lm-studie-logicalmodel.Beteiligter.Kontakt.Adresse.id","","","",0,1,"","","","string {[]} {[]}
","Unique id for inter-element referencing","Unique id for the element within a resource (for internal references). This may be any string value that does not contain spaces.","","","","","","","","","",,,,,"",,,,"Element.id",0,1,"",""
"mii-lm-studie-logicalmodel.Beteiligter.Kontakt.Adresse.extension","mii-lm-studie-logicalmodel.Beteiligter.Kontakt.Adresse.extension","","extensions
user content","",0,*,"","","","Extension {[]} {[]}
","Additional content defined by implementations","May be used to represent additional information that is not part of the basic definition of the element. To make the use of extensions safe and manageable, there is a strict set of governance  applied to the definition and use of extensions. Though any implementer can define an extension, there is a set of requirements that SHALL be met as part of the definition of the extension.","There can be no stigma associated with the use of extensions by any application, project, or standard - regardless of the institution or jurisdiction that uses or defines the extensions.  The use of extensions is what allows the FHIR specification to retain a core level of simplicity for everyone.","","","","","","","","",,,,,"","value:url}
","Extensions are always sliced by (at least) url",,"open","Element.extension",0,*,"","ele-1:All FHIR elements must have a @value or children {hasValue() or (children().count() > id.count())}
ext-1:Must have either extensions or value[x], not both {extension.exists() != value.exists()}"
"mii-lm-studie-logicalmodel.Beteiligter.Kontakt.Adresse.modifierExtension","mii-lm-studie-logicalmodel.Beteiligter.Kontakt.Adresse.modifierExtension","","extensions
user contentmodifiers","",0,*,"","Y","Y","Extension {[]} {[]}
","Extensions that cannot be ignored even if unrecognized","May be used to represent additional information that is not part of the basic definition of the element and that modifies the understanding of the element in which it is contained and/or the understanding of the containing element's descendants. Usually modifier elements provide negation or qualification. To make the use of extensions safe and manageable, there is a strict set of governance applied to the definition and use of extensions. Though any implementer can define an extension, there is a set of requirements that SHALL be met as part of the definition of the extension. Applications processing a resource are required to check for modifier extensions.

Modifier extensions SHALL NOT change the meaning of any elements on Resource or DomainResource (including cannot change the meaning of modifierExtension itself).","There can be no stigma associated with the use of extensions by any application, project, or standard - regardless of the institution or jurisdiction that uses or defines the extensions.  The use of extensions is what allows the FHIR specification to retain a core level of simplicity for everyone.","Modifier extensions allow for extensions that *cannot* be safely ignored to be clearly distinguished from the vast majority of extensions which can be safely ignored.  This promotes interoperability by eliminating the need for implementers to prohibit the presence of extensions. For further information, see the [definition of modifier extensions](http://hl7.org/fhir/R4/extensibility.html#modifierExtension).","","","","","","","",,,,,"",,,,"BackboneElement.modifierExtension",0,*,"","ele-1:All FHIR elements must have a @value or children {hasValue() or (children().count() > id.count())}
ext-1:Must have either extensions or value[x], not both {extension.exists() != value.exists()}"
"mii-lm-studie-logicalmodel.Beteiligter.Kontakt.Adresse.Strasse","mii-lm-studie-logicalmodel.Beteiligter.Kontakt.Adresse.Strasse","","","",0,*,"","","","string {[]} {[]}
","Strasse einer Adresse","Strasse einer Adresse","","","","","","","","","",,,,,"",,,,"mii-lm-studie-logicalmodel.Beteiligter.Kontakt.Adresse.Strasse",0,*,"",""
"mii-lm-studie-logicalmodel.Beteiligter.Kontakt.Adresse.Hausnummer","mii-lm-studie-logicalmodel.Beteiligter.Kontakt.Adresse.Hausnummer","","","",0,*,"","","","string {[]} {[]}
","Hausnummer einer Adresse","Hausnummer einer Adresse","","","","","","","","","",,,,,"",,,,"mii-lm-studie-logicalmodel.Beteiligter.Kontakt.Adresse.Hausnummer",0,*,"",""
"mii-lm-studie-logicalmodel.Beteiligter.Kontakt.Adresse.PLZ","mii-lm-studie-logicalmodel.Beteiligter.Kontakt.Adresse.PLZ","","","",0,*,"","","","string {[]} {[]}
","PLZ einer Adresse","PLZ einer Adresse","","","","","","","","","",,,,,"",,,,"mii-lm-studie-logicalmodel.Beteiligter.Kontakt.Adresse.PLZ",0,*,"",""
"mii-lm-studie-logicalmodel.Beteiligter.Kontakt.Adresse.Wohnort","mii-lm-studie-logicalmodel.Beteiligter.Kontakt.Adresse.Wohnort","","","",0,*,"","","","string {[]} {[]}
","Wohnort einer Adresse","Wohnort einer Adresse","","","","","","","","","",,,,,"",,,,"mii-lm-studie-logicalmodel.Beteiligter.Kontakt.Adresse.Wohnort",0,*,"",""
"mii-lm-studie-logicalmodel.Beteiligter.Kontakt.Adresse.Land","mii-lm-studie-logicalmodel.Beteiligter.Kontakt.Adresse.Land","","","",0,*,"","","","code {[]} {[]}
","Land einer Adresse","Land einer Adresse","","","","","","","","","",,,,,"",,,,"mii-lm-studie-logicalmodel.Beteiligter.Kontakt.Adresse.Land",0,*,"",""
"mii-lm-studie-logicalmodel.Beteiligter.Kontakt.Email","mii-lm-studie-logicalmodel.Beteiligter.Kontakt.Email","","","",0,*,"","","","string {[]} {[]}
","Email eines Kontakts","Email eines Kontakts","","","","","","","","","",,,,,"",,,,"mii-lm-studie-logicalmodel.Beteiligter.Kontakt.Email",0,*,"",""
"mii-lm-studie-logicalmodel.Beteiligter.Kontakt.Tel","mii-lm-studie-logicalmodel.Beteiligter.Kontakt.Tel","","","",0,*,"","","","string {[]} {[]}
","Telefonnummer eines Kontakts","Telefonnummer eines Kontakts","","","","","","","","","",,,,,"",,,,"mii-lm-studie-logicalmodel.Beteiligter.Kontakt.Tel",0,*,"",""
"mii-lm-studie-logicalmodel.Beteiligter.Kontakt.Zugehoerigkeit","mii-lm-studie-logicalmodel.Beteiligter.Kontakt.Zugehoerigkeit","","","",0,*,"","","","string {[]} {[]}
","Zugehoerigkeit eines Kontakts","Zugehoerigkeit eines Kontakts","","","","","","","","","",,,,,"",,,,"mii-lm-studie-logicalmodel.Beteiligter.Kontakt.Zugehoerigkeit",0,*,"",""
"mii-lm-studie-logicalmodel.Beteiligter.Standort","mii-lm-studie-logicalmodel.Beteiligter.Standort","","","",0,*,"","","","BackboneElement {[]} {[]}
","Standort eines Beteiligten","Standort eines Beteiligten","","","","","","","","","",,,,,"",,,,"mii-lm-studie-logicalmodel.Beteiligter.Standort",0,*,"","ele-1:All FHIR elements must have a @value or children {hasValue() or (children().count() > id.count())}
"
"mii-lm-studie-logicalmodel.Beteiligter.Standort.id","mii-lm-studie-logicalmodel.Beteiligter.Standort.id","","","",0,1,"","","","string {[]} {[]}
","Unique id for inter-element referencing","Unique id for the element within a resource (for internal references). This may be any string value that does not contain spaces.","","","","","","","","","",,,,,"",,,,"Element.id",0,1,"",""
"mii-lm-studie-logicalmodel.Beteiligter.Standort.extension","mii-lm-studie-logicalmodel.Beteiligter.Standort.extension","","extensions
user content","",0,*,"","","","Extension {[]} {[]}
","Additional content defined by implementations","May be used to represent additional information that is not part of the basic definition of the element. To make the use of extensions safe and manageable, there is a strict set of governance  applied to the definition and use of extensions. Though any implementer can define an extension, there is a set of requirements that SHALL be met as part of the definition of the extension.","There can be no stigma associated with the use of extensions by any application, project, or standard - regardless of the institution or jurisdiction that uses or defines the extensions.  The use of extensions is what allows the FHIR specification to retain a core level of simplicity for everyone.","","","","","","","","",,,,,"","value:url}
","Extensions are always sliced by (at least) url",,"open","Element.extension",0,*,"","ele-1:All FHIR elements must have a @value or children {hasValue() or (children().count() > id.count())}
ext-1:Must have either extensions or value[x], not both {extension.exists() != value.exists()}"
"mii-lm-studie-logicalmodel.Beteiligter.Standort.modifierExtension","mii-lm-studie-logicalmodel.Beteiligter.Standort.modifierExtension","","extensions
user contentmodifiers","",0,*,"","Y","Y","Extension {[]} {[]}
","Extensions that cannot be ignored even if unrecognized","May be used to represent additional information that is not part of the basic definition of the element and that modifies the understanding of the element in which it is contained and/or the understanding of the containing element's descendants. Usually modifier elements provide negation or qualification. To make the use of extensions safe and manageable, there is a strict set of governance applied to the definition and use of extensions. Though any implementer can define an extension, there is a set of requirements that SHALL be met as part of the definition of the extension. Applications processing a resource are required to check for modifier extensions.

Modifier extensions SHALL NOT change the meaning of any elements on Resource or DomainResource (including cannot change the meaning of modifierExtension itself).","There can be no stigma associated with the use of extensions by any application, project, or standard - regardless of the institution or jurisdiction that uses or defines the extensions.  The use of extensions is what allows the FHIR specification to retain a core level of simplicity for everyone.","Modifier extensions allow for extensions that *cannot* be safely ignored to be clearly distinguished from the vast majority of extensions which can be safely ignored.  This promotes interoperability by eliminating the need for implementers to prohibit the presence of extensions. For further information, see the [definition of modifier extensions](http://hl7.org/fhir/R4/extensibility.html#modifierExtension).","","","","","","","",,,,,"",,,,"BackboneElement.modifierExtension",0,*,"","ele-1:All FHIR elements must have a @value or children {hasValue() or (children().count() > id.count())}
ext-1:Must have either extensions or value[x], not both {extension.exists() != value.exists()}"
"mii-lm-studie-logicalmodel.Beteiligter.Standort.Adresse","mii-lm-studie-logicalmodel.Beteiligter.Standort.Adresse","","","",0,*,"","","","BackboneElement {[]} {[]}
","Adresse eines Standorts","Adresse eines Standorts","","","","","","","","","",,,,,"",,,,"mii-lm-studie-logicalmodel.Beteiligter.Standort.Adresse",0,*,"","ele-1:All FHIR elements must have a @value or children {hasValue() or (children().count() > id.count())}
"
"mii-lm-studie-logicalmodel.Beteiligter.Standort.Adresse.id","mii-lm-studie-logicalmodel.Beteiligter.Standort.Adresse.id","","","",0,1,"","","","string {[]} {[]}
","Unique id for inter-element referencing","Unique id for the element within a resource (for internal references). This may be any string value that does not contain spaces.","","","","","","","","","",,,,,"",,,,"Element.id",0,1,"",""
"mii-lm-studie-logicalmodel.Beteiligter.Standort.Adresse.extension","mii-lm-studie-logicalmodel.Beteiligter.Standort.Adresse.extension","","extensions
user content","",0,*,"","","","Extension {[]} {[]}
","Additional content defined by implementations","May be used to represent additional information that is not part of the basic definition of the element. To make the use of extensions safe and manageable, there is a strict set of governance  applied to the definition and use of extensions. Though any implementer can define an extension, there is a set of requirements that SHALL be met as part of the definition of the extension.","There can be no stigma associated with the use of extensions by any application, project, or standard - regardless of the institution or jurisdiction that uses or defines the extensions.  The use of extensions is what allows the FHIR specification to retain a core level of simplicity for everyone.","","","","","","","","",,,,,"","value:url}
","Extensions are always sliced by (at least) url",,"open","Element.extension",0,*,"","ele-1:All FHIR elements must have a @value or children {hasValue() or (children().count() > id.count())}
ext-1:Must have either extensions or value[x], not both {extension.exists() != value.exists()}"
"mii-lm-studie-logicalmodel.Beteiligter.Standort.Adresse.modifierExtension","mii-lm-studie-logicalmodel.Beteiligter.Standort.Adresse.modifierExtension","","extensions
user contentmodifiers","",0,*,"","Y","Y","Extension {[]} {[]}
","Extensions that cannot be ignored even if unrecognized","May be used to represent additional information that is not part of the basic definition of the element and that modifies the understanding of the element in which it is contained and/or the understanding of the containing element's descendants. Usually modifier elements provide negation or qualification. To make the use of extensions safe and manageable, there is a strict set of governance applied to the definition and use of extensions. Though any implementer can define an extension, there is a set of requirements that SHALL be met as part of the definition of the extension. Applications processing a resource are required to check for modifier extensions.

Modifier extensions SHALL NOT change the meaning of any elements on Resource or DomainResource (including cannot change the meaning of modifierExtension itself).","There can be no stigma associated with the use of extensions by any application, project, or standard - regardless of the institution or jurisdiction that uses or defines the extensions.  The use of extensions is what allows the FHIR specification to retain a core level of simplicity for everyone.","Modifier extensions allow for extensions that *cannot* be safely ignored to be clearly distinguished from the vast majority of extensions which can be safely ignored.  This promotes interoperability by eliminating the need for implementers to prohibit the presence of extensions. For further information, see the [definition of modifier extensions](http://hl7.org/fhir/R4/extensibility.html#modifierExtension).","","","","","","","",,,,,"",,,,"BackboneElement.modifierExtension",0,*,"","ele-1:All FHIR elements must have a @value or children {hasValue() or (children().count() > id.count())}
ext-1:Must have either extensions or value[x], not both {extension.exists() != value.exists()}"
"mii-lm-studie-logicalmodel.Beteiligter.Standort.Adresse.Strasse","mii-lm-studie-logicalmodel.Beteiligter.Standort.Adresse.Strasse","","","",0,*,"","","","string {[]} {[]}
","Strasse einer Adresse","Strasse einer Adresse","","","","","","","","","",,,,,"",,,,"mii-lm-studie-logicalmodel.Beteiligter.Standort.Adresse.Strasse",0,*,"",""
"mii-lm-studie-logicalmodel.Beteiligter.Standort.Adresse.Hausnummer","mii-lm-studie-logicalmodel.Beteiligter.Standort.Adresse.Hausnummer","","","",0,*,"","","","string {[]} {[]}
","Hausnummer einer Adresse","Hausnummer einer Adresse","","","","","","","","","",,,,,"",,,,"mii-lm-studie-logicalmodel.Beteiligter.Standort.Adresse.Hausnummer",0,*,"",""
"mii-lm-studie-logicalmodel.Beteiligter.Standort.Adresse.PLZ","mii-lm-studie-logicalmodel.Beteiligter.Standort.Adresse.PLZ","","","",0,*,"","","","string {[]} {[]}
","PLZ einer Adresse","PLZ einer Adresse","","","","","","","","","",,,,,"",,,,"mii-lm-studie-logicalmodel.Beteiligter.Standort.Adresse.PLZ",0,*,"",""
"mii-lm-studie-logicalmodel.Beteiligter.Standort.Adresse.Wohnort","mii-lm-studie-logicalmodel.Beteiligter.Standort.Adresse.Wohnort","","","",0,*,"","","","string {[]} {[]}
","Wohnort einer Adresse","Wohnort einer Adresse","","","","","","","","","",,,,,"",,,,"mii-lm-studie-logicalmodel.Beteiligter.Standort.Adresse.Wohnort",0,*,"",""
"mii-lm-studie-logicalmodel.Beteiligter.Standort.Adresse.Land","mii-lm-studie-logicalmodel.Beteiligter.Standort.Adresse.Land","","","",0,*,"","","","code {[]} {[]}
","Land einer Adresse","Land einer Adresse","","","","","","","","","",,,,,"",,,,"mii-lm-studie-logicalmodel.Beteiligter.Standort.Adresse.Land",0,*,"",""
"mii-lm-studie-logicalmodel.Studienleiter","mii-lm-studie-logicalmodel.Studienleiter","","","",0,*,"","","","BackboneElement {[]} {[]}
","Studienleiter eines Forschungsvorhabens","Studienleiter eines Forschungsvorhabens","","","","","","","","","",,,,,"",,,,"mii-lm-studie-logicalmodel.Studienleiter",0,*,"","ele-1:All FHIR elements must have a @value or children {hasValue() or (children().count() > id.count())}
"
"mii-lm-studie-logicalmodel.Studienleiter.id","mii-lm-studie-logicalmodel.Studienleiter.id","","","",0,1,"","","","string {[]} {[]}
","Unique id for inter-element referencing","Unique id for the element within a resource (for internal references). This may be any string value that does not contain spaces.","","","","","","","","","",,,,,"",,,,"Element.id",0,1,"",""
"mii-lm-studie-logicalmodel.Studienleiter.extension","mii-lm-studie-logicalmodel.Studienleiter.extension","","extensions
user content","",0,*,"","","","Extension {[]} {[]}
","Additional content defined by implementations","May be used to represent additional information that is not part of the basic definition of the element. To make the use of extensions safe and manageable, there is a strict set of governance  applied to the definition and use of extensions. Though any implementer can define an extension, there is a set of requirements that SHALL be met as part of the definition of the extension.","There can be no stigma associated with the use of extensions by any application, project, or standard - regardless of the institution or jurisdiction that uses or defines the extensions.  The use of extensions is what allows the FHIR specification to retain a core level of simplicity for everyone.","","","","","","","","",,,,,"","value:url}
","Extensions are always sliced by (at least) url",,"open","Element.extension",0,*,"","ele-1:All FHIR elements must have a @value or children {hasValue() or (children().count() > id.count())}
ext-1:Must have either extensions or value[x], not both {extension.exists() != value.exists()}"
"mii-lm-studie-logicalmodel.Studienleiter.modifierExtension","mii-lm-studie-logicalmodel.Studienleiter.modifierExtension","","extensions
user contentmodifiers","",0,*,"","Y","Y","Extension {[]} {[]}
","Extensions that cannot be ignored even if unrecognized","May be used to represent additional information that is not part of the basic definition of the element and that modifies the understanding of the element in which it is contained and/or the understanding of the containing element's descendants. Usually modifier elements provide negation or qualification. To make the use of extensions safe and manageable, there is a strict set of governance applied to the definition and use of extensions. Though any implementer can define an extension, there is a set of requirements that SHALL be met as part of the definition of the extension. Applications processing a resource are required to check for modifier extensions.

Modifier extensions SHALL NOT change the meaning of any elements on Resource or DomainResource (including cannot change the meaning of modifierExtension itself).","There can be no stigma associated with the use of extensions by any application, project, or standard - regardless of the institution or jurisdiction that uses or defines the extensions.  The use of extensions is what allows the FHIR specification to retain a core level of simplicity for everyone.","Modifier extensions allow for extensions that *cannot* be safely ignored to be clearly distinguished from the vast majority of extensions which can be safely ignored.  This promotes interoperability by eliminating the need for implementers to prohibit the presence of extensions. For further information, see the [definition of modifier extensions](http://hl7.org/fhir/R4/extensibility.html#modifierExtension).","","","","","","","",,,,,"",,,,"BackboneElement.modifierExtension",0,*,"","ele-1:All FHIR elements must have a @value or children {hasValue() or (children().count() > id.count())}
ext-1:Must have either extensions or value[x], not both {extension.exists() != value.exists()}"
"mii-lm-studie-logicalmodel.Studienleiter.Kontakt","mii-lm-studie-logicalmodel.Studienleiter.Kontakt","","","",0,*,"","","","BackboneElement {[]} {[]}
","Kontakt eines Studienleiters","Kontakt eines Studienleiters","","","","","","","","","",,,,,"",,,,"mii-lm-studie-logicalmodel.Studienleiter.Kontakt",0,*,"","ele-1:All FHIR elements must have a @value or children {hasValue() or (children().count() > id.count())}
"
"mii-lm-studie-logicalmodel.Studienleiter.Kontakt.id","mii-lm-studie-logicalmodel.Studienleiter.Kontakt.id","","","",0,1,"","","","string {[]} {[]}
","Unique id for inter-element referencing","Unique id for the element within a resource (for internal references). This may be any string value that does not contain spaces.","","","","","","","","","",,,,,"",,,,"Element.id",0,1,"",""
"mii-lm-studie-logicalmodel.Studienleiter.Kontakt.extension","mii-lm-studie-logicalmodel.Studienleiter.Kontakt.extension","","extensions
user content","",0,*,"","","","Extension {[]} {[]}
","Additional content defined by implementations","May be used to represent additional information that is not part of the basic definition of the element. To make the use of extensions safe and manageable, there is a strict set of governance  applied to the definition and use of extensions. Though any implementer can define an extension, there is a set of requirements that SHALL be met as part of the definition of the extension.","There can be no stigma associated with the use of extensions by any application, project, or standard - regardless of the institution or jurisdiction that uses or defines the extensions.  The use of extensions is what allows the FHIR specification to retain a core level of simplicity for everyone.","","","","","","","","",,,,,"","value:url}
","Extensions are always sliced by (at least) url",,"open","Element.extension",0,*,"","ele-1:All FHIR elements must have a @value or children {hasValue() or (children().count() > id.count())}
ext-1:Must have either extensions or value[x], not both {extension.exists() != value.exists()}"
"mii-lm-studie-logicalmodel.Studienleiter.Kontakt.modifierExtension","mii-lm-studie-logicalmodel.Studienleiter.Kontakt.modifierExtension","","extensions
user contentmodifiers","",0,*,"","Y","Y","Extension {[]} {[]}
","Extensions that cannot be ignored even if unrecognized","May be used to represent additional information that is not part of the basic definition of the element and that modifies the understanding of the element in which it is contained and/or the understanding of the containing element's descendants. Usually modifier elements provide negation or qualification. To make the use of extensions safe and manageable, there is a strict set of governance applied to the definition and use of extensions. Though any implementer can define an extension, there is a set of requirements that SHALL be met as part of the definition of the extension. Applications processing a resource are required to check for modifier extensions.

Modifier extensions SHALL NOT change the meaning of any elements on Resource or DomainResource (including cannot change the meaning of modifierExtension itself).","There can be no stigma associated with the use of extensions by any application, project, or standard - regardless of the institution or jurisdiction that uses or defines the extensions.  The use of extensions is what allows the FHIR specification to retain a core level of simplicity for everyone.","Modifier extensions allow for extensions that *cannot* be safely ignored to be clearly distinguished from the vast majority of extensions which can be safely ignored.  This promotes interoperability by eliminating the need for implementers to prohibit the presence of extensions. For further information, see the [definition of modifier extensions](http://hl7.org/fhir/R4/extensibility.html#modifierExtension).","","","","","","","",,,,,"",,,,"BackboneElement.modifierExtension",0,*,"","ele-1:All FHIR elements must have a @value or children {hasValue() or (children().count() > id.count())}
ext-1:Must have either extensions or value[x], not both {extension.exists() != value.exists()}"
"mii-lm-studie-logicalmodel.Studienleiter.Kontakt.Grad","mii-lm-studie-logicalmodel.Studienleiter.Kontakt.Grad","","","",0,*,"","","","string {[]} {[]}
","Grad eines Kontakts","Grad eines Kontakts","","","","","","","","","",,,,,"",,,,"mii-lm-studie-logicalmodel.Studienleiter.Kontakt.Grad",0,*,"",""
"mii-lm-studie-logicalmodel.Studienleiter.Kontakt.Vorname","mii-lm-studie-logicalmodel.Studienleiter.Kontakt.Vorname","","","",0,*,"","","","string {[]} {[]}
","Vorname eines Kontakts","Vorname eines Kontakts","","","","","","","","","",,,,,"",,,,"mii-lm-studie-logicalmodel.Studienleiter.Kontakt.Vorname",0,*,"",""
"mii-lm-studie-logicalmodel.Studienleiter.Kontakt.Nachname","mii-lm-studie-logicalmodel.Studienleiter.Kontakt.Nachname","","","",0,*,"","","","string {[]} {[]}
","Nachname eines Kontakts","Nachname eines Kontakts","","","","","","","","","",,,,,"",,,,"mii-lm-studie-logicalmodel.Studienleiter.Kontakt.Nachname",0,*,"",""
"mii-lm-studie-logicalmodel.Studienleiter.Kontakt.Adresse","mii-lm-studie-logicalmodel.Studienleiter.Kontakt.Adresse","","","",0,*,"","","","BackboneElement {[]} {[]}
","Adresse eines Kontakts","Adresse eines Kontakts","","","","","","","","","",,,,,"",,,,"mii-lm-studie-logicalmodel.Studienleiter.Kontakt.Adresse",0,*,"","ele-1:All FHIR elements must have a @value or children {hasValue() or (children().count() > id.count())}
"
"mii-lm-studie-logicalmodel.Studienleiter.Kontakt.Adresse.id","mii-lm-studie-logicalmodel.Studienleiter.Kontakt.Adresse.id","","","",0,1,"","","","string {[]} {[]}
","Unique id for inter-element referencing","Unique id for the element within a resource (for internal references). This may be any string value that does not contain spaces.","","","","","","","","","",,,,,"",,,,"Element.id",0,1,"",""
"mii-lm-studie-logicalmodel.Studienleiter.Kontakt.Adresse.extension","mii-lm-studie-logicalmodel.Studienleiter.Kontakt.Adresse.extension","","extensions
user content","",0,*,"","","","Extension {[]} {[]}
","Additional content defined by implementations","May be used to represent additional information that is not part of the basic definition of the element. To make the use of extensions safe and manageable, there is a strict set of governance  applied to the definition and use of extensions. Though any implementer can define an extension, there is a set of requirements that SHALL be met as part of the definition of the extension.","There can be no stigma associated with the use of extensions by any application, project, or standard - regardless of the institution or jurisdiction that uses or defines the extensions.  The use of extensions is what allows the FHIR specification to retain a core level of simplicity for everyone.","","","","","","","","",,,,,"","value:url}
","Extensions are always sliced by (at least) url",,"open","Element.extension",0,*,"","ele-1:All FHIR elements must have a @value or children {hasValue() or (children().count() > id.count())}
ext-1:Must have either extensions or value[x], not both {extension.exists() != value.exists()}"
"mii-lm-studie-logicalmodel.Studienleiter.Kontakt.Adresse.modifierExtension","mii-lm-studie-logicalmodel.Studienleiter.Kontakt.Adresse.modifierExtension","","extensions
user contentmodifiers","",0,*,"","Y","Y","Extension {[]} {[]}
","Extensions that cannot be ignored even if unrecognized","May be used to represent additional information that is not part of the basic definition of the element and that modifies the understanding of the element in which it is contained and/or the understanding of the containing element's descendants. Usually modifier elements provide negation or qualification. To make the use of extensions safe and manageable, there is a strict set of governance applied to the definition and use of extensions. Though any implementer can define an extension, there is a set of requirements that SHALL be met as part of the definition of the extension. Applications processing a resource are required to check for modifier extensions.

Modifier extensions SHALL NOT change the meaning of any elements on Resource or DomainResource (including cannot change the meaning of modifierExtension itself).","There can be no stigma associated with the use of extensions by any application, project, or standard - regardless of the institution or jurisdiction that uses or defines the extensions.  The use of extensions is what allows the FHIR specification to retain a core level of simplicity for everyone.","Modifier extensions allow for extensions that *cannot* be safely ignored to be clearly distinguished from the vast majority of extensions which can be safely ignored.  This promotes interoperability by eliminating the need for implementers to prohibit the presence of extensions. For further information, see the [definition of modifier extensions](http://hl7.org/fhir/R4/extensibility.html#modifierExtension).","","","","","","","",,,,,"",,,,"BackboneElement.modifierExtension",0,*,"","ele-1:All FHIR elements must have a @value or children {hasValue() or (children().count() > id.count())}
ext-1:Must have either extensions or value[x], not both {extension.exists() != value.exists()}"
"mii-lm-studie-logicalmodel.Studienleiter.Kontakt.Adresse.Strasse","mii-lm-studie-logicalmodel.Studienleiter.Kontakt.Adresse.Strasse","","","",0,*,"","","","string {[]} {[]}
","Strasse einer Adresse","Strasse einer Adresse","","","","","","","","","",,,,,"",,,,"mii-lm-studie-logicalmodel.Studienleiter.Kontakt.Adresse.Strasse",0,*,"",""
"mii-lm-studie-logicalmodel.Studienleiter.Kontakt.Adresse.Hausnummer","mii-lm-studie-logicalmodel.Studienleiter.Kontakt.Adresse.Hausnummer","","","",0,*,"","","","string {[]} {[]}
","Hausnummer einer Adresse","Hausnummer einer Adresse","","","","","","","","","",,,,,"",,,,"mii-lm-studie-logicalmodel.Studienleiter.Kontakt.Adresse.Hausnummer",0,*,"",""
"mii-lm-studie-logicalmodel.Studienleiter.Kontakt.Adresse.PLZ","mii-lm-studie-logicalmodel.Studienleiter.Kontakt.Adresse.PLZ","","","",0,*,"","","","string {[]} {[]}
","PLZ einer Adresse","PLZ einer Adresse","","","","","","","","","",,,,,"",,,,"mii-lm-studie-logicalmodel.Studienleiter.Kontakt.Adresse.PLZ",0,*,"",""
"mii-lm-studie-logicalmodel.Studienleiter.Kontakt.Adresse.Wohnort","mii-lm-studie-logicalmodel.Studienleiter.Kontakt.Adresse.Wohnort","","","",0,*,"","","","string {[]} {[]}
","Wohnort einer Adresse","Wohnort einer Adresse","","","","","","","","","",,,,,"",,,,"mii-lm-studie-logicalmodel.Studienleiter.Kontakt.Adresse.Wohnort",0,*,"",""
"mii-lm-studie-logicalmodel.Studienleiter.Kontakt.Adresse.Land","mii-lm-studie-logicalmodel.Studienleiter.Kontakt.Adresse.Land","","","",0,*,"","","","code {[]} {[]}
","Land einer Adresse","Land einer Adresse","","","","","","","","","",,,,,"",,,,"mii-lm-studie-logicalmodel.Studienleiter.Kontakt.Adresse.Land",0,*,"",""
"mii-lm-studie-logicalmodel.Studienleiter.Kontakt.Email","mii-lm-studie-logicalmodel.Studienleiter.Kontakt.Email","","","",0,*,"","","","string {[]} {[]}
","Email eines Kontakts","Email eines Kontakts","","","","","","","","","",,,,,"",,,,"mii-lm-studie-logicalmodel.Studienleiter.Kontakt.Email",0,*,"",""
"mii-lm-studie-logicalmodel.Studienleiter.Kontakt.Tel","mii-lm-studie-logicalmodel.Studienleiter.Kontakt.Tel","","","",0,*,"","","","string {[]} {[]}
","Telefonnummer eines Kontakts","Telefonnummer eines Kontakts","","","","","","","","","",,,,,"",,,,"mii-lm-studie-logicalmodel.Studienleiter.Kontakt.Tel",0,*,"",""
"mii-lm-studie-logicalmodel.Studienleiter.Kontakt.Zugehoerigkeit","mii-lm-studie-logicalmodel.Studienleiter.Kontakt.Zugehoerigkeit","","","",0,*,"","","","string {[]} {[]}
","Zugehoerigkeit eines Kontakts","Zugehoerigkeit eines Kontakts","","","","","","","","","",,,,,"",,,,"mii-lm-studie-logicalmodel.Studienleiter.Kontakt.Zugehoerigkeit",0,*,"",""
"mii-lm-studie-logicalmodel.Studienleiter.Standort","mii-lm-studie-logicalmodel.Studienleiter.Standort","","","",0,*,"","","","BackboneElement {[]} {[]}
","Standort eines Studienleiters","Standort eines Studienleiters","","","","","","","","","",,,,,"",,,,"mii-lm-studie-logicalmodel.Studienleiter.Standort",0,*,"","ele-1:All FHIR elements must have a @value or children {hasValue() or (children().count() > id.count())}
"
"mii-lm-studie-logicalmodel.Studienleiter.Standort.id","mii-lm-studie-logicalmodel.Studienleiter.Standort.id","","","",0,1,"","","","string {[]} {[]}
","Unique id for inter-element referencing","Unique id for the element within a resource (for internal references). This may be any string value that does not contain spaces.","","","","","","","","","",,,,,"",,,,"Element.id",0,1,"",""
"mii-lm-studie-logicalmodel.Studienleiter.Standort.extension","mii-lm-studie-logicalmodel.Studienleiter.Standort.extension","","extensions
user content","",0,*,"","","","Extension {[]} {[]}
","Additional content defined by implementations","May be used to represent additional information that is not part of the basic definition of the element. To make the use of extensions safe and manageable, there is a strict set of governance  applied to the definition and use of extensions. Though any implementer can define an extension, there is a set of requirements that SHALL be met as part of the definition of the extension.","There can be no stigma associated with the use of extensions by any application, project, or standard - regardless of the institution or jurisdiction that uses or defines the extensions.  The use of extensions is what allows the FHIR specification to retain a core level of simplicity for everyone.","","","","","","","","",,,,,"","value:url}
","Extensions are always sliced by (at least) url",,"open","Element.extension",0,*,"","ele-1:All FHIR elements must have a @value or children {hasValue() or (children().count() > id.count())}
ext-1:Must have either extensions or value[x], not both {extension.exists() != value.exists()}"
"mii-lm-studie-logicalmodel.Studienleiter.Standort.modifierExtension","mii-lm-studie-logicalmodel.Studienleiter.Standort.modifierExtension","","extensions
user contentmodifiers","",0,*,"","Y","Y","Extension {[]} {[]}
","Extensions that cannot be ignored even if unrecognized","May be used to represent additional information that is not part of the basic definition of the element and that modifies the understanding of the element in which it is contained and/or the understanding of the containing element's descendants. Usually modifier elements provide negation or qualification. To make the use of extensions safe and manageable, there is a strict set of governance applied to the definition and use of extensions. Though any implementer can define an extension, there is a set of requirements that SHALL be met as part of the definition of the extension. Applications processing a resource are required to check for modifier extensions.

Modifier extensions SHALL NOT change the meaning of any elements on Resource or DomainResource (including cannot change the meaning of modifierExtension itself).","There can be no stigma associated with the use of extensions by any application, project, or standard - regardless of the institution or jurisdiction that uses or defines the extensions.  The use of extensions is what allows the FHIR specification to retain a core level of simplicity for everyone.","Modifier extensions allow for extensions that *cannot* be safely ignored to be clearly distinguished from the vast majority of extensions which can be safely ignored.  This promotes interoperability by eliminating the need for implementers to prohibit the presence of extensions. For further information, see the [definition of modifier extensions](http://hl7.org/fhir/R4/extensibility.html#modifierExtension).","","","","","","","",,,,,"",,,,"BackboneElement.modifierExtension",0,*,"","ele-1:All FHIR elements must have a @value or children {hasValue() or (children().count() > id.count())}
ext-1:Must have either extensions or value[x], not both {extension.exists() != value.exists()}"
"mii-lm-studie-logicalmodel.Studienleiter.Standort.Strasse","mii-lm-studie-logicalmodel.Studienleiter.Standort.Strasse","","","",0,*,"","","","string {[]} {[]}
","Strasse einer Adresse","Strasse einer Adresse","","","","","","","","","",,,,,"",,,,"mii-lm-studie-logicalmodel.Studienleiter.Standort.Strasse",0,*,"",""
"mii-lm-studie-logicalmodel.Studienleiter.Standort.Adresse","mii-lm-studie-logicalmodel.Studienleiter.Standort.Adresse","","","",0,*,"","","","BackboneElement {[]} {[]}
","Adresse eines Standorts","Adresse eines Standorts","","","","","","","","","",,,,,"",,,,"mii-lm-studie-logicalmodel.Studienleiter.Standort.Adresse",0,*,"","ele-1:All FHIR elements must have a @value or children {hasValue() or (children().count() > id.count())}
"
"mii-lm-studie-logicalmodel.Studienleiter.Standort.Adresse.id","mii-lm-studie-logicalmodel.Studienleiter.Standort.Adresse.id","","","",0,1,"","","","string {[]} {[]}
","Unique id for inter-element referencing","Unique id for the element within a resource (for internal references). This may be any string value that does not contain spaces.","","","","","","","","","",,,,,"",,,,"Element.id",0,1,"",""
"mii-lm-studie-logicalmodel.Studienleiter.Standort.Adresse.extension","mii-lm-studie-logicalmodel.Studienleiter.Standort.Adresse.extension","","extensions
user content","",0,*,"","","","Extension {[]} {[]}
","Additional content defined by implementations","May be used to represent additional information that is not part of the basic definition of the element. To make the use of extensions safe and manageable, there is a strict set of governance  applied to the definition and use of extensions. Though any implementer can define an extension, there is a set of requirements that SHALL be met as part of the definition of the extension.","There can be no stigma associated with the use of extensions by any application, project, or standard - regardless of the institution or jurisdiction that uses or defines the extensions.  The use of extensions is what allows the FHIR specification to retain a core level of simplicity for everyone.","","","","","","","","",,,,,"","value:url}
","Extensions are always sliced by (at least) url",,"open","Element.extension",0,*,"","ele-1:All FHIR elements must have a @value or children {hasValue() or (children().count() > id.count())}
ext-1:Must have either extensions or value[x], not both {extension.exists() != value.exists()}"
"mii-lm-studie-logicalmodel.Studienleiter.Standort.Adresse.modifierExtension","mii-lm-studie-logicalmodel.Studienleiter.Standort.Adresse.modifierExtension","","extensions
user contentmodifiers","",0,*,"","Y","Y","Extension {[]} {[]}
","Extensions that cannot be ignored even if unrecognized","May be used to represent additional information that is not part of the basic definition of the element and that modifies the understanding of the element in which it is contained and/or the understanding of the containing element's descendants. Usually modifier elements provide negation or qualification. To make the use of extensions safe and manageable, there is a strict set of governance applied to the definition and use of extensions. Though any implementer can define an extension, there is a set of requirements that SHALL be met as part of the definition of the extension. Applications processing a resource are required to check for modifier extensions.

Modifier extensions SHALL NOT change the meaning of any elements on Resource or DomainResource (including cannot change the meaning of modifierExtension itself).","There can be no stigma associated with the use of extensions by any application, project, or standard - regardless of the institution or jurisdiction that uses or defines the extensions.  The use of extensions is what allows the FHIR specification to retain a core level of simplicity for everyone.","Modifier extensions allow for extensions that *cannot* be safely ignored to be clearly distinguished from the vast majority of extensions which can be safely ignored.  This promotes interoperability by eliminating the need for implementers to prohibit the presence of extensions. For further information, see the [definition of modifier extensions](http://hl7.org/fhir/R4/extensibility.html#modifierExtension).","","","","","","","",,,,,"",,,,"BackboneElement.modifierExtension",0,*,"","ele-1:All FHIR elements must have a @value or children {hasValue() or (children().count() > id.count())}
ext-1:Must have either extensions or value[x], not both {extension.exists() != value.exists()}"
"mii-lm-studie-logicalmodel.Studienleiter.Standort.Adresse.Strasse","mii-lm-studie-logicalmodel.Studienleiter.Standort.Adresse.Strasse","","","",0,*,"","","","string {[]} {[]}
","Strasse einer Adresse","Strasse einer Adresse","","","","","","","","","",,,,,"",,,,"mii-lm-studie-logicalmodel.Studienleiter.Standort.Adresse.Strasse",0,*,"",""
"mii-lm-studie-logicalmodel.Studienleiter.Standort.Adresse.Hausnummer","mii-lm-studie-logicalmodel.Studienleiter.Standort.Adresse.Hausnummer","","","",0,*,"","","","string {[]} {[]}
","Hausnummer einer Adresse","Hausnummer einer Adresse","","","","","","","","","",,,,,"",,,,"mii-lm-studie-logicalmodel.Studienleiter.Standort.Adresse.Hausnummer",0,*,"",""
"mii-lm-studie-logicalmodel.Studienleiter.Standort.Adresse.PLZ","mii-lm-studie-logicalmodel.Studienleiter.Standort.Adresse.PLZ","","","",0,*,"","","","string {[]} {[]}
","PLZ einer Adresse","PLZ einer Adresse","","","","","","","","","",,,,,"",,,,"mii-lm-studie-logicalmodel.Studienleiter.Standort.Adresse.PLZ",0,*,"",""
"mii-lm-studie-logicalmodel.Studienleiter.Standort.Adresse.Wohnort","mii-lm-studie-logicalmodel.Studienleiter.Standort.Adresse.Wohnort","","","",0,*,"","","","string {[]} {[]}
","Wohnort einer Adresse","Wohnort einer Adresse","","","","","","","","","",,,,,"",,,,"mii-lm-studie-logicalmodel.Studienleiter.Standort.Adresse.Wohnort",0,*,"",""
"mii-lm-studie-logicalmodel.Studienleiter.Standort.Adresse.Land","mii-lm-studie-logicalmodel.Studienleiter.Standort.Adresse.Land","","","",0,*,"","","","code {[]} {[]}
","Land einer Adresse","Land einer Adresse","","","","","","","","","",,,,,"",,,,"mii-lm-studie-logicalmodel.Studienleiter.Standort.Adresse.Land",0,*,"",""
"mii-lm-studie-logicalmodel.Sponsor","mii-lm-studie-logicalmodel.Sponsor","","","",0,*,"","","","BackboneElement {[]} {[]}
","Studienleiter eines Sponsors","Studienleiter eines Sponsors","","","","","","","","","",,,,,"",,,,"mii-lm-studie-logicalmodel.Sponsor",0,*,"","ele-1:All FHIR elements must have a @value or children {hasValue() or (children().count() > id.count())}
"
"mii-lm-studie-logicalmodel.Sponsor.id","mii-lm-studie-logicalmodel.Sponsor.id","","","",0,1,"","","","string {[]} {[]}
","Unique id for inter-element referencing","Unique id for the element within a resource (for internal references). This may be any string value that does not contain spaces.","","","","","","","","","",,,,,"",,,,"Element.id",0,1,"",""
"mii-lm-studie-logicalmodel.Sponsor.extension","mii-lm-studie-logicalmodel.Sponsor.extension","","extensions
user content","",0,*,"","","","Extension {[]} {[]}
","Additional content defined by implementations","May be used to represent additional information that is not part of the basic definition of the element. To make the use of extensions safe and manageable, there is a strict set of governance  applied to the definition and use of extensions. Though any implementer can define an extension, there is a set of requirements that SHALL be met as part of the definition of the extension.","There can be no stigma associated with the use of extensions by any application, project, or standard - regardless of the institution or jurisdiction that uses or defines the extensions.  The use of extensions is what allows the FHIR specification to retain a core level of simplicity for everyone.","","","","","","","","",,,,,"","value:url}
","Extensions are always sliced by (at least) url",,"open","Element.extension",0,*,"","ele-1:All FHIR elements must have a @value or children {hasValue() or (children().count() > id.count())}
ext-1:Must have either extensions or value[x], not both {extension.exists() != value.exists()}"
"mii-lm-studie-logicalmodel.Sponsor.modifierExtension","mii-lm-studie-logicalmodel.Sponsor.modifierExtension","","extensions
user contentmodifiers","",0,*,"","Y","Y","Extension {[]} {[]}
","Extensions that cannot be ignored even if unrecognized","May be used to represent additional information that is not part of the basic definition of the element and that modifies the understanding of the element in which it is contained and/or the understanding of the containing element's descendants. Usually modifier elements provide negation or qualification. To make the use of extensions safe and manageable, there is a strict set of governance applied to the definition and use of extensions. Though any implementer can define an extension, there is a set of requirements that SHALL be met as part of the definition of the extension. Applications processing a resource are required to check for modifier extensions.

Modifier extensions SHALL NOT change the meaning of any elements on Resource or DomainResource (including cannot change the meaning of modifierExtension itself).","There can be no stigma associated with the use of extensions by any application, project, or standard - regardless of the institution or jurisdiction that uses or defines the extensions.  The use of extensions is what allows the FHIR specification to retain a core level of simplicity for everyone.","Modifier extensions allow for extensions that *cannot* be safely ignored to be clearly distinguished from the vast majority of extensions which can be safely ignored.  This promotes interoperability by eliminating the need for implementers to prohibit the presence of extensions. For further information, see the [definition of modifier extensions](http://hl7.org/fhir/R4/extensibility.html#modifierExtension).","","","","","","","",,,,,"",,,,"BackboneElement.modifierExtension",0,*,"","ele-1:All FHIR elements must have a @value or children {hasValue() or (children().count() > id.count())}
ext-1:Must have either extensions or value[x], not both {extension.exists() != value.exists()}"
"mii-lm-studie-logicalmodel.Sponsor.Kontakt","mii-lm-studie-logicalmodel.Sponsor.Kontakt","","","",0,*,"","","","BackboneElement {[]} {[]}
","Kontakt eines Sponsors","Kontakt eines Sponsors","","","","","","","","","",,,,,"",,,,"mii-lm-studie-logicalmodel.Sponsor.Kontakt",0,*,"","ele-1:All FHIR elements must have a @value or children {hasValue() or (children().count() > id.count())}
"
"mii-lm-studie-logicalmodel.Sponsor.Kontakt.id","mii-lm-studie-logicalmodel.Sponsor.Kontakt.id","","","",0,1,"","","","string {[]} {[]}
","Unique id for inter-element referencing","Unique id for the element within a resource (for internal references). This may be any string value that does not contain spaces.","","","","","","","","","",,,,,"",,,,"Element.id",0,1,"",""
"mii-lm-studie-logicalmodel.Sponsor.Kontakt.extension","mii-lm-studie-logicalmodel.Sponsor.Kontakt.extension","","extensions
user content","",0,*,"","","","Extension {[]} {[]}
","Additional content defined by implementations","May be used to represent additional information that is not part of the basic definition of the element. To make the use of extensions safe and manageable, there is a strict set of governance  applied to the definition and use of extensions. Though any implementer can define an extension, there is a set of requirements that SHALL be met as part of the definition of the extension.","There can be no stigma associated with the use of extensions by any application, project, or standard - regardless of the institution or jurisdiction that uses or defines the extensions.  The use of extensions is what allows the FHIR specification to retain a core level of simplicity for everyone.","","","","","","","","",,,,,"","value:url}
","Extensions are always sliced by (at least) url",,"open","Element.extension",0,*,"","ele-1:All FHIR elements must have a @value or children {hasValue() or (children().count() > id.count())}
ext-1:Must have either extensions or value[x], not both {extension.exists() != value.exists()}"
"mii-lm-studie-logicalmodel.Sponsor.Kontakt.modifierExtension","mii-lm-studie-logicalmodel.Sponsor.Kontakt.modifierExtension","","extensions
user contentmodifiers","",0,*,"","Y","Y","Extension {[]} {[]}
","Extensions that cannot be ignored even if unrecognized","May be used to represent additional information that is not part of the basic definition of the element and that modifies the understanding of the element in which it is contained and/or the understanding of the containing element's descendants. Usually modifier elements provide negation or qualification. To make the use of extensions safe and manageable, there is a strict set of governance applied to the definition and use of extensions. Though any implementer can define an extension, there is a set of requirements that SHALL be met as part of the definition of the extension. Applications processing a resource are required to check for modifier extensions.

Modifier extensions SHALL NOT change the meaning of any elements on Resource or DomainResource (including cannot change the meaning of modifierExtension itself).","There can be no stigma associated with the use of extensions by any application, project, or standard - regardless of the institution or jurisdiction that uses or defines the extensions.  The use of extensions is what allows the FHIR specification to retain a core level of simplicity for everyone.","Modifier extensions allow for extensions that *cannot* be safely ignored to be clearly distinguished from the vast majority of extensions which can be safely ignored.  This promotes interoperability by eliminating the need for implementers to prohibit the presence of extensions. For further information, see the [definition of modifier extensions](http://hl7.org/fhir/R4/extensibility.html#modifierExtension).","","","","","","","",,,,,"",,,,"BackboneElement.modifierExtension",0,*,"","ele-1:All FHIR elements must have a @value or children {hasValue() or (children().count() > id.count())}
ext-1:Must have either extensions or value[x], not both {extension.exists() != value.exists()}"
"mii-lm-studie-logicalmodel.Sponsor.Kontakt.Grad","mii-lm-studie-logicalmodel.Sponsor.Kontakt.Grad","","","",0,*,"","","","string {[]} {[]}
","Grad eines Kontakts","Grad eines Kontakts","","","","","","","","","",,,,,"",,,,"mii-lm-studie-logicalmodel.Sponsor.Kontakt.Grad",0,*,"",""
"mii-lm-studie-logicalmodel.Sponsor.Kontakt.Vorname","mii-lm-studie-logicalmodel.Sponsor.Kontakt.Vorname","","","",0,*,"","","","string {[]} {[]}
","Vorname eines Kontakts","Vorname eines Kontakts","","","","","","","","","",,,,,"",,,,"mii-lm-studie-logicalmodel.Sponsor.Kontakt.Vorname",0,*,"",""
"mii-lm-studie-logicalmodel.Sponsor.Kontakt.Nachname","mii-lm-studie-logicalmodel.Sponsor.Kontakt.Nachname","","","",0,*,"","","","string {[]} {[]}
","Nachname eines Kontakts","Nachname eines Kontakts","","","","","","","","","",,,,,"",,,,"mii-lm-studie-logicalmodel.Sponsor.Kontakt.Nachname",0,*,"",""
"mii-lm-studie-logicalmodel.Sponsor.Kontakt.Adresse","mii-lm-studie-logicalmodel.Sponsor.Kontakt.Adresse","","","",0,*,"","","","BackboneElement {[]} {[]}
","Adresse eines Kontakts","Adresse eines Kontakts","","","","","","","","","",,,,,"",,,,"mii-lm-studie-logicalmodel.Sponsor.Kontakt.Adresse",0,*,"","ele-1:All FHIR elements must have a @value or children {hasValue() or (children().count() > id.count())}
"
"mii-lm-studie-logicalmodel.Sponsor.Kontakt.Adresse.id","mii-lm-studie-logicalmodel.Sponsor.Kontakt.Adresse.id","","","",0,1,"","","","string {[]} {[]}
","Unique id for inter-element referencing","Unique id for the element within a resource (for internal references). This may be any string value that does not contain spaces.","","","","","","","","","",,,,,"",,,,"Element.id",0,1,"",""
"mii-lm-studie-logicalmodel.Sponsor.Kontakt.Adresse.extension","mii-lm-studie-logicalmodel.Sponsor.Kontakt.Adresse.extension","","extensions
user content","",0,*,"","","","Extension {[]} {[]}
","Additional content defined by implementations","May be used to represent additional information that is not part of the basic definition of the element. To make the use of extensions safe and manageable, there is a strict set of governance  applied to the definition and use of extensions. Though any implementer can define an extension, there is a set of requirements that SHALL be met as part of the definition of the extension.","There can be no stigma associated with the use of extensions by any application, project, or standard - regardless of the institution or jurisdiction that uses or defines the extensions.  The use of extensions is what allows the FHIR specification to retain a core level of simplicity for everyone.","","","","","","","","",,,,,"","value:url}
","Extensions are always sliced by (at least) url",,"open","Element.extension",0,*,"","ele-1:All FHIR elements must have a @value or children {hasValue() or (children().count() > id.count())}
ext-1:Must have either extensions or value[x], not both {extension.exists() != value.exists()}"
"mii-lm-studie-logicalmodel.Sponsor.Kontakt.Adresse.modifierExtension","mii-lm-studie-logicalmodel.Sponsor.Kontakt.Adresse.modifierExtension","","extensions
user contentmodifiers","",0,*,"","Y","Y","Extension {[]} {[]}
","Extensions that cannot be ignored even if unrecognized","May be used to represent additional information that is not part of the basic definition of the element and that modifies the understanding of the element in which it is contained and/or the understanding of the containing element's descendants. Usually modifier elements provide negation or qualification. To make the use of extensions safe and manageable, there is a strict set of governance applied to the definition and use of extensions. Though any implementer can define an extension, there is a set of requirements that SHALL be met as part of the definition of the extension. Applications processing a resource are required to check for modifier extensions.

Modifier extensions SHALL NOT change the meaning of any elements on Resource or DomainResource (including cannot change the meaning of modifierExtension itself).","There can be no stigma associated with the use of extensions by any application, project, or standard - regardless of the institution or jurisdiction that uses or defines the extensions.  The use of extensions is what allows the FHIR specification to retain a core level of simplicity for everyone.","Modifier extensions allow for extensions that *cannot* be safely ignored to be clearly distinguished from the vast majority of extensions which can be safely ignored.  This promotes interoperability by eliminating the need for implementers to prohibit the presence of extensions. For further information, see the [definition of modifier extensions](http://hl7.org/fhir/R4/extensibility.html#modifierExtension).","","","","","","","",,,,,"",,,,"BackboneElement.modifierExtension",0,*,"","ele-1:All FHIR elements must have a @value or children {hasValue() or (children().count() > id.count())}
ext-1:Must have either extensions or value[x], not both {extension.exists() != value.exists()}"
"mii-lm-studie-logicalmodel.Sponsor.Kontakt.Adresse.Strasse","mii-lm-studie-logicalmodel.Sponsor.Kontakt.Adresse.Strasse","","","",0,*,"","","","string {[]} {[]}
","Strasse einer Adresse","Strasse einer Adresse","","","","","","","","","",,,,,"",,,,"mii-lm-studie-logicalmodel.Sponsor.Kontakt.Adresse.Strasse",0,*,"",""
"mii-lm-studie-logicalmodel.Sponsor.Kontakt.Adresse.Hausnummer","mii-lm-studie-logicalmodel.Sponsor.Kontakt.Adresse.Hausnummer","","","",0,*,"","","","string {[]} {[]}
","Hausnummer einer Adresse","Hausnummer einer Adresse","","","","","","","","","",,,,,"",,,,"mii-lm-studie-logicalmodel.Sponsor.Kontakt.Adresse.Hausnummer",0,*,"",""
"mii-lm-studie-logicalmodel.Sponsor.Kontakt.Adresse.PLZ","mii-lm-studie-logicalmodel.Sponsor.Kontakt.Adresse.PLZ","","","",0,*,"","","","string {[]} {[]}
","PLZ einer Adresse","PLZ einer Adresse","","","","","","","","","",,,,,"",,,,"mii-lm-studie-logicalmodel.Sponsor.Kontakt.Adresse.PLZ",0,*,"",""
"mii-lm-studie-logicalmodel.Sponsor.Kontakt.Adresse.Wohnort","mii-lm-studie-logicalmodel.Sponsor.Kontakt.Adresse.Wohnort","","","",0,*,"","","","string {[]} {[]}
","Wohnort einer Adresse","Wohnort einer Adresse","","","","","","","","","",,,,,"",,,,"mii-lm-studie-logicalmodel.Sponsor.Kontakt.Adresse.Wohnort",0,*,"",""
"mii-lm-studie-logicalmodel.Sponsor.Kontakt.Adresse.Land","mii-lm-studie-logicalmodel.Sponsor.Kontakt.Adresse.Land","","","",0,*,"","","","code {[]} {[]}
","Land einer Adresse","Land einer Adresse","","","","","","","","","",,,,,"",,,,"mii-lm-studie-logicalmodel.Sponsor.Kontakt.Adresse.Land",0,*,"",""
"mii-lm-studie-logicalmodel.Sponsor.Kontakt.Email","mii-lm-studie-logicalmodel.Sponsor.Kontakt.Email","","","",0,*,"","","","string {[]} {[]}
","Email eines Kontakts","Email eines Kontakts","","","","","","","","","",,,,,"",,,,"mii-lm-studie-logicalmodel.Sponsor.Kontakt.Email",0,*,"",""
"mii-lm-studie-logicalmodel.Sponsor.Kontakt.Tel","mii-lm-studie-logicalmodel.Sponsor.Kontakt.Tel","","","",0,*,"","","","string {[]} {[]}
","Telefonnummer eines Kontakts","Telefonnummer eines Kontakts","","","","","","","","","",,,,,"",,,,"mii-lm-studie-logicalmodel.Sponsor.Kontakt.Tel",0,*,"",""
"mii-lm-studie-logicalmodel.Sponsor.Kontakt.Zugehoerigkeit","mii-lm-studie-logicalmodel.Sponsor.Kontakt.Zugehoerigkeit","","","",0,*,"","","","string {[]} {[]}
","Zugehoerigkeit eines Kontakts","Zugehoerigkeit eines Kontakts","","","","","","","","","",,,,,"",,,,"mii-lm-studie-logicalmodel.Sponsor.Kontakt.Zugehoerigkeit",0,*,"",""
"mii-lm-studie-logicalmodel.Sponsor.Standort","mii-lm-studie-logicalmodel.Sponsor.Standort","","","",0,*,"","","","BackboneElement {[]} {[]}
","Standort eines Sponsors","Standort eines Sponsors","","","","","","","","","",,,,,"",,,,"mii-lm-studie-logicalmodel.Sponsor.Standort",0,*,"","ele-1:All FHIR elements must have a @value or children {hasValue() or (children().count() > id.count())}
"
"mii-lm-studie-logicalmodel.Sponsor.Standort.id","mii-lm-studie-logicalmodel.Sponsor.Standort.id","","","",0,1,"","","","string {[]} {[]}
","Unique id for inter-element referencing","Unique id for the element within a resource (for internal references). This may be any string value that does not contain spaces.","","","","","","","","","",,,,,"",,,,"Element.id",0,1,"",""
"mii-lm-studie-logicalmodel.Sponsor.Standort.extension","mii-lm-studie-logicalmodel.Sponsor.Standort.extension","","extensions
user content","",0,*,"","","","Extension {[]} {[]}
","Additional content defined by implementations","May be used to represent additional information that is not part of the basic definition of the element. To make the use of extensions safe and manageable, there is a strict set of governance  applied to the definition and use of extensions. Though any implementer can define an extension, there is a set of requirements that SHALL be met as part of the definition of the extension.","There can be no stigma associated with the use of extensions by any application, project, or standard - regardless of the institution or jurisdiction that uses or defines the extensions.  The use of extensions is what allows the FHIR specification to retain a core level of simplicity for everyone.","","","","","","","","",,,,,"","value:url}
","Extensions are always sliced by (at least) url",,"open","Element.extension",0,*,"","ele-1:All FHIR elements must have a @value or children {hasValue() or (children().count() > id.count())}
ext-1:Must have either extensions or value[x], not both {extension.exists() != value.exists()}"
"mii-lm-studie-logicalmodel.Sponsor.Standort.modifierExtension","mii-lm-studie-logicalmodel.Sponsor.Standort.modifierExtension","","extensions
user contentmodifiers","",0,*,"","Y","Y","Extension {[]} {[]}
","Extensions that cannot be ignored even if unrecognized","May be used to represent additional information that is not part of the basic definition of the element and that modifies the understanding of the element in which it is contained and/or the understanding of the containing element's descendants. Usually modifier elements provide negation or qualification. To make the use of extensions safe and manageable, there is a strict set of governance applied to the definition and use of extensions. Though any implementer can define an extension, there is a set of requirements that SHALL be met as part of the definition of the extension. Applications processing a resource are required to check for modifier extensions.

Modifier extensions SHALL NOT change the meaning of any elements on Resource or DomainResource (including cannot change the meaning of modifierExtension itself).","There can be no stigma associated with the use of extensions by any application, project, or standard - regardless of the institution or jurisdiction that uses or defines the extensions.  The use of extensions is what allows the FHIR specification to retain a core level of simplicity for everyone.","Modifier extensions allow for extensions that *cannot* be safely ignored to be clearly distinguished from the vast majority of extensions which can be safely ignored.  This promotes interoperability by eliminating the need for implementers to prohibit the presence of extensions. For further information, see the [definition of modifier extensions](http://hl7.org/fhir/R4/extensibility.html#modifierExtension).","","","","","","","",,,,,"",,,,"BackboneElement.modifierExtension",0,*,"","ele-1:All FHIR elements must have a @value or children {hasValue() or (children().count() > id.count())}
ext-1:Must have either extensions or value[x], not both {extension.exists() != value.exists()}"
"mii-lm-studie-logicalmodel.Sponsor.Standort.Strasse","mii-lm-studie-logicalmodel.Sponsor.Standort.Strasse","","","",0,*,"","","","string {[]} {[]}
","Strasse einer Adresse","Strasse einer Adresse","","","","","","","","","",,,,,"",,,,"mii-lm-studie-logicalmodel.Sponsor.Standort.Strasse",0,*,"",""
"mii-lm-studie-logicalmodel.Sponsor.Standort.Adresse","mii-lm-studie-logicalmodel.Sponsor.Standort.Adresse","","","",0,*,"","","","BackboneElement {[]} {[]}
","Adresse eines Standorts","Adresse eines Standorts","","","","","","","","","",,,,,"",,,,"mii-lm-studie-logicalmodel.Sponsor.Standort.Adresse",0,*,"","ele-1:All FHIR elements must have a @value or children {hasValue() or (children().count() > id.count())}
"
"mii-lm-studie-logicalmodel.Sponsor.Standort.Adresse.id","mii-lm-studie-logicalmodel.Sponsor.Standort.Adresse.id","","","",0,1,"","","","string {[]} {[]}
","Unique id for inter-element referencing","Unique id for the element within a resource (for internal references). This may be any string value that does not contain spaces.","","","","","","","","","",,,,,"",,,,"Element.id",0,1,"",""
"mii-lm-studie-logicalmodel.Sponsor.Standort.Adresse.extension","mii-lm-studie-logicalmodel.Sponsor.Standort.Adresse.extension","","extensions
user content","",0,*,"","","","Extension {[]} {[]}
","Additional content defined by implementations","May be used to represent additional information that is not part of the basic definition of the element. To make the use of extensions safe and manageable, there is a strict set of governance  applied to the definition and use of extensions. Though any implementer can define an extension, there is a set of requirements that SHALL be met as part of the definition of the extension.","There can be no stigma associated with the use of extensions by any application, project, or standard - regardless of the institution or jurisdiction that uses or defines the extensions.  The use of extensions is what allows the FHIR specification to retain a core level of simplicity for everyone.","","","","","","","","",,,,,"","value:url}
","Extensions are always sliced by (at least) url",,"open","Element.extension",0,*,"","ele-1:All FHIR elements must have a @value or children {hasValue() or (children().count() > id.count())}
ext-1:Must have either extensions or value[x], not both {extension.exists() != value.exists()}"
"mii-lm-studie-logicalmodel.Sponsor.Standort.Adresse.modifierExtension","mii-lm-studie-logicalmodel.Sponsor.Standort.Adresse.modifierExtension","","extensions
user contentmodifiers","",0,*,"","Y","Y","Extension {[]} {[]}
","Extensions that cannot be ignored even if unrecognized","May be used to represent additional information that is not part of the basic definition of the element and that modifies the understanding of the element in which it is contained and/or the understanding of the containing element's descendants. Usually modifier elements provide negation or qualification. To make the use of extensions safe and manageable, there is a strict set of governance applied to the definition and use of extensions. Though any implementer can define an extension, there is a set of requirements that SHALL be met as part of the definition of the extension. Applications processing a resource are required to check for modifier extensions.

Modifier extensions SHALL NOT change the meaning of any elements on Resource or DomainResource (including cannot change the meaning of modifierExtension itself).","There can be no stigma associated with the use of extensions by any application, project, or standard - regardless of the institution or jurisdiction that uses or defines the extensions.  The use of extensions is what allows the FHIR specification to retain a core level of simplicity for everyone.","Modifier extensions allow for extensions that *cannot* be safely ignored to be clearly distinguished from the vast majority of extensions which can be safely ignored.  This promotes interoperability by eliminating the need for implementers to prohibit the presence of extensions. For further information, see the [definition of modifier extensions](http://hl7.org/fhir/R4/extensibility.html#modifierExtension).","","","","","","","",,,,,"",,,,"BackboneElement.modifierExtension",0,*,"","ele-1:All FHIR elements must have a @value or children {hasValue() or (children().count() > id.count())}
ext-1:Must have either extensions or value[x], not both {extension.exists() != value.exists()}"
"mii-lm-studie-logicalmodel.Sponsor.Standort.Adresse.Strasse","mii-lm-studie-logicalmodel.Sponsor.Standort.Adresse.Strasse","","","",0,*,"","","","string {[]} {[]}
","Strasse einer Adresse","Strasse einer Adresse","","","","","","","","","",,,,,"",,,,"mii-lm-studie-logicalmodel.Sponsor.Standort.Adresse.Strasse",0,*,"",""
"mii-lm-studie-logicalmodel.Sponsor.Standort.Adresse.Hausnummer","mii-lm-studie-logicalmodel.Sponsor.Standort.Adresse.Hausnummer","","","",0,*,"","","","string {[]} {[]}
","Hausnummer einer Adresse","Hausnummer einer Adresse","","","","","","","","","",,,,,"",,,,"mii-lm-studie-logicalmodel.Sponsor.Standort.Adresse.Hausnummer",0,*,"",""
"mii-lm-studie-logicalmodel.Sponsor.Standort.Adresse.PLZ","mii-lm-studie-logicalmodel.Sponsor.Standort.Adresse.PLZ","","","",0,*,"","","","string {[]} {[]}
","PLZ einer Adresse","PLZ einer Adresse","","","","","","","","","",,,,,"",,,,"mii-lm-studie-logicalmodel.Sponsor.Standort.Adresse.PLZ",0,*,"",""
"mii-lm-studie-logicalmodel.Sponsor.Standort.Adresse.Wohnort","mii-lm-studie-logicalmodel.Sponsor.Standort.Adresse.Wohnort","","","",0,*,"","","","string {[]} {[]}
","Wohnort einer Adresse","Wohnort einer Adresse","","","","","","","","","",,,,,"",,,,"mii-lm-studie-logicalmodel.Sponsor.Standort.Adresse.Wohnort",0,*,"",""
"mii-lm-studie-logicalmodel.Sponsor.Standort.Adresse.Land","mii-lm-studie-logicalmodel.Sponsor.Standort.Adresse.Land","","","",0,*,"","","","code {[]} {[]}
","Land einer Adresse","Land einer Adresse","","","","","","","","","",,,,,"",,,,"mii-lm-studie-logicalmodel.Sponsor.Standort.Adresse.Land",0,*,"",""
"mii-lm-studie-logicalmodel.Sponsor.IstHauptsponsor","mii-lm-studie-logicalmodel.Sponsor.IstHauptsponsor","","","",0,*,"","","","boolean {[]} {[]}
","Ob dieser Sponsor der Hauptsponsor ist","Ob dieser Sponsor der Hauptsponsor ist","","","","","","","","","",,,,,"",,,,"mii-lm-studie-logicalmodel.Sponsor.IstHauptsponsor",0,*,"",""
"mii-lm-studie-logicalmodel.Studiendesign","mii-lm-studie-logicalmodel.Studiendesign","","","",0,*,"","","","BackboneElement {[]} {[]}
","Studiendesign eines Forschungsvorhabens","Studiendesign eines Forschungsvorhabens","","","","","","","","","",,,,,"",,,,"mii-lm-studie-logicalmodel.Studiendesign",0,*,"","ele-1:All FHIR elements must have a @value or children {hasValue() or (children().count() > id.count())}
"
"mii-lm-studie-logicalmodel.Studiendesign.id","mii-lm-studie-logicalmodel.Studiendesign.id","","","",0,1,"","","","string {[]} {[]}
","Unique id for inter-element referencing","Unique id for the element within a resource (for internal references). This may be any string value that does not contain spaces.","","","","","","","","","",,,,,"",,,,"Element.id",0,1,"",""
"mii-lm-studie-logicalmodel.Studiendesign.extension","mii-lm-studie-logicalmodel.Studiendesign.extension","","extensions
user content","",0,*,"","","","Extension {[]} {[]}
","Additional content defined by implementations","May be used to represent additional information that is not part of the basic definition of the element. To make the use of extensions safe and manageable, there is a strict set of governance  applied to the definition and use of extensions. Though any implementer can define an extension, there is a set of requirements that SHALL be met as part of the definition of the extension.","There can be no stigma associated with the use of extensions by any application, project, or standard - regardless of the institution or jurisdiction that uses or defines the extensions.  The use of extensions is what allows the FHIR specification to retain a core level of simplicity for everyone.","","","","","","","","",,,,,"","value:url}
","Extensions are always sliced by (at least) url",,"open","Element.extension",0,*,"","ele-1:All FHIR elements must have a @value or children {hasValue() or (children().count() > id.count())}
ext-1:Must have either extensions or value[x], not both {extension.exists() != value.exists()}"
"mii-lm-studie-logicalmodel.Studiendesign.modifierExtension","mii-lm-studie-logicalmodel.Studiendesign.modifierExtension","","extensions
user contentmodifiers","",0,*,"","Y","Y","Extension {[]} {[]}
","Extensions that cannot be ignored even if unrecognized","May be used to represent additional information that is not part of the basic definition of the element and that modifies the understanding of the element in which it is contained and/or the understanding of the containing element's descendants. Usually modifier elements provide negation or qualification. To make the use of extensions safe and manageable, there is a strict set of governance applied to the definition and use of extensions. Though any implementer can define an extension, there is a set of requirements that SHALL be met as part of the definition of the extension. Applications processing a resource are required to check for modifier extensions.

Modifier extensions SHALL NOT change the meaning of any elements on Resource or DomainResource (including cannot change the meaning of modifierExtension itself).","There can be no stigma associated with the use of extensions by any application, project, or standard - regardless of the institution or jurisdiction that uses or defines the extensions.  The use of extensions is what allows the FHIR specification to retain a core level of simplicity for everyone.","Modifier extensions allow for extensions that *cannot* be safely ignored to be clearly distinguished from the vast majority of extensions which can be safely ignored.  This promotes interoperability by eliminating the need for implementers to prohibit the presence of extensions. For further information, see the [definition of modifier extensions](http://hl7.org/fhir/R4/extensibility.html#modifierExtension).","","","","","","","",,,,,"",,,,"BackboneElement.modifierExtension",0,*,"","ele-1:All FHIR elements must have a @value or children {hasValue() or (children().count() > id.count())}
ext-1:Must have either extensions or value[x], not both {extension.exists() != value.exists()}"
"mii-lm-studie-logicalmodel.Studiendesign.Rekrutierungsstart","mii-lm-studie-logicalmodel.Studiendesign.Rekrutierungsstart","","","",0,*,"","","","date {[]} {[]}
","Rekrutierungsstart einer Studie","Rekrutierungsstart einer Studie","","","","","","","","","",,,,,"",,,,"mii-lm-studie-logicalmodel.Studiendesign.Rekrutierungsstart",0,*,"",""
"mii-lm-studie-logicalmodel.Studiendesign.Studienarm","mii-lm-studie-logicalmodel.Studiendesign.Studienarm","","","",0,*,"","","","BackboneElement {[]} {[]}
","Studienarm einer Studie","Studienarm einer Studie","","","","","","","","","",,,,,"",,,,"mii-lm-studie-logicalmodel.Studiendesign.Studienarm",0,*,"","ele-1:All FHIR elements must have a @value or children {hasValue() or (children().count() > id.count())}
"
"mii-lm-studie-logicalmodel.Studiendesign.Studienarm.id","mii-lm-studie-logicalmodel.Studiendesign.Studienarm.id","","","",0,1,"","","","string {[]} {[]}
","Unique id for inter-element referencing","Unique id for the element within a resource (for internal references). This may be any string value that does not contain spaces.","","","","","","","","","",,,,,"",,,,"Element.id",0,1,"",""
"mii-lm-studie-logicalmodel.Studiendesign.Studienarm.extension","mii-lm-studie-logicalmodel.Studiendesign.Studienarm.extension","","extensions
user content","",0,*,"","","","Extension {[]} {[]}
","Additional content defined by implementations","May be used to represent additional information that is not part of the basic definition of the element. To make the use of extensions safe and manageable, there is a strict set of governance  applied to the definition and use of extensions. Though any implementer can define an extension, there is a set of requirements that SHALL be met as part of the definition of the extension.","There can be no stigma associated with the use of extensions by any application, project, or standard - regardless of the institution or jurisdiction that uses or defines the extensions.  The use of extensions is what allows the FHIR specification to retain a core level of simplicity for everyone.","","","","","","","","",,,,,"","value:url}
","Extensions are always sliced by (at least) url",,"open","Element.extension",0,*,"","ele-1:All FHIR elements must have a @value or children {hasValue() or (children().count() > id.count())}
ext-1:Must have either extensions or value[x], not both {extension.exists() != value.exists()}"
"mii-lm-studie-logicalmodel.Studiendesign.Studienarm.modifierExtension","mii-lm-studie-logicalmodel.Studiendesign.Studienarm.modifierExtension","","extensions
user contentmodifiers","",0,*,"","Y","Y","Extension {[]} {[]}
","Extensions that cannot be ignored even if unrecognized","May be used to represent additional information that is not part of the basic definition of the element and that modifies the understanding of the element in which it is contained and/or the understanding of the containing element's descendants. Usually modifier elements provide negation or qualification. To make the use of extensions safe and manageable, there is a strict set of governance applied to the definition and use of extensions. Though any implementer can define an extension, there is a set of requirements that SHALL be met as part of the definition of the extension. Applications processing a resource are required to check for modifier extensions.

Modifier extensions SHALL NOT change the meaning of any elements on Resource or DomainResource (including cannot change the meaning of modifierExtension itself).","There can be no stigma associated with the use of extensions by any application, project, or standard - regardless of the institution or jurisdiction that uses or defines the extensions.  The use of extensions is what allows the FHIR specification to retain a core level of simplicity for everyone.","Modifier extensions allow for extensions that *cannot* be safely ignored to be clearly distinguished from the vast majority of extensions which can be safely ignored.  This promotes interoperability by eliminating the need for implementers to prohibit the presence of extensions. For further information, see the [definition of modifier extensions](http://hl7.org/fhir/R4/extensibility.html#modifierExtension).","","","","","","","",,,,,"",,,,"BackboneElement.modifierExtension",0,*,"","ele-1:All FHIR elements must have a @value or children {hasValue() or (children().count() > id.count())}
ext-1:Must have either extensions or value[x], not both {extension.exists() != value.exists()}"
"mii-lm-studie-logicalmodel.Studiendesign.Studienarm.Name","mii-lm-studie-logicalmodel.Studiendesign.Studienarm.Name","","","",0,*,"","","","string {[]} {[]}
","Name des Studienarms","Name des Studienarms","","","","","","","","","",,,,,"",,,,"mii-lm-studie-logicalmodel.Studiendesign.Studienarm.Name",0,*,"",""
"mii-lm-studie-logicalmodel.Studiendesign.Studienarm.Studienarm","mii-lm-studie-logicalmodel.Studiendesign.Studienarm.Studienarm","","","",0,*,"","","","null {[]} {[]}
","Arm des Studienarms","Arm des Studienarms","","","","","","","","","",,,,,"",,,,"mii-lm-studie-logicalmodel.Studiendesign.Studienarm.Studienarm",0,*,"",""
"mii-lm-studie-logicalmodel.Studiendesign.Studienarm.Einschlusskriterien","mii-lm-studie-logicalmodel.Studiendesign.Studienarm.Einschlusskriterien","","","",0,*,"","","","string {[]} {[]}
","Einschlusskriterien des Studienarms","Einschlusskriterien des Studienarms","","","","","","","","","",,,,,"",,,,"mii-lm-studie-logicalmodel.Studiendesign.Studienarm.Einschlusskriterien",0,*,"",""
"mii-lm-studie-logicalmodel.Studiendesign.Studienarm.Ausschlusskriterien","mii-lm-studie-logicalmodel.Studiendesign.Studienarm.Ausschlusskriterien","","","",0,*,"","","","string {[]} {[]}
","Ausschlusskriterien des Studienarms","Ausschlusskriterien des Studienarms","","","","","","","","","",,,,,"",,,,"mii-lm-studie-logicalmodel.Studiendesign.Studienarm.Ausschlusskriterien",0,*,"",""
"mii-lm-studie-logicalmodel.Studiendesign.Einschlusskriterien","mii-lm-studie-logicalmodel.Studiendesign.Einschlusskriterien","","","",0,*,"","","","BackboneElement {[]} {[]}
","Einschlusskriterien einer Studie","Einschlusskriterien einer Studie","","","","","","","","","",,,,,"",,,,"mii-lm-studie-logicalmodel.Studiendesign.Einschlusskriterien",0,*,"","ele-1:All FHIR elements must have a @value or children {hasValue() or (children().count() > id.count())}
"
"mii-lm-studie-logicalmodel.Studiendesign.Einschlusskriterien.id","mii-lm-studie-logicalmodel.Studiendesign.Einschlusskriterien.id","","","",0,1,"","","","string {[]} {[]}
","Unique id for inter-element referencing","Unique id for the element within a resource (for internal references). This may be any string value that does not contain spaces.","","","","","","","","","",,,,,"",,,,"Element.id",0,1,"",""
"mii-lm-studie-logicalmodel.Studiendesign.Einschlusskriterien.extension","mii-lm-studie-logicalmodel.Studiendesign.Einschlusskriterien.extension","","extensions
user content","",0,*,"","","","Extension {[]} {[]}
","Additional content defined by implementations","May be used to represent additional information that is not part of the basic definition of the element. To make the use of extensions safe and manageable, there is a strict set of governance  applied to the definition and use of extensions. Though any implementer can define an extension, there is a set of requirements that SHALL be met as part of the definition of the extension.","There can be no stigma associated with the use of extensions by any application, project, or standard - regardless of the institution or jurisdiction that uses or defines the extensions.  The use of extensions is what allows the FHIR specification to retain a core level of simplicity for everyone.","","","","","","","","",,,,,"","value:url}
","Extensions are always sliced by (at least) url",,"open","Element.extension",0,*,"","ele-1:All FHIR elements must have a @value or children {hasValue() or (children().count() > id.count())}
ext-1:Must have either extensions or value[x], not both {extension.exists() != value.exists()}"
"mii-lm-studie-logicalmodel.Studiendesign.Einschlusskriterien.modifierExtension","mii-lm-studie-logicalmodel.Studiendesign.Einschlusskriterien.modifierExtension","","extensions
user contentmodifiers","",0,*,"","Y","Y","Extension {[]} {[]}
","Extensions that cannot be ignored even if unrecognized","May be used to represent additional information that is not part of the basic definition of the element and that modifies the understanding of the element in which it is contained and/or the understanding of the containing element's descendants. Usually modifier elements provide negation or qualification. To make the use of extensions safe and manageable, there is a strict set of governance applied to the definition and use of extensions. Though any implementer can define an extension, there is a set of requirements that SHALL be met as part of the definition of the extension. Applications processing a resource are required to check for modifier extensions.

Modifier extensions SHALL NOT change the meaning of any elements on Resource or DomainResource (including cannot change the meaning of modifierExtension itself).","There can be no stigma associated with the use of extensions by any application, project, or standard - regardless of the institution or jurisdiction that uses or defines the extensions.  The use of extensions is what allows the FHIR specification to retain a core level of simplicity for everyone.","Modifier extensions allow for extensions that *cannot* be safely ignored to be clearly distinguished from the vast majority of extensions which can be safely ignored.  This promotes interoperability by eliminating the need for implementers to prohibit the presence of extensions. For further information, see the [definition of modifier extensions](http://hl7.org/fhir/R4/extensibility.html#modifierExtension).","","","","","","","",,,,,"",,,,"BackboneElement.modifierExtension",0,*,"","ele-1:All FHIR elements must have a @value or children {hasValue() or (children().count() > id.count())}
ext-1:Must have either extensions or value[x], not both {extension.exists() != value.exists()}"
"mii-lm-studie-logicalmodel.Studiendesign.Einschlusskriterien.Kriterium","mii-lm-studie-logicalmodel.Studiendesign.Einschlusskriterien.Kriterium","","","",0,*,"","","","string {[]} {[]}
","Kriterium","Kriterium","","","","","","","","","",,,,,"",,,,"mii-lm-studie-logicalmodel.Studiendesign.Einschlusskriterien.Kriterium",0,*,"",""
"mii-lm-studie-logicalmodel.Studiendesign.Einschlusskriterien.Operator","mii-lm-studie-logicalmodel.Studiendesign.Einschlusskriterien.Operator","","","",0,*,"","","","string {[]} {[]}
","Operator des Kriteriums","Operator des Kriteriums","","","","","","","","","",,,,,"",,,,"mii-lm-studie-logicalmodel.Studiendesign.Einschlusskriterien.Operator",0,*,"",""
"mii-lm-studie-logicalmodel.Studiendesign.Einschlusskriterien.Masseinheit","mii-lm-studie-logicalmodel.Studiendesign.Einschlusskriterien.Masseinheit","","","",0,*,"","","","code {[]} {[]}
","Masseinheit des Kriteriums","Masseinheit des Kriteriums","","","","","","","","","",,,,,"",,,,"mii-lm-studie-logicalmodel.Studiendesign.Einschlusskriterien.Masseinheit",0,*,"",""
"mii-lm-studie-logicalmodel.Studiendesign.Einschlusskriterien.Wert","mii-lm-studie-logicalmodel.Studiendesign.Einschlusskriterien.Wert","","","",0,*,"","","","Quantity {[]} {[]}
","Wert des Kriteriums","Wert des Kriteriums","","","","","","","","","",,,,,"",,,,"mii-lm-studie-logicalmodel.Studiendesign.Einschlusskriterien.Wert",0,*,"",""
"mii-lm-studie-logicalmodel.Studiendesign.Ausschlusskriterien","mii-lm-studie-logicalmodel.Studiendesign.Ausschlusskriterien","","","",0,*,"","","","BackboneElement {[]} {[]}
","Ausschlusskriterien einer Studie","Ausschlusskriterien einer Studie","","","","","","","","","",,,,,"",,,,"mii-lm-studie-logicalmodel.Studiendesign.Ausschlusskriterien",0,*,"","ele-1:All FHIR elements must have a @value or children {hasValue() or (children().count() > id.count())}
"
"mii-lm-studie-logicalmodel.Studiendesign.Ausschlusskriterien.id","mii-lm-studie-logicalmodel.Studiendesign.Ausschlusskriterien.id","","","",0,1,"","","","string {[]} {[]}
","Unique id for inter-element referencing","Unique id for the element within a resource (for internal references). This may be any string value that does not contain spaces.","","","","","","","","","",,,,,"",,,,"Element.id",0,1,"",""
"mii-lm-studie-logicalmodel.Studiendesign.Ausschlusskriterien.extension","mii-lm-studie-logicalmodel.Studiendesign.Ausschlusskriterien.extension","","extensions
user content","",0,*,"","","","Extension {[]} {[]}
","Additional content defined by implementations","May be used to represent additional information that is not part of the basic definition of the element. To make the use of extensions safe and manageable, there is a strict set of governance  applied to the definition and use of extensions. Though any implementer can define an extension, there is a set of requirements that SHALL be met as part of the definition of the extension.","There can be no stigma associated with the use of extensions by any application, project, or standard - regardless of the institution or jurisdiction that uses or defines the extensions.  The use of extensions is what allows the FHIR specification to retain a core level of simplicity for everyone.","","","","","","","","",,,,,"","value:url}
","Extensions are always sliced by (at least) url",,"open","Element.extension",0,*,"","ele-1:All FHIR elements must have a @value or children {hasValue() or (children().count() > id.count())}
ext-1:Must have either extensions or value[x], not both {extension.exists() != value.exists()}"
"mii-lm-studie-logicalmodel.Studiendesign.Ausschlusskriterien.modifierExtension","mii-lm-studie-logicalmodel.Studiendesign.Ausschlusskriterien.modifierExtension","","extensions
user contentmodifiers","",0,*,"","Y","Y","Extension {[]} {[]}
","Extensions that cannot be ignored even if unrecognized","May be used to represent additional information that is not part of the basic definition of the element and that modifies the understanding of the element in which it is contained and/or the understanding of the containing element's descendants. Usually modifier elements provide negation or qualification. To make the use of extensions safe and manageable, there is a strict set of governance applied to the definition and use of extensions. Though any implementer can define an extension, there is a set of requirements that SHALL be met as part of the definition of the extension. Applications processing a resource are required to check for modifier extensions.

Modifier extensions SHALL NOT change the meaning of any elements on Resource or DomainResource (including cannot change the meaning of modifierExtension itself).","There can be no stigma associated with the use of extensions by any application, project, or standard - regardless of the institution or jurisdiction that uses or defines the extensions.  The use of extensions is what allows the FHIR specification to retain a core level of simplicity for everyone.","Modifier extensions allow for extensions that *cannot* be safely ignored to be clearly distinguished from the vast majority of extensions which can be safely ignored.  This promotes interoperability by eliminating the need for implementers to prohibit the presence of extensions. For further information, see the [definition of modifier extensions](http://hl7.org/fhir/R4/extensibility.html#modifierExtension).","","","","","","","",,,,,"",,,,"BackboneElement.modifierExtension",0,*,"","ele-1:All FHIR elements must have a @value or children {hasValue() or (children().count() > id.count())}
ext-1:Must have either extensions or value[x], not both {extension.exists() != value.exists()}"
"mii-lm-studie-logicalmodel.Studiendesign.Ausschlusskriterien.Kriterium","mii-lm-studie-logicalmodel.Studiendesign.Ausschlusskriterien.Kriterium","","","",0,*,"","","","string {[]} {[]}
","Kriterium","Kriterium","","","","","","","","","",,,,,"",,,,"mii-lm-studie-logicalmodel.Studiendesign.Ausschlusskriterien.Kriterium",0,*,"",""
"mii-lm-studie-logicalmodel.Studiendesign.Ausschlusskriterien.Operator","mii-lm-studie-logicalmodel.Studiendesign.Ausschlusskriterien.Operator","","","",0,*,"","","","string {[]} {[]}
","Operator des Kriteriums","Operator des Kriteriums","","","","","","","","","",,,,,"",,,,"mii-lm-studie-logicalmodel.Studiendesign.Ausschlusskriterien.Operator",0,*,"",""
"mii-lm-studie-logicalmodel.Studiendesign.Ausschlusskriterien.Masseinheit","mii-lm-studie-logicalmodel.Studiendesign.Ausschlusskriterien.Masseinheit","","","",0,*,"","","","code {[]} {[]}
","Masseinheit des Kriteriums","Masseinheit des Kriteriums","","","","","","","","","",,,,,"",,,,"mii-lm-studie-logicalmodel.Studiendesign.Ausschlusskriterien.Masseinheit",0,*,"",""
"mii-lm-studie-logicalmodel.Studiendesign.Ausschlusskriterien.Wert","mii-lm-studie-logicalmodel.Studiendesign.Ausschlusskriterien.Wert","","","",0,*,"","","","Quantity {[]} {[]}
","Wert des Kriteriums","Wert des Kriteriums","","","","","","","","","",,,,,"",,,,"mii-lm-studie-logicalmodel.Studiendesign.Ausschlusskriterien.Wert",0,*,"",""
"mii-lm-studie-logicalmodel.Studiendesign.Studientyp","mii-lm-studie-logicalmodel.Studiendesign.Studientyp","","","",0,*,"","","","code {[]} {[]}
","Typ einer Studie","Typ einer Studie","","","","","","","","","",,,,,"",,,,"mii-lm-studie-logicalmodel.Studiendesign.Studientyp",0,*,"",""
"mii-lm-studie-logicalmodel.Studiendesign.Rekrutierungsziel","mii-lm-studie-logicalmodel.Studiendesign.Rekrutierungsziel","","","",0,*,"","","","Quantity {[]} {[]}
","Rekrutierungsziel einer Studie","Rekrutierungsziel einer Studie","","","","","","","","","",,,,,"",,,,"mii-lm-studie-logicalmodel.Studiendesign.Rekrutierungsziel",0,*,"",""
"mii-lm-studie-logicalmodel.Studiendesign.Rekrutierungsstand","mii-lm-studie-logicalmodel.Studiendesign.Rekrutierungsstand","","","",0,*,"","","","Count {[]} {[]}
","Rekrutierungsstand einer Studie","Rekrutierungsstand einer Studie","","","","","","","","","",,,,,"",,,,"mii-lm-studie-logicalmodel.Studiendesign.Rekrutierungsstand",0,*,"","cnt-3:There SHALL be a code with a value of ""1"" if there is a value. If system is present, it SHALL be UCUM.  If present, the value SHALL be a whole number. {(code.exists() or value.empty()) and (system.empty() or system = %ucum) and (code.empty() or code = '1') and (value.empty() or value.hasValue().not() or value.toString().contains('.').not())}
ele-1:All FHIR elements must have a @value or children {hasValue() or (children().count() > id.count())}qty-3:If a code for the unit is present, the system SHALL also be present {code.empty() or system.exists()}"
"mii-lm-studie-logicalmodel.Studiendesign.Rekrutierungsstand.id","mii-lm-studie-logicalmodel.Studiendesign.Rekrutierungsstand.id","","","",0,1,"","","","string {[]} {[]}
","Unique id for inter-element referencing","Unique id for the element within a resource (for internal references). This may be any string value that does not contain spaces.","","","","","","","","","",,,,,"",,,,"Element.id",0,1,"",""
"mii-lm-studie-logicalmodel.Studiendesign.Rekrutierungsstand.extension","mii-lm-studie-logicalmodel.Studiendesign.Rekrutierungsstand.extension","","extensions
user content","",0,*,"","","","Extension {[]} {[]}
","Additional content defined by implementations","May be used to represent additional information that is not part of the basic definition of the element. To make the use of extensions safe and manageable, there is a strict set of governance  applied to the definition and use of extensions. Though any implementer can define an extension, there is a set of requirements that SHALL be met as part of the definition of the extension.","There can be no stigma associated with the use of extensions by any application, project, or standard - regardless of the institution or jurisdiction that uses or defines the extensions.  The use of extensions is what allows the FHIR specification to retain a core level of simplicity for everyone.","","","","","","","","",,,,,"","value:url}
","Extensions are always sliced by (at least) url",,"open","Element.extension",0,*,"","ele-1:All FHIR elements must have a @value or children {hasValue() or (children().count() > id.count())}
ext-1:Must have either extensions or value[x], not both {extension.exists() != value.exists()}"
"mii-lm-studie-logicalmodel.Studiendesign.Rekrutierungsstand.value","mii-lm-studie-logicalmodel.Studiendesign.Rekrutierungsstand.value","","","",0,1,"","","Y","decimal {[]} {[]}
","Numerical value (with implicit precision)","The value of the measured amount. The value includes an implicit precision in the presentation of the value.","The implicit precision in the value should always be honored. Monetary values have their own rules for handling precision (refer to standard accounting text books).","Precision is handled implicitly in almost all cases of measurement.","","","","","","","",,,,,"",,,,"Quantity.value",0,1,"","ele-1:All FHIR elements must have a @value or children {hasValue() or (children().count() > id.count())}
"
"mii-lm-studie-logicalmodel.Studiendesign.Rekrutierungsstand.comparator","mii-lm-studie-logicalmodel.Studiendesign.Rekrutierungsstand.comparator","","","",0,1,"","Y","Y","code {[]} {[]}
","< | <= | >= | > - how to understand the value","How the value should be understood and represented - whether the actual value is greater or less than the stated value due to measurement issues; e.g. if the comparator is ""<"" , then the real value is < stated value.","","Need a framework for handling measures where the value is <5ug/L or >400mg/L due to the limitations of measuring methodology.","","If there is no comparator, then there is no modification of the value","","","","","",,"required","How the Quantity should be understood and represented.","http://hl7.org/fhir/ValueSet/quantity-comparator|4.0.1","",,,,"Quantity.comparator",0,1,"","ele-1:All FHIR elements must have a @value or children {hasValue() or (children().count() > id.count())}
"
"mii-lm-studie-logicalmodel.Studiendesign.Rekrutierungsstand.unit","mii-lm-studie-logicalmodel.Studiendesign.Rekrutierungsstand.unit","","","",0,1,"","","Y","string {[]} {[]}
","Unit representation","A human-readable form of the unit.","","There are many representations for units of measure and in many contexts, particular representations are fixed and required. I.e. mcg for micrograms.","","","","","","","",,,,,"",,,,"Quantity.unit",0,1,"","ele-1:All FHIR elements must have a @value or children {hasValue() or (children().count() > id.count())}
"
"mii-lm-studie-logicalmodel.Studiendesign.Rekrutierungsstand.system","mii-lm-studie-logicalmodel.Studiendesign.Rekrutierungsstand.system","","","",0,1,"","","Y","uri {[]} {[]}
","System that defines coded unit form","The identification of the system that provides the coded form of the unit.","","Need to know the system that defines the coded form of the unit.","","","","","","","",,,,,"",,,,"Quantity.system",0,1,"qty-3
","ele-1:All FHIR elements must have a @value or children {hasValue() or (children().count() > id.count())}
"
"mii-lm-studie-logicalmodel.Studiendesign.Rekrutierungsstand.code","mii-lm-studie-logicalmodel.Studiendesign.Rekrutierungsstand.code","","","",0,1,"","","Y","code {[]} {[]}
","Coded form of the unit","A computer processable form of the unit in some unit representation system.","The preferred system is UCUM, but SNOMED CT can also be used (for customary units) or ISO 4217 for currency.  The context of use may additionally require a code from a particular system.","Need a computable form of the unit that is fixed across all forms. UCUM provides this for quantities, but SNOMED CT provides many units of interest.","","","","","","","",,,,,"",,,,"Quantity.code",0,1,"","ele-1:All FHIR elements must have a @value or children {hasValue() or (children().count() > id.count())}
"
"mii-lm-studie-logicalmodel.Studiendesign.Rekrutierungsstand.RekrutierungsstandGenauigkeit","mii-lm-studie-logicalmodel.Studiendesign.Rekrutierungsstand.RekrutierungsstandGenauigkeit","","","",0,*,"","","","code {[]} {[]}
","Genauigkeit eines Rekrutierungsstands einer Studie","Genauigkeit eines Rekrutierungsstands einer Studie","","","","","","","","","",,,,,"",,,,"mii-lm-studie-logicalmodel.Studiendesign.Rekrutierungsstand.RekrutierungsstandGenauigkeit",0,*,"",""
"mii-lm-studie-logicalmodel.Studiendesign.Rekrutierungsstand.RekrutierungsstandDatum","mii-lm-studie-logicalmodel.Studiendesign.Rekrutierungsstand.RekrutierungsstandDatum","","","",0,*,"","","","date {[]} {[]}
","Datum eines Rekrutierungsstands einer Studie","Datum eines Rekrutierungsstands einer Studie","","","","","","","","","",,,,,"",,,,"mii-lm-studie-logicalmodel.Studiendesign.Rekrutierungsstand.RekrutierungsstandDatum",0,*,"",""
"mii-lm-studie-logicalmodel.Studiendesign.Randomisierungsmethode","mii-lm-studie-logicalmodel.Studiendesign.Randomisierungsmethode","","","",0,*,"","","","string {[]} {[]}
","Randomisierungsmethode einer Studie","Randomisierungsmethode einer Studie","","","","","","","","","",,,,,"",,,,"mii-lm-studie-logicalmodel.Studiendesign.Randomisierungsmethode",0,*,"",""
"mii-lm-studie-logicalmodel.Studiendesign.TeilVon","mii-lm-studie-logicalmodel.Studiendesign.TeilVon","","","",0,*,"","","","Reference {[]} {[]}
","Falls die Instanz einen Studienarm repräsentiert, Verweis auf die Hauptstudie","Falls die Instanz einen Studienarm repräsentiert, Verweis auf die Hauptstudie","","","","","","","","","",,,,,"",,,,"mii-lm-studie-logicalmodel.Studiendesign.TeilVon",0,*,"",""
"mii-lm-studie-logicalmodel.Studienregister","mii-lm-studie-logicalmodel.Studienregister","","","",0,*,"","","","BackboneElement {[]} {[]}
","Studienregister einer Studie","Studienregister einer Studie","","","","","","","","","",,,,,"",,,,"mii-lm-studie-logicalmodel.Studienregister",0,*,"","ele-1:All FHIR elements must have a @value or children {hasValue() or (children().count() > id.count())}
"
"mii-lm-studie-logicalmodel.Studienregister.id","mii-lm-studie-logicalmodel.Studienregister.id","","","",0,1,"","","","string {[]} {[]}
","Unique id for inter-element referencing","Unique id for the element within a resource (for internal references). This may be any string value that does not contain spaces.","","","","","","","","","",,,,,"",,,,"Element.id",0,1,"",""
"mii-lm-studie-logicalmodel.Studienregister.extension","mii-lm-studie-logicalmodel.Studienregister.extension","","extensions
user content","",0,*,"","","","Extension {[]} {[]}
","Additional content defined by implementations","May be used to represent additional information that is not part of the basic definition of the element. To make the use of extensions safe and manageable, there is a strict set of governance  applied to the definition and use of extensions. Though any implementer can define an extension, there is a set of requirements that SHALL be met as part of the definition of the extension.","There can be no stigma associated with the use of extensions by any application, project, or standard - regardless of the institution or jurisdiction that uses or defines the extensions.  The use of extensions is what allows the FHIR specification to retain a core level of simplicity for everyone.","","","","","","","","",,,,,"","value:url}
","Extensions are always sliced by (at least) url",,"open","Element.extension",0,*,"","ele-1:All FHIR elements must have a @value or children {hasValue() or (children().count() > id.count())}
ext-1:Must have either extensions or value[x], not both {extension.exists() != value.exists()}"
"mii-lm-studie-logicalmodel.Studienregister.modifierExtension","mii-lm-studie-logicalmodel.Studienregister.modifierExtension","","extensions
user contentmodifiers","",0,*,"","Y","Y","Extension {[]} {[]}
","Extensions that cannot be ignored even if unrecognized","May be used to represent additional information that is not part of the basic definition of the element and that modifies the understanding of the element in which it is contained and/or the understanding of the containing element's descendants. Usually modifier elements provide negation or qualification. To make the use of extensions safe and manageable, there is a strict set of governance applied to the definition and use of extensions. Though any implementer can define an extension, there is a set of requirements that SHALL be met as part of the definition of the extension. Applications processing a resource are required to check for modifier extensions.

Modifier extensions SHALL NOT change the meaning of any elements on Resource or DomainResource (including cannot change the meaning of modifierExtension itself).","There can be no stigma associated with the use of extensions by any application, project, or standard - regardless of the institution or jurisdiction that uses or defines the extensions.  The use of extensions is what allows the FHIR specification to retain a core level of simplicity for everyone.","Modifier extensions allow for extensions that *cannot* be safely ignored to be clearly distinguished from the vast majority of extensions which can be safely ignored.  This promotes interoperability by eliminating the need for implementers to prohibit the presence of extensions. For further information, see the [definition of modifier extensions](http://hl7.org/fhir/R4/extensibility.html#modifierExtension).","","","","","","","",,,,,"",,,,"BackboneElement.modifierExtension",0,*,"","ele-1:All FHIR elements must have a @value or children {hasValue() or (children().count() > id.count())}
ext-1:Must have either extensions or value[x], not both {extension.exists() != value.exists()}"
"mii-lm-studie-logicalmodel.Studienregister.Registername","mii-lm-studie-logicalmodel.Studienregister.Registername","","","",0,*,"","","","string {[]} {[]}
","Name eines Studienregisters","Name eines Studienregisters","","","","","","","","","",,,,,"",,,,"mii-lm-studie-logicalmodel.Studienregister.Registername",0,*,"",""
"mii-lm-studie-logicalmodel.Studienregister.RegisterId","mii-lm-studie-logicalmodel.Studienregister.RegisterId","","","",0,*,"","","","Identifier {[]} {[]}
","RegisterId eines Studienregisters","RegisterId eines Studienregisters","","","","","","","","","",,,,,"",,,,"mii-lm-studie-logicalmodel.Studienregister.RegisterId",0,*,"",""
"mii-lm-studie-logicalmodel.Studienregister.url","mii-lm-studie-logicalmodel.Studienregister.url","","","",0,*,"","","","string {[]} {[]}
","URL eines Studienregisters","URL eines Studienregisters","","","","","","","","","",,,,,"",,,,"mii-lm-studie-logicalmodel.Studienregister.url",0,*,"",""
"mii-lm-studie-logicalmodel.Publikation","mii-lm-studie-logicalmodel.Publikation","","","",0,*,"","","","BackboneElement {[]} {[]}
","Publikationen eines Forschungsvorhabens","Publikationen eines Forschungsvorhabens","","","","","","","","","",,,,,"",,,,"mii-lm-studie-logicalmodel.Publikation",0,*,"","ele-1:All FHIR elements must have a @value or children {hasValue() or (children().count() > id.count())}
"
"mii-lm-studie-logicalmodel.Publikation.id","mii-lm-studie-logicalmodel.Publikation.id","","","",0,1,"","","","string {[]} {[]}
","Unique id for inter-element referencing","Unique id for the element within a resource (for internal references). This may be any string value that does not contain spaces.","","","","","","","","","",,,,,"",,,,"Element.id",0,1,"",""
"mii-lm-studie-logicalmodel.Publikation.extension","mii-lm-studie-logicalmodel.Publikation.extension","","extensions
user content","",0,*,"","","","Extension {[]} {[]}
","Additional content defined by implementations","May be used to represent additional information that is not part of the basic definition of the element. To make the use of extensions safe and manageable, there is a strict set of governance  applied to the definition and use of extensions. Though any implementer can define an extension, there is a set of requirements that SHALL be met as part of the definition of the extension.","There can be no stigma associated with the use of extensions by any application, project, or standard - regardless of the institution or jurisdiction that uses or defines the extensions.  The use of extensions is what allows the FHIR specification to retain a core level of simplicity for everyone.","","","","","","","","",,,,,"","value:url}
","Extensions are always sliced by (at least) url",,"open","Element.extension",0,*,"","ele-1:All FHIR elements must have a @value or children {hasValue() or (children().count() > id.count())}
ext-1:Must have either extensions or value[x], not both {extension.exists() != value.exists()}"
"mii-lm-studie-logicalmodel.Publikation.modifierExtension","mii-lm-studie-logicalmodel.Publikation.modifierExtension","","extensions
user contentmodifiers","",0,*,"","Y","Y","Extension {[]} {[]}
","Extensions that cannot be ignored even if unrecognized","May be used to represent additional information that is not part of the basic definition of the element and that modifies the understanding of the element in which it is contained and/or the understanding of the containing element's descendants. Usually modifier elements provide negation or qualification. To make the use of extensions safe and manageable, there is a strict set of governance applied to the definition and use of extensions. Though any implementer can define an extension, there is a set of requirements that SHALL be met as part of the definition of the extension. Applications processing a resource are required to check for modifier extensions.

Modifier extensions SHALL NOT change the meaning of any elements on Resource or DomainResource (including cannot change the meaning of modifierExtension itself).","There can be no stigma associated with the use of extensions by any application, project, or standard - regardless of the institution or jurisdiction that uses or defines the extensions.  The use of extensions is what allows the FHIR specification to retain a core level of simplicity for everyone.","Modifier extensions allow for extensions that *cannot* be safely ignored to be clearly distinguished from the vast majority of extensions which can be safely ignored.  This promotes interoperability by eliminating the need for implementers to prohibit the presence of extensions. For further information, see the [definition of modifier extensions](http://hl7.org/fhir/R4/extensibility.html#modifierExtension).","","","","","","","",,,,,"",,,,"BackboneElement.modifierExtension",0,*,"","ele-1:All FHIR elements must have a @value or children {hasValue() or (children().count() > id.count())}
ext-1:Must have either extensions or value[x], not both {extension.exists() != value.exists()}"
"mii-lm-studie-logicalmodel.Publikation.url","mii-lm-studie-logicalmodel.Publikation.url","","","",0,*,"","","","string {[]} {[]}
","URL einer Publikation","URL einer Publikation","","","","","","","","","",,,,,"",,,,"mii-lm-studie-logicalmodel.Publikation.url",0,*,"",""
"mii-lm-studie-logicalmodel.Publikation.Titel","mii-lm-studie-logicalmodel.Publikation.Titel","","","",0,*,"","","","string {[]} {[]}
","Titel einer Publikation","Titel einer Publikation","","","","","","","","","",,,,,"",,,,"mii-lm-studie-logicalmodel.Publikation.Titel",0,*,"",""
"mii-lm-studie-logicalmodel.Publikation.Autor","mii-lm-studie-logicalmodel.Publikation.Autor","","","",0,*,"","","","string {[]} {[]}
","Autor einer Publikation","Autor einer Publikation","","","","","","","","","",,,,,"",,,,"mii-lm-studie-logicalmodel.Publikation.Autor",0,*,"",""
"mii-lm-studie-logicalmodel.Rekrutierungsstatus","mii-lm-studie-logicalmodel.Rekrutierungsstatus","","","",0,*,"","","","code {[]} {[]}
","Rekrutierungsstatus einer Studie","Rekrutierungsstatus einer Studie","","","","","","","","","",,,,,"",,,,"mii-lm-studie-logicalmodel.Rekrutierungsstatus",0,*,"",""
"mii-lm-studie-logicalmodel.Studienphase","mii-lm-studie-logicalmodel.Studienphase","","","",0,*,"","","","code {[]} {[]}
","Studienphase einer Studie","Studienphase einer Studie","","","","","","","","","",,,,,"",,,,"mii-lm-studie-logicalmodel.Studienphase",0,*,"",""
"mii-lm-studie-logicalmodel.Studienstatus","mii-lm-studie-logicalmodel.Studienstatus","","","",0,*,"","","","code {[]} {[]}
","Studienstatus einer Studie","Studienstatus einer Studie","","","","","","","","","",,,,,"",,,,"mii-lm-studie-logicalmodel.Studienstatus",0,*,"",""
"mii-lm-studie-logicalmodel.Datenerhebung","mii-lm-studie-logicalmodel.Datenerhebung","","","",0,*,"","","","BackboneElement {[]} {[]}
","Beschreibung einer Datenerhebung einer Studie","Beschreibung einer Datenerhebung einer Studie","","","","","","","","","",,,,,"",,,,"mii-lm-studie-logicalmodel.Datenerhebung",0,*,"","ele-1:All FHIR elements must have a @value or children {hasValue() or (children().count() > id.count())}
"
"mii-lm-studie-logicalmodel.Datenerhebung.id","mii-lm-studie-logicalmodel.Datenerhebung.id","","","",0,1,"","","","string {[]} {[]}
","Unique id for inter-element referencing","Unique id for the element within a resource (for internal references). This may be any string value that does not contain spaces.","","","","","","","","","",,,,,"",,,,"Element.id",0,1,"",""
"mii-lm-studie-logicalmodel.Datenerhebung.extension","mii-lm-studie-logicalmodel.Datenerhebung.extension","","extensions
user content","",0,*,"","","","Extension {[]} {[]}
","Additional content defined by implementations","May be used to represent additional information that is not part of the basic definition of the element. To make the use of extensions safe and manageable, there is a strict set of governance  applied to the definition and use of extensions. Though any implementer can define an extension, there is a set of requirements that SHALL be met as part of the definition of the extension.","There can be no stigma associated with the use of extensions by any application, project, or standard - regardless of the institution or jurisdiction that uses or defines the extensions.  The use of extensions is what allows the FHIR specification to retain a core level of simplicity for everyone.","","","","","","","","",,,,,"","value:url}
","Extensions are always sliced by (at least) url",,"open","Element.extension",0,*,"","ele-1:All FHIR elements must have a @value or children {hasValue() or (children().count() > id.count())}
ext-1:Must have either extensions or value[x], not both {extension.exists() != value.exists()}"
"mii-lm-studie-logicalmodel.Datenerhebung.modifierExtension","mii-lm-studie-logicalmodel.Datenerhebung.modifierExtension","","extensions
user contentmodifiers","",0,*,"","Y","Y","Extension {[]} {[]}
","Extensions that cannot be ignored even if unrecognized","May be used to represent additional information that is not part of the basic definition of the element and that modifies the understanding of the element in which it is contained and/or the understanding of the containing element's descendants. Usually modifier elements provide negation or qualification. To make the use of extensions safe and manageable, there is a strict set of governance applied to the definition and use of extensions. Though any implementer can define an extension, there is a set of requirements that SHALL be met as part of the definition of the extension. Applications processing a resource are required to check for modifier extensions.

Modifier extensions SHALL NOT change the meaning of any elements on Resource or DomainResource (including cannot change the meaning of modifierExtension itself).","There can be no stigma associated with the use of extensions by any application, project, or standard - regardless of the institution or jurisdiction that uses or defines the extensions.  The use of extensions is what allows the FHIR specification to retain a core level of simplicity for everyone.","Modifier extensions allow for extensions that *cannot* be safely ignored to be clearly distinguished from the vast majority of extensions which can be safely ignored.  This promotes interoperability by eliminating the need for implementers to prohibit the presence of extensions. For further information, see the [definition of modifier extensions](http://hl7.org/fhir/R4/extensibility.html#modifierExtension).","","","","","","","",,,,,"",,,,"BackboneElement.modifierExtension",0,*,"","ele-1:All FHIR elements must have a @value or children {hasValue() or (children().count() > id.count())}
ext-1:Must have either extensions or value[x], not both {extension.exists() != value.exists()}"
"mii-lm-studie-logicalmodel.Datenerhebung.Dokument","mii-lm-studie-logicalmodel.Datenerhebung.Dokument","","","",0,*,"","","","BackboneElement {[]} {[]}
","Dokument einer Datenerhebung","Dokument einer Datenerhebung","","","","","","","","","",,,,,"",,,,"mii-lm-studie-logicalmodel.Datenerhebung.Dokument",0,*,"","ele-1:All FHIR elements must have a @value or children {hasValue() or (children().count() > id.count())}
"
"mii-lm-studie-logicalmodel.Datenerhebung.Dokument.id","mii-lm-studie-logicalmodel.Datenerhebung.Dokument.id","","","",0,1,"","","","string {[]} {[]}
","Unique id for inter-element referencing","Unique id for the element within a resource (for internal references). This may be any string value that does not contain spaces.","","","","","","","","","",,,,,"",,,,"Element.id",0,1,"",""
"mii-lm-studie-logicalmodel.Datenerhebung.Dokument.extension","mii-lm-studie-logicalmodel.Datenerhebung.Dokument.extension","","extensions
user content","",0,*,"","","","Extension {[]} {[]}
","Additional content defined by implementations","May be used to represent additional information that is not part of the basic definition of the element. To make the use of extensions safe and manageable, there is a strict set of governance  applied to the definition and use of extensions. Though any implementer can define an extension, there is a set of requirements that SHALL be met as part of the definition of the extension.","There can be no stigma associated with the use of extensions by any application, project, or standard - regardless of the institution or jurisdiction that uses or defines the extensions.  The use of extensions is what allows the FHIR specification to retain a core level of simplicity for everyone.","","","","","","","","",,,,,"","value:url}
","Extensions are always sliced by (at least) url",,"open","Element.extension",0,*,"","ele-1:All FHIR elements must have a @value or children {hasValue() or (children().count() > id.count())}
ext-1:Must have either extensions or value[x], not both {extension.exists() != value.exists()}"
"mii-lm-studie-logicalmodel.Datenerhebung.Dokument.modifierExtension","mii-lm-studie-logicalmodel.Datenerhebung.Dokument.modifierExtension","","extensions
user contentmodifiers","",0,*,"","Y","Y","Extension {[]} {[]}
","Extensions that cannot be ignored even if unrecognized","May be used to represent additional information that is not part of the basic definition of the element and that modifies the understanding of the element in which it is contained and/or the understanding of the containing element's descendants. Usually modifier elements provide negation or qualification. To make the use of extensions safe and manageable, there is a strict set of governance applied to the definition and use of extensions. Though any implementer can define an extension, there is a set of requirements that SHALL be met as part of the definition of the extension. Applications processing a resource are required to check for modifier extensions.

Modifier extensions SHALL NOT change the meaning of any elements on Resource or DomainResource (including cannot change the meaning of modifierExtension itself).","There can be no stigma associated with the use of extensions by any application, project, or standard - regardless of the institution or jurisdiction that uses or defines the extensions.  The use of extensions is what allows the FHIR specification to retain a core level of simplicity for everyone.","Modifier extensions allow for extensions that *cannot* be safely ignored to be clearly distinguished from the vast majority of extensions which can be safely ignored.  This promotes interoperability by eliminating the need for implementers to prohibit the presence of extensions. For further information, see the [definition of modifier extensions](http://hl7.org/fhir/R4/extensibility.html#modifierExtension).","","","","","","","",,,,,"",,,,"BackboneElement.modifierExtension",0,*,"","ele-1:All FHIR elements must have a @value or children {hasValue() or (children().count() > id.count())}
ext-1:Must have either extensions or value[x], not both {extension.exists() != value.exists()}"
"mii-lm-studie-logicalmodel.Datenerhebung.Dokument.Name","mii-lm-studie-logicalmodel.Datenerhebung.Dokument.Name","","","",0,*,"","","","string {[]} {[]}
","Name eines Dokumentes","Name eines Dokumentes","","","","","","","","","",,,,,"",,,,"mii-lm-studie-logicalmodel.Datenerhebung.Dokument.Name",0,*,"",""
"mii-lm-studie-logicalmodel.Datenerhebung.Dokument.Autor","mii-lm-studie-logicalmodel.Datenerhebung.Dokument.Autor","","","",0,*,"","","","string {[]} {[]}
","Autor eines Dokumentes","Autor eines Dokumentes","","","","","","","","","",,,,,"",,,,"mii-lm-studie-logicalmodel.Datenerhebung.Dokument.Autor",0,*,"",""
"mii-lm-studie-logicalmodel.Datenerhebung.Dokument.Dateityp","mii-lm-studie-logicalmodel.Datenerhebung.Dokument.Dateityp","","","",0,*,"","","","string {[]} {[]}
","Dateityp eines Dokumentes","Dateityp eines Dokumentes","","","","","","","","","",,,,,"",,,,"mii-lm-studie-logicalmodel.Datenerhebung.Dokument.Dateityp",0,*,"",""
"mii-lm-studie-logicalmodel.Datenerhebung.Dokument.Standort","mii-lm-studie-logicalmodel.Datenerhebung.Dokument.Standort","","","",0,*,"","","","BackboneElement {[]} {[]}
","Standort eines Dokumentes","Standort eines Dokumentes","","","","","","","","","",,,,,"",,,,"mii-lm-studie-logicalmodel.Datenerhebung.Dokument.Standort",0,*,"","ele-1:All FHIR elements must have a @value or children {hasValue() or (children().count() > id.count())}
"
"mii-lm-studie-logicalmodel.Datenerhebung.Dokument.Standort.id","mii-lm-studie-logicalmodel.Datenerhebung.Dokument.Standort.id","","","",0,1,"","","","string {[]} {[]}
","Unique id for inter-element referencing","Unique id for the element within a resource (for internal references). This may be any string value that does not contain spaces.","","","","","","","","","",,,,,"",,,,"Element.id",0,1,"",""
"mii-lm-studie-logicalmodel.Datenerhebung.Dokument.Standort.extension","mii-lm-studie-logicalmodel.Datenerhebung.Dokument.Standort.extension","","extensions
user content","",0,*,"","","","Extension {[]} {[]}
","Additional content defined by implementations","May be used to represent additional information that is not part of the basic definition of the element. To make the use of extensions safe and manageable, there is a strict set of governance  applied to the definition and use of extensions. Though any implementer can define an extension, there is a set of requirements that SHALL be met as part of the definition of the extension.","There can be no stigma associated with the use of extensions by any application, project, or standard - regardless of the institution or jurisdiction that uses or defines the extensions.  The use of extensions is what allows the FHIR specification to retain a core level of simplicity for everyone.","","","","","","","","",,,,,"","value:url}
","Extensions are always sliced by (at least) url",,"open","Element.extension",0,*,"","ele-1:All FHIR elements must have a @value or children {hasValue() or (children().count() > id.count())}
ext-1:Must have either extensions or value[x], not both {extension.exists() != value.exists()}"
"mii-lm-studie-logicalmodel.Datenerhebung.Dokument.Standort.modifierExtension","mii-lm-studie-logicalmodel.Datenerhebung.Dokument.Standort.modifierExtension","","extensions
user contentmodifiers","",0,*,"","Y","Y","Extension {[]} {[]}
","Extensions that cannot be ignored even if unrecognized","May be used to represent additional information that is not part of the basic definition of the element and that modifies the understanding of the element in which it is contained and/or the understanding of the containing element's descendants. Usually modifier elements provide negation or qualification. To make the use of extensions safe and manageable, there is a strict set of governance applied to the definition and use of extensions. Though any implementer can define an extension, there is a set of requirements that SHALL be met as part of the definition of the extension. Applications processing a resource are required to check for modifier extensions.

Modifier extensions SHALL NOT change the meaning of any elements on Resource or DomainResource (including cannot change the meaning of modifierExtension itself).","There can be no stigma associated with the use of extensions by any application, project, or standard - regardless of the institution or jurisdiction that uses or defines the extensions.  The use of extensions is what allows the FHIR specification to retain a core level of simplicity for everyone.","Modifier extensions allow for extensions that *cannot* be safely ignored to be clearly distinguished from the vast majority of extensions which can be safely ignored.  This promotes interoperability by eliminating the need for implementers to prohibit the presence of extensions. For further information, see the [definition of modifier extensions](http://hl7.org/fhir/R4/extensibility.html#modifierExtension).","","","","","","","",,,,,"",,,,"BackboneElement.modifierExtension",0,*,"","ele-1:All FHIR elements must have a @value or children {hasValue() or (children().count() > id.count())}
ext-1:Must have either extensions or value[x], not both {extension.exists() != value.exists()}"
"mii-lm-studie-logicalmodel.Datenerhebung.Dokument.Standort.Strasse","mii-lm-studie-logicalmodel.Datenerhebung.Dokument.Standort.Strasse","","","",0,*,"","","","string {[]} {[]}
","Strasse einer Adresse","Strasse einer Adresse","","","","","","","","","",,,,,"",,,,"mii-lm-studie-logicalmodel.Datenerhebung.Dokument.Standort.Strasse",0,*,"",""
"mii-lm-studie-logicalmodel.Datenerhebung.Dokument.Standort.Adresse","mii-lm-studie-logicalmodel.Datenerhebung.Dokument.Standort.Adresse","","","",0,*,"","","","BackboneElement {[]} {[]}
","Adresse eines Standorts","Adresse eines Standorts","","","","","","","","","",,,,,"",,,,"mii-lm-studie-logicalmodel.Datenerhebung.Dokument.Standort.Adresse",0,*,"","ele-1:All FHIR elements must have a @value or children {hasValue() or (children().count() > id.count())}
"
"mii-lm-studie-logicalmodel.Datenerhebung.Dokument.Standort.Adresse.id","mii-lm-studie-logicalmodel.Datenerhebung.Dokument.Standort.Adresse.id","","","",0,1,"","","","string {[]} {[]}
","Unique id for inter-element referencing","Unique id for the element within a resource (for internal references). This may be any string value that does not contain spaces.","","","","","","","","","",,,,,"",,,,"Element.id",0,1,"",""
"mii-lm-studie-logicalmodel.Datenerhebung.Dokument.Standort.Adresse.extension","mii-lm-studie-logicalmodel.Datenerhebung.Dokument.Standort.Adresse.extension","","extensions
user content","",0,*,"","","","Extension {[]} {[]}
","Additional content defined by implementations","May be used to represent additional information that is not part of the basic definition of the element. To make the use of extensions safe and manageable, there is a strict set of governance  applied to the definition and use of extensions. Though any implementer can define an extension, there is a set of requirements that SHALL be met as part of the definition of the extension.","There can be no stigma associated with the use of extensions by any application, project, or standard - regardless of the institution or jurisdiction that uses or defines the extensions.  The use of extensions is what allows the FHIR specification to retain a core level of simplicity for everyone.","","","","","","","","",,,,,"","value:url}
","Extensions are always sliced by (at least) url",,"open","Element.extension",0,*,"","ele-1:All FHIR elements must have a @value or children {hasValue() or (children().count() > id.count())}
ext-1:Must have either extensions or value[x], not both {extension.exists() != value.exists()}"
"mii-lm-studie-logicalmodel.Datenerhebung.Dokument.Standort.Adresse.modifierExtension","mii-lm-studie-logicalmodel.Datenerhebung.Dokument.Standort.Adresse.modifierExtension","","extensions
user contentmodifiers","",0,*,"","Y","Y","Extension {[]} {[]}
","Extensions that cannot be ignored even if unrecognized","May be used to represent additional information that is not part of the basic definition of the element and that modifies the understanding of the element in which it is contained and/or the understanding of the containing element's descendants. Usually modifier elements provide negation or qualification. To make the use of extensions safe and manageable, there is a strict set of governance applied to the definition and use of extensions. Though any implementer can define an extension, there is a set of requirements that SHALL be met as part of the definition of the extension. Applications processing a resource are required to check for modifier extensions.

Modifier extensions SHALL NOT change the meaning of any elements on Resource or DomainResource (including cannot change the meaning of modifierExtension itself).","There can be no stigma associated with the use of extensions by any application, project, or standard - regardless of the institution or jurisdiction that uses or defines the extensions.  The use of extensions is what allows the FHIR specification to retain a core level of simplicity for everyone.","Modifier extensions allow for extensions that *cannot* be safely ignored to be clearly distinguished from the vast majority of extensions which can be safely ignored.  This promotes interoperability by eliminating the need for implementers to prohibit the presence of extensions. For further information, see the [definition of modifier extensions](http://hl7.org/fhir/R4/extensibility.html#modifierExtension).","","","","","","","",,,,,"",,,,"BackboneElement.modifierExtension",0,*,"","ele-1:All FHIR elements must have a @value or children {hasValue() or (children().count() > id.count())}
ext-1:Must have either extensions or value[x], not both {extension.exists() != value.exists()}"
"mii-lm-studie-logicalmodel.Datenerhebung.Dokument.Standort.Adresse.Strasse","mii-lm-studie-logicalmodel.Datenerhebung.Dokument.Standort.Adresse.Strasse","","","",0,*,"","","","string {[]} {[]}
","Strasse einer Adresse","Strasse einer Adresse","","","","","","","","","",,,,,"",,,,"mii-lm-studie-logicalmodel.Datenerhebung.Dokument.Standort.Adresse.Strasse",0,*,"",""
"mii-lm-studie-logicalmodel.Datenerhebung.Dokument.Standort.Adresse.Hausnummer","mii-lm-studie-logicalmodel.Datenerhebung.Dokument.Standort.Adresse.Hausnummer","","","",0,*,"","","","string {[]} {[]}
","Hausnummer einer Adresse","Hausnummer einer Adresse","","","","","","","","","",,,,,"",,,,"mii-lm-studie-logicalmodel.Datenerhebung.Dokument.Standort.Adresse.Hausnummer",0,*,"",""
"mii-lm-studie-logicalmodel.Datenerhebung.Dokument.Standort.Adresse.PLZ","mii-lm-studie-logicalmodel.Datenerhebung.Dokument.Standort.Adresse.PLZ","","","",0,*,"","","","string {[]} {[]}
","PLZ einer Adresse","PLZ einer Adresse","","","","","","","","","",,,,,"",,,,"mii-lm-studie-logicalmodel.Datenerhebung.Dokument.Standort.Adresse.PLZ",0,*,"",""
"mii-lm-studie-logicalmodel.Datenerhebung.Dokument.Standort.Adresse.Wohnort","mii-lm-studie-logicalmodel.Datenerhebung.Dokument.Standort.Adresse.Wohnort","","","",0,*,"","","","string {[]} {[]}
","Wohnort einer Adresse","Wohnort einer Adresse","","","","","","","","","",,,,,"",,,,"mii-lm-studie-logicalmodel.Datenerhebung.Dokument.Standort.Adresse.Wohnort",0,*,"",""
"mii-lm-studie-logicalmodel.Datenerhebung.Dokument.Standort.Adresse.Land","mii-lm-studie-logicalmodel.Datenerhebung.Dokument.Standort.Adresse.Land","","","",0,*,"","","","code {[]} {[]}
","Land einer Adresse","Land einer Adresse","","","","","","","","","",,,,,"",,,,"mii-lm-studie-logicalmodel.Datenerhebung.Dokument.Standort.Adresse.Land",0,*,"",""
"mii-lm-studie-logicalmodel.Datenerhebung.Dokument.Dateigroesse","mii-lm-studie-logicalmodel.Datenerhebung.Dokument.Dateigroesse","","","",0,*,"","","","Quantity {[]} {[]}
","Dateigrösse eines Dokumentes","Dateigrösse eines Dokumentes","","","","","","","","","",,,,,"",,,,"mii-lm-studie-logicalmodel.Datenerhebung.Dokument.Dateigroesse",0,*,"",""
"mii-lm-studie-logicalmodel.Datenerhebung.Dokument.url","mii-lm-studie-logicalmodel.Datenerhebung.Dokument.url","","","",0,*,"","","","string {[]} {[]}
","URL eines Dokumentes","URL eines Dokumentes","","","","","","","","","",,,,,"",,,,"mii-lm-studie-logicalmodel.Datenerhebung.Dokument.url",0,*,"",""
"mii-lm-studie-logicalmodel.Rechtsgrundlage","mii-lm-studie-logicalmodel.Rechtsgrundlage","","","",0,*,"","","","BackboneElement {[]} {[]}
","Rechtsgrundlage einer Studie","Rechtsgrundlage einer Studie","","","","","","","","","",,,,,"",,,,"mii-lm-studie-logicalmodel.Rechtsgrundlage",0,*,"","ele-1:All FHIR elements must have a @value or children {hasValue() or (children().count() > id.count())}
"
"mii-lm-studie-logicalmodel.Rechtsgrundlage.id","mii-lm-studie-logicalmodel.Rechtsgrundlage.id","","","",0,1,"","","","string {[]} {[]}
","Unique id for inter-element referencing","Unique id for the element within a resource (for internal references). This may be any string value that does not contain spaces.","","","","","","","","","",,,,,"",,,,"Element.id",0,1,"",""
"mii-lm-studie-logicalmodel.Rechtsgrundlage.extension","mii-lm-studie-logicalmodel.Rechtsgrundlage.extension","","extensions
user content","",0,*,"","","","Extension {[]} {[]}
","Additional content defined by implementations","May be used to represent additional information that is not part of the basic definition of the element. To make the use of extensions safe and manageable, there is a strict set of governance  applied to the definition and use of extensions. Though any implementer can define an extension, there is a set of requirements that SHALL be met as part of the definition of the extension.","There can be no stigma associated with the use of extensions by any application, project, or standard - regardless of the institution or jurisdiction that uses or defines the extensions.  The use of extensions is what allows the FHIR specification to retain a core level of simplicity for everyone.","","","","","","","","",,,,,"","value:url}
","Extensions are always sliced by (at least) url",,"open","Element.extension",0,*,"","ele-1:All FHIR elements must have a @value or children {hasValue() or (children().count() > id.count())}
ext-1:Must have either extensions or value[x], not both {extension.exists() != value.exists()}"
"mii-lm-studie-logicalmodel.Rechtsgrundlage.modifierExtension","mii-lm-studie-logicalmodel.Rechtsgrundlage.modifierExtension","","extensions
user contentmodifiers","",0,*,"","Y","Y","Extension {[]} {[]}
","Extensions that cannot be ignored even if unrecognized","May be used to represent additional information that is not part of the basic definition of the element and that modifies the understanding of the element in which it is contained and/or the understanding of the containing element's descendants. Usually modifier elements provide negation or qualification. To make the use of extensions safe and manageable, there is a strict set of governance applied to the definition and use of extensions. Though any implementer can define an extension, there is a set of requirements that SHALL be met as part of the definition of the extension. Applications processing a resource are required to check for modifier extensions.

Modifier extensions SHALL NOT change the meaning of any elements on Resource or DomainResource (including cannot change the meaning of modifierExtension itself).","There can be no stigma associated with the use of extensions by any application, project, or standard - regardless of the institution or jurisdiction that uses or defines the extensions.  The use of extensions is what allows the FHIR specification to retain a core level of simplicity for everyone.","Modifier extensions allow for extensions that *cannot* be safely ignored to be clearly distinguished from the vast majority of extensions which can be safely ignored.  This promotes interoperability by eliminating the need for implementers to prohibit the presence of extensions. For further information, see the [definition of modifier extensions](http://hl7.org/fhir/R4/extensibility.html#modifierExtension).","","","","","","","",,,,,"",,,,"BackboneElement.modifierExtension",0,*,"","ele-1:All FHIR elements must have a @value or children {hasValue() or (children().count() > id.count())}
ext-1:Must have either extensions or value[x], not both {extension.exists() != value.exists()}"
"mii-lm-studie-logicalmodel.Rechtsgrundlage.Dokument","mii-lm-studie-logicalmodel.Rechtsgrundlage.Dokument","","","",0,*,"","","","BackboneElement {[]} {[]}
","Dokument einer Rechtsgrundlage","Dokument einer Rechtsgrundlage","","","","","","","","","",,,,,"",,,,"mii-lm-studie-logicalmodel.Rechtsgrundlage.Dokument",0,*,"","ele-1:All FHIR elements must have a @value or children {hasValue() or (children().count() > id.count())}
"
"mii-lm-studie-logicalmodel.Rechtsgrundlage.Dokument.id","mii-lm-studie-logicalmodel.Rechtsgrundlage.Dokument.id","","","",0,1,"","","","string {[]} {[]}
","Unique id for inter-element referencing","Unique id for the element within a resource (for internal references). This may be any string value that does not contain spaces.","","","","","","","","","",,,,,"",,,,"Element.id",0,1,"",""
"mii-lm-studie-logicalmodel.Rechtsgrundlage.Dokument.extension","mii-lm-studie-logicalmodel.Rechtsgrundlage.Dokument.extension","","extensions
user content","",0,*,"","","","Extension {[]} {[]}
","Additional content defined by implementations","May be used to represent additional information that is not part of the basic definition of the element. To make the use of extensions safe and manageable, there is a strict set of governance  applied to the definition and use of extensions. Though any implementer can define an extension, there is a set of requirements that SHALL be met as part of the definition of the extension.","There can be no stigma associated with the use of extensions by any application, project, or standard - regardless of the institution or jurisdiction that uses or defines the extensions.  The use of extensions is what allows the FHIR specification to retain a core level of simplicity for everyone.","","","","","","","","",,,,,"","value:url}
","Extensions are always sliced by (at least) url",,"open","Element.extension",0,*,"","ele-1:All FHIR elements must have a @value or children {hasValue() or (children().count() > id.count())}
ext-1:Must have either extensions or value[x], not both {extension.exists() != value.exists()}"
"mii-lm-studie-logicalmodel.Rechtsgrundlage.Dokument.modifierExtension","mii-lm-studie-logicalmodel.Rechtsgrundlage.Dokument.modifierExtension","","extensions
user contentmodifiers","",0,*,"","Y","Y","Extension {[]} {[]}
","Extensions that cannot be ignored even if unrecognized","May be used to represent additional information that is not part of the basic definition of the element and that modifies the understanding of the element in which it is contained and/or the understanding of the containing element's descendants. Usually modifier elements provide negation or qualification. To make the use of extensions safe and manageable, there is a strict set of governance applied to the definition and use of extensions. Though any implementer can define an extension, there is a set of requirements that SHALL be met as part of the definition of the extension. Applications processing a resource are required to check for modifier extensions.

Modifier extensions SHALL NOT change the meaning of any elements on Resource or DomainResource (including cannot change the meaning of modifierExtension itself).","There can be no stigma associated with the use of extensions by any application, project, or standard - regardless of the institution or jurisdiction that uses or defines the extensions.  The use of extensions is what allows the FHIR specification to retain a core level of simplicity for everyone.","Modifier extensions allow for extensions that *cannot* be safely ignored to be clearly distinguished from the vast majority of extensions which can be safely ignored.  This promotes interoperability by eliminating the need for implementers to prohibit the presence of extensions. For further information, see the [definition of modifier extensions](http://hl7.org/fhir/R4/extensibility.html#modifierExtension).","","","","","","","",,,,,"",,,,"BackboneElement.modifierExtension",0,*,"","ele-1:All FHIR elements must have a @value or children {hasValue() or (children().count() > id.count())}
ext-1:Must have either extensions or value[x], not both {extension.exists() != value.exists()}"
"mii-lm-studie-logicalmodel.Rechtsgrundlage.Dokument.Name","mii-lm-studie-logicalmodel.Rechtsgrundlage.Dokument.Name","","","",0,*,"","","","string {[]} {[]}
","Name eines Dokumentes","Name eines Dokumentes","","","","","","","","","",,,,,"",,,,"mii-lm-studie-logicalmodel.Rechtsgrundlage.Dokument.Name",0,*,"",""
"mii-lm-studie-logicalmodel.Rechtsgrundlage.Dokument.Autor","mii-lm-studie-logicalmodel.Rechtsgrundlage.Dokument.Autor","","","",0,*,"","","","string {[]} {[]}
","Autor eines Dokumentes","Autor eines Dokumentes","","","","","","","","","",,,,,"",,,,"mii-lm-studie-logicalmodel.Rechtsgrundlage.Dokument.Autor",0,*,"",""
"mii-lm-studie-logicalmodel.Rechtsgrundlage.Dokument.Dateityp","mii-lm-studie-logicalmodel.Rechtsgrundlage.Dokument.Dateityp","","","",0,*,"","","","string {[]} {[]}
","Dateityp eines Dokumentes","Dateityp eines Dokumentes","","","","","","","","","",,,,,"",,,,"mii-lm-studie-logicalmodel.Rechtsgrundlage.Dokument.Dateityp",0,*,"",""
"mii-lm-studie-logicalmodel.Rechtsgrundlage.Dokument.Standort","mii-lm-studie-logicalmodel.Rechtsgrundlage.Dokument.Standort","","","",0,*,"","","","BackboneElement {[]} {[]}
","Standort eines Dokumentes","Standort eines Dokumentes","","","","","","","","","",,,,,"",,,,"mii-lm-studie-logicalmodel.Rechtsgrundlage.Dokument.Standort",0,*,"","ele-1:All FHIR elements must have a @value or children {hasValue() or (children().count() > id.count())}
"
"mii-lm-studie-logicalmodel.Rechtsgrundlage.Dokument.Standort.id","mii-lm-studie-logicalmodel.Rechtsgrundlage.Dokument.Standort.id","","","",0,1,"","","","string {[]} {[]}
","Unique id for inter-element referencing","Unique id for the element within a resource (for internal references). This may be any string value that does not contain spaces.","","","","","","","","","",,,,,"",,,,"Element.id",0,1,"",""
"mii-lm-studie-logicalmodel.Rechtsgrundlage.Dokument.Standort.extension","mii-lm-studie-logicalmodel.Rechtsgrundlage.Dokument.Standort.extension","","extensions
user content","",0,*,"","","","Extension {[]} {[]}
","Additional content defined by implementations","May be used to represent additional information that is not part of the basic definition of the element. To make the use of extensions safe and manageable, there is a strict set of governance  applied to the definition and use of extensions. Though any implementer can define an extension, there is a set of requirements that SHALL be met as part of the definition of the extension.","There can be no stigma associated with the use of extensions by any application, project, or standard - regardless of the institution or jurisdiction that uses or defines the extensions.  The use of extensions is what allows the FHIR specification to retain a core level of simplicity for everyone.","","","","","","","","",,,,,"","value:url}
","Extensions are always sliced by (at least) url",,"open","Element.extension",0,*,"","ele-1:All FHIR elements must have a @value or children {hasValue() or (children().count() > id.count())}
ext-1:Must have either extensions or value[x], not both {extension.exists() != value.exists()}"
"mii-lm-studie-logicalmodel.Rechtsgrundlage.Dokument.Standort.modifierExtension","mii-lm-studie-logicalmodel.Rechtsgrundlage.Dokument.Standort.modifierExtension","","extensions
user contentmodifiers","",0,*,"","Y","Y","Extension {[]} {[]}
","Extensions that cannot be ignored even if unrecognized","May be used to represent additional information that is not part of the basic definition of the element and that modifies the understanding of the element in which it is contained and/or the understanding of the containing element's descendants. Usually modifier elements provide negation or qualification. To make the use of extensions safe and manageable, there is a strict set of governance applied to the definition and use of extensions. Though any implementer can define an extension, there is a set of requirements that SHALL be met as part of the definition of the extension. Applications processing a resource are required to check for modifier extensions.

Modifier extensions SHALL NOT change the meaning of any elements on Resource or DomainResource (including cannot change the meaning of modifierExtension itself).","There can be no stigma associated with the use of extensions by any application, project, or standard - regardless of the institution or jurisdiction that uses or defines the extensions.  The use of extensions is what allows the FHIR specification to retain a core level of simplicity for everyone.","Modifier extensions allow for extensions that *cannot* be safely ignored to be clearly distinguished from the vast majority of extensions which can be safely ignored.  This promotes interoperability by eliminating the need for implementers to prohibit the presence of extensions. For further information, see the [definition of modifier extensions](http://hl7.org/fhir/R4/extensibility.html#modifierExtension).","","","","","","","",,,,,"",,,,"BackboneElement.modifierExtension",0,*,"","ele-1:All FHIR elements must have a @value or children {hasValue() or (children().count() > id.count())}
ext-1:Must have either extensions or value[x], not both {extension.exists() != value.exists()}"
"mii-lm-studie-logicalmodel.Rechtsgrundlage.Dokument.Standort.Strasse","mii-lm-studie-logicalmodel.Rechtsgrundlage.Dokument.Standort.Strasse","","","",0,*,"","","","string {[]} {[]}
","Strasse einer Adresse","Strasse einer Adresse","","","","","","","","","",,,,,"",,,,"mii-lm-studie-logicalmodel.Rechtsgrundlage.Dokument.Standort.Strasse",0,*,"",""
"mii-lm-studie-logicalmodel.Rechtsgrundlage.Dokument.Standort.Adresse","mii-lm-studie-logicalmodel.Rechtsgrundlage.Dokument.Standort.Adresse","","","",0,*,"","","","BackboneElement {[]} {[]}
","Adresse eines Standorts","Adresse eines Standorts","","","","","","","","","",,,,,"",,,,"mii-lm-studie-logicalmodel.Rechtsgrundlage.Dokument.Standort.Adresse",0,*,"","ele-1:All FHIR elements must have a @value or children {hasValue() or (children().count() > id.count())}
"
"mii-lm-studie-logicalmodel.Rechtsgrundlage.Dokument.Standort.Adresse.id","mii-lm-studie-logicalmodel.Rechtsgrundlage.Dokument.Standort.Adresse.id","","","",0,1,"","","","string {[]} {[]}
","Unique id for inter-element referencing","Unique id for the element within a resource (for internal references). This may be any string value that does not contain spaces.","","","","","","","","","",,,,,"",,,,"Element.id",0,1,"",""
"mii-lm-studie-logicalmodel.Rechtsgrundlage.Dokument.Standort.Adresse.extension","mii-lm-studie-logicalmodel.Rechtsgrundlage.Dokument.Standort.Adresse.extension","","extensions
user content","",0,*,"","","","Extension {[]} {[]}
","Additional content defined by implementations","May be used to represent additional information that is not part of the basic definition of the element. To make the use of extensions safe and manageable, there is a strict set of governance  applied to the definition and use of extensions. Though any implementer can define an extension, there is a set of requirements that SHALL be met as part of the definition of the extension.","There can be no stigma associated with the use of extensions by any application, project, or standard - regardless of the institution or jurisdiction that uses or defines the extensions.  The use of extensions is what allows the FHIR specification to retain a core level of simplicity for everyone.","","","","","","","","",,,,,"","value:url}
","Extensions are always sliced by (at least) url",,"open","Element.extension",0,*,"","ele-1:All FHIR elements must have a @value or children {hasValue() or (children().count() > id.count())}
ext-1:Must have either extensions or value[x], not both {extension.exists() != value.exists()}"
"mii-lm-studie-logicalmodel.Rechtsgrundlage.Dokument.Standort.Adresse.modifierExtension","mii-lm-studie-logicalmodel.Rechtsgrundlage.Dokument.Standort.Adresse.modifierExtension","","extensions
user contentmodifiers","",0,*,"","Y","Y","Extension {[]} {[]}
","Extensions that cannot be ignored even if unrecognized","May be used to represent additional information that is not part of the basic definition of the element and that modifies the understanding of the element in which it is contained and/or the understanding of the containing element's descendants. Usually modifier elements provide negation or qualification. To make the use of extensions safe and manageable, there is a strict set of governance applied to the definition and use of extensions. Though any implementer can define an extension, there is a set of requirements that SHALL be met as part of the definition of the extension. Applications processing a resource are required to check for modifier extensions.

Modifier extensions SHALL NOT change the meaning of any elements on Resource or DomainResource (including cannot change the meaning of modifierExtension itself).","There can be no stigma associated with the use of extensions by any application, project, or standard - regardless of the institution or jurisdiction that uses or defines the extensions.  The use of extensions is what allows the FHIR specification to retain a core level of simplicity for everyone.","Modifier extensions allow for extensions that *cannot* be safely ignored to be clearly distinguished from the vast majority of extensions which can be safely ignored.  This promotes interoperability by eliminating the need for implementers to prohibit the presence of extensions. For further information, see the [definition of modifier extensions](http://hl7.org/fhir/R4/extensibility.html#modifierExtension).","","","","","","","",,,,,"",,,,"BackboneElement.modifierExtension",0,*,"","ele-1:All FHIR elements must have a @value or children {hasValue() or (children().count() > id.count())}
ext-1:Must have either extensions or value[x], not both {extension.exists() != value.exists()}"
"mii-lm-studie-logicalmodel.Rechtsgrundlage.Dokument.Standort.Adresse.Strasse","mii-lm-studie-logicalmodel.Rechtsgrundlage.Dokument.Standort.Adresse.Strasse","","","",0,*,"","","","string {[]} {[]}
","Strasse einer Adresse","Strasse einer Adresse","","","","","","","","","",,,,,"",,,,"mii-lm-studie-logicalmodel.Rechtsgrundlage.Dokument.Standort.Adresse.Strasse",0,*,"",""
"mii-lm-studie-logicalmodel.Rechtsgrundlage.Dokument.Standort.Adresse.Hausnummer","mii-lm-studie-logicalmodel.Rechtsgrundlage.Dokument.Standort.Adresse.Hausnummer","","","",0,*,"","","","string {[]} {[]}
","Hausnummer einer Adresse","Hausnummer einer Adresse","","","","","","","","","",,,,,"",,,,"mii-lm-studie-logicalmodel.Rechtsgrundlage.Dokument.Standort.Adresse.Hausnummer",0,*,"",""
"mii-lm-studie-logicalmodel.Rechtsgrundlage.Dokument.Standort.Adresse.PLZ","mii-lm-studie-logicalmodel.Rechtsgrundlage.Dokument.Standort.Adresse.PLZ","","","",0,*,"","","","string {[]} {[]}
","PLZ einer Adresse","PLZ einer Adresse","","","","","","","","","",,,,,"",,,,"mii-lm-studie-logicalmodel.Rechtsgrundlage.Dokument.Standort.Adresse.PLZ",0,*,"",""
"mii-lm-studie-logicalmodel.Rechtsgrundlage.Dokument.Standort.Adresse.Wohnort","mii-lm-studie-logicalmodel.Rechtsgrundlage.Dokument.Standort.Adresse.Wohnort","","","",0,*,"","","","string {[]} {[]}
","Wohnort einer Adresse","Wohnort einer Adresse","","","","","","","","","",,,,,"",,,,"mii-lm-studie-logicalmodel.Rechtsgrundlage.Dokument.Standort.Adresse.Wohnort",0,*,"",""
"mii-lm-studie-logicalmodel.Rechtsgrundlage.Dokument.Standort.Adresse.Land","mii-lm-studie-logicalmodel.Rechtsgrundlage.Dokument.Standort.Adresse.Land","","","",0,*,"","","","code {[]} {[]}
","Land einer Adresse","Land einer Adresse","","","","","","","","","",,,,,"",,,,"mii-lm-studie-logicalmodel.Rechtsgrundlage.Dokument.Standort.Adresse.Land",0,*,"",""
"mii-lm-studie-logicalmodel.Rechtsgrundlage.Dokument.Dateigroesse","mii-lm-studie-logicalmodel.Rechtsgrundlage.Dokument.Dateigroesse","","","",0,*,"","","","Quantity {[]} {[]}
","Dateigrösse eines Dokumentes","Dateigrösse eines Dokumentes","","","","","","","","","",,,,,"",,,,"mii-lm-studie-logicalmodel.Rechtsgrundlage.Dokument.Dateigroesse",0,*,"",""
"mii-lm-studie-logicalmodel.Rechtsgrundlage.Dokument.url","mii-lm-studie-logicalmodel.Rechtsgrundlage.Dokument.url","","","",0,*,"","","","string {[]} {[]}
","URL eines Dokumentes","URL eines Dokumentes","","","","","","","","","",,,,,"",,,,"mii-lm-studie-logicalmodel.Rechtsgrundlage.Dokument.url",0,*,"",""
"mii-lm-studie-logicalmodel.Datennutzungsantrag","mii-lm-studie-logicalmodel.Datennutzungsantrag","","","",0,*,"","","","BackboneElement {[]} {[]}
","Datennutzungsantrag einer Studie","Datennutzungsantrag einer Studie","","","","","","","","","",,,,,"",,,,"mii-lm-studie-logicalmodel.Datennutzungsantrag",0,*,"","ele-1:All FHIR elements must have a @value or children {hasValue() or (children().count() > id.count())}
"
"mii-lm-studie-logicalmodel.Datennutzungsantrag.id","mii-lm-studie-logicalmodel.Datennutzungsantrag.id","","","",0,1,"","","","string {[]} {[]}
","Unique id for inter-element referencing","Unique id for the element within a resource (for internal references). This may be any string value that does not contain spaces.","","","","","","","","","",,,,,"",,,,"Element.id",0,1,"",""
"mii-lm-studie-logicalmodel.Datennutzungsantrag.extension","mii-lm-studie-logicalmodel.Datennutzungsantrag.extension","","extensions
user content","",0,*,"","","","Extension {[]} {[]}
","Additional content defined by implementations","May be used to represent additional information that is not part of the basic definition of the element. To make the use of extensions safe and manageable, there is a strict set of governance  applied to the definition and use of extensions. Though any implementer can define an extension, there is a set of requirements that SHALL be met as part of the definition of the extension.","There can be no stigma associated with the use of extensions by any application, project, or standard - regardless of the institution or jurisdiction that uses or defines the extensions.  The use of extensions is what allows the FHIR specification to retain a core level of simplicity for everyone.","","","","","","","","",,,,,"","value:url}
","Extensions are always sliced by (at least) url",,"open","Element.extension",0,*,"","ele-1:All FHIR elements must have a @value or children {hasValue() or (children().count() > id.count())}
ext-1:Must have either extensions or value[x], not both {extension.exists() != value.exists()}"
"mii-lm-studie-logicalmodel.Datennutzungsantrag.modifierExtension","mii-lm-studie-logicalmodel.Datennutzungsantrag.modifierExtension","","extensions
user contentmodifiers","",0,*,"","Y","Y","Extension {[]} {[]}
","Extensions that cannot be ignored even if unrecognized","May be used to represent additional information that is not part of the basic definition of the element and that modifies the understanding of the element in which it is contained and/or the understanding of the containing element's descendants. Usually modifier elements provide negation or qualification. To make the use of extensions safe and manageable, there is a strict set of governance applied to the definition and use of extensions. Though any implementer can define an extension, there is a set of requirements that SHALL be met as part of the definition of the extension. Applications processing a resource are required to check for modifier extensions.

Modifier extensions SHALL NOT change the meaning of any elements on Resource or DomainResource (including cannot change the meaning of modifierExtension itself).","There can be no stigma associated with the use of extensions by any application, project, or standard - regardless of the institution or jurisdiction that uses or defines the extensions.  The use of extensions is what allows the FHIR specification to retain a core level of simplicity for everyone.","Modifier extensions allow for extensions that *cannot* be safely ignored to be clearly distinguished from the vast majority of extensions which can be safely ignored.  This promotes interoperability by eliminating the need for implementers to prohibit the presence of extensions. For further information, see the [definition of modifier extensions](http://hl7.org/fhir/R4/extensibility.html#modifierExtension).","","","","","","","",,,,,"",,,,"BackboneElement.modifierExtension",0,*,"","ele-1:All FHIR elements must have a @value or children {hasValue() or (children().count() > id.count())}
ext-1:Must have either extensions or value[x], not both {extension.exists() != value.exists()}"
"mii-lm-studie-logicalmodel.Datennutzungsantrag.Dokument","mii-lm-studie-logicalmodel.Datennutzungsantrag.Dokument","","","",0,*,"","","","BackboneElement {[]} {[]}
","Dokument eines Datennutzungsantrags","Dokument eines Datennutzungsantrags","","","","","","","","","",,,,,"",,,,"mii-lm-studie-logicalmodel.Datennutzungsantrag.Dokument",0,*,"","ele-1:All FHIR elements must have a @value or children {hasValue() or (children().count() > id.count())}
"
"mii-lm-studie-logicalmodel.Datennutzungsantrag.Dokument.id","mii-lm-studie-logicalmodel.Datennutzungsantrag.Dokument.id","","","",0,1,"","","","string {[]} {[]}
","Unique id for inter-element referencing","Unique id for the element within a resource (for internal references). This may be any string value that does not contain spaces.","","","","","","","","","",,,,,"",,,,"Element.id",0,1,"",""
"mii-lm-studie-logicalmodel.Datennutzungsantrag.Dokument.extension","mii-lm-studie-logicalmodel.Datennutzungsantrag.Dokument.extension","","extensions
user content","",0,*,"","","","Extension {[]} {[]}
","Additional content defined by implementations","May be used to represent additional information that is not part of the basic definition of the element. To make the use of extensions safe and manageable, there is a strict set of governance  applied to the definition and use of extensions. Though any implementer can define an extension, there is a set of requirements that SHALL be met as part of the definition of the extension.","There can be no stigma associated with the use of extensions by any application, project, or standard - regardless of the institution or jurisdiction that uses or defines the extensions.  The use of extensions is what allows the FHIR specification to retain a core level of simplicity for everyone.","","","","","","","","",,,,,"","value:url}
","Extensions are always sliced by (at least) url",,"open","Element.extension",0,*,"","ele-1:All FHIR elements must have a @value or children {hasValue() or (children().count() > id.count())}
ext-1:Must have either extensions or value[x], not both {extension.exists() != value.exists()}"
"mii-lm-studie-logicalmodel.Datennutzungsantrag.Dokument.modifierExtension","mii-lm-studie-logicalmodel.Datennutzungsantrag.Dokument.modifierExtension","","extensions
user contentmodifiers","",0,*,"","Y","Y","Extension {[]} {[]}
","Extensions that cannot be ignored even if unrecognized","May be used to represent additional information that is not part of the basic definition of the element and that modifies the understanding of the element in which it is contained and/or the understanding of the containing element's descendants. Usually modifier elements provide negation or qualification. To make the use of extensions safe and manageable, there is a strict set of governance applied to the definition and use of extensions. Though any implementer can define an extension, there is a set of requirements that SHALL be met as part of the definition of the extension. Applications processing a resource are required to check for modifier extensions.

Modifier extensions SHALL NOT change the meaning of any elements on Resource or DomainResource (including cannot change the meaning of modifierExtension itself).","There can be no stigma associated with the use of extensions by any application, project, or standard - regardless of the institution or jurisdiction that uses or defines the extensions.  The use of extensions is what allows the FHIR specification to retain a core level of simplicity for everyone.","Modifier extensions allow for extensions that *cannot* be safely ignored to be clearly distinguished from the vast majority of extensions which can be safely ignored.  This promotes interoperability by eliminating the need for implementers to prohibit the presence of extensions. For further information, see the [definition of modifier extensions](http://hl7.org/fhir/R4/extensibility.html#modifierExtension).","","","","","","","",,,,,"",,,,"BackboneElement.modifierExtension",0,*,"","ele-1:All FHIR elements must have a @value or children {hasValue() or (children().count() > id.count())}
ext-1:Must have either extensions or value[x], not both {extension.exists() != value.exists()}"
"mii-lm-studie-logicalmodel.Datennutzungsantrag.Dokument.Name","mii-lm-studie-logicalmodel.Datennutzungsantrag.Dokument.Name","","","",0,*,"","","","string {[]} {[]}
","Name eines Dokumentes","Name eines Dokumentes","","","","","","","","","",,,,,"",,,,"mii-lm-studie-logicalmodel.Datennutzungsantrag.Dokument.Name",0,*,"",""
"mii-lm-studie-logicalmodel.Datennutzungsantrag.Dokument.Autor","mii-lm-studie-logicalmodel.Datennutzungsantrag.Dokument.Autor","","","",0,*,"","","","string {[]} {[]}
","Autor eines Dokumentes","Autor eines Dokumentes","","","","","","","","","",,,,,"",,,,"mii-lm-studie-logicalmodel.Datennutzungsantrag.Dokument.Autor",0,*,"",""
"mii-lm-studie-logicalmodel.Datennutzungsantrag.Dokument.Dateityp","mii-lm-studie-logicalmodel.Datennutzungsantrag.Dokument.Dateityp","","","",0,*,"","","","string {[]} {[]}
","Dateityp eines Dokumentes","Dateityp eines Dokumentes","","","","","","","","","",,,,,"",,,,"mii-lm-studie-logicalmodel.Datennutzungsantrag.Dokument.Dateityp",0,*,"",""
"mii-lm-studie-logicalmodel.Datennutzungsantrag.Dokument.Standort","mii-lm-studie-logicalmodel.Datennutzungsantrag.Dokument.Standort","","","",0,*,"","","","BackboneElement {[]} {[]}
","Standort eines Dokumentes","Standort eines Dokumentes","","","","","","","","","",,,,,"",,,,"mii-lm-studie-logicalmodel.Datennutzungsantrag.Dokument.Standort",0,*,"","ele-1:All FHIR elements must have a @value or children {hasValue() or (children().count() > id.count())}
"
"mii-lm-studie-logicalmodel.Datennutzungsantrag.Dokument.Standort.id","mii-lm-studie-logicalmodel.Datennutzungsantrag.Dokument.Standort.id","","","",0,1,"","","","string {[]} {[]}
","Unique id for inter-element referencing","Unique id for the element within a resource (for internal references). This may be any string value that does not contain spaces.","","","","","","","","","",,,,,"",,,,"Element.id",0,1,"",""
"mii-lm-studie-logicalmodel.Datennutzungsantrag.Dokument.Standort.extension","mii-lm-studie-logicalmodel.Datennutzungsantrag.Dokument.Standort.extension","","extensions
user content","",0,*,"","","","Extension {[]} {[]}
","Additional content defined by implementations","May be used to represent additional information that is not part of the basic definition of the element. To make the use of extensions safe and manageable, there is a strict set of governance  applied to the definition and use of extensions. Though any implementer can define an extension, there is a set of requirements that SHALL be met as part of the definition of the extension.","There can be no stigma associated with the use of extensions by any application, project, or standard - regardless of the institution or jurisdiction that uses or defines the extensions.  The use of extensions is what allows the FHIR specification to retain a core level of simplicity for everyone.","","","","","","","","",,,,,"","value:url}
","Extensions are always sliced by (at least) url",,"open","Element.extension",0,*,"","ele-1:All FHIR elements must have a @value or children {hasValue() or (children().count() > id.count())}
ext-1:Must have either extensions or value[x], not both {extension.exists() != value.exists()}"
"mii-lm-studie-logicalmodel.Datennutzungsantrag.Dokument.Standort.modifierExtension","mii-lm-studie-logicalmodel.Datennutzungsantrag.Dokument.Standort.modifierExtension","","extensions
user contentmodifiers","",0,*,"","Y","Y","Extension {[]} {[]}
","Extensions that cannot be ignored even if unrecognized","May be used to represent additional information that is not part of the basic definition of the element and that modifies the understanding of the element in which it is contained and/or the understanding of the containing element's descendants. Usually modifier elements provide negation or qualification. To make the use of extensions safe and manageable, there is a strict set of governance applied to the definition and use of extensions. Though any implementer can define an extension, there is a set of requirements that SHALL be met as part of the definition of the extension. Applications processing a resource are required to check for modifier extensions.

Modifier extensions SHALL NOT change the meaning of any elements on Resource or DomainResource (including cannot change the meaning of modifierExtension itself).","There can be no stigma associated with the use of extensions by any application, project, or standard - regardless of the institution or jurisdiction that uses or defines the extensions.  The use of extensions is what allows the FHIR specification to retain a core level of simplicity for everyone.","Modifier extensions allow for extensions that *cannot* be safely ignored to be clearly distinguished from the vast majority of extensions which can be safely ignored.  This promotes interoperability by eliminating the need for implementers to prohibit the presence of extensions. For further information, see the [definition of modifier extensions](http://hl7.org/fhir/R4/extensibility.html#modifierExtension).","","","","","","","",,,,,"",,,,"BackboneElement.modifierExtension",0,*,"","ele-1:All FHIR elements must have a @value or children {hasValue() or (children().count() > id.count())}
ext-1:Must have either extensions or value[x], not both {extension.exists() != value.exists()}"
"mii-lm-studie-logicalmodel.Datennutzungsantrag.Dokument.Standort.Strasse","mii-lm-studie-logicalmodel.Datennutzungsantrag.Dokument.Standort.Strasse","","","",0,*,"","","","string {[]} {[]}
","Strasse einer Adresse","Strasse einer Adresse","","","","","","","","","",,,,,"",,,,"mii-lm-studie-logicalmodel.Datennutzungsantrag.Dokument.Standort.Strasse",0,*,"",""
"mii-lm-studie-logicalmodel.Datennutzungsantrag.Dokument.Standort.Adresse","mii-lm-studie-logicalmodel.Datennutzungsantrag.Dokument.Standort.Adresse","","","",0,*,"","","","BackboneElement {[]} {[]}
","Adresse eines Standorts","Adresse eines Standorts","","","","","","","","","",,,,,"",,,,"mii-lm-studie-logicalmodel.Datennutzungsantrag.Dokument.Standort.Adresse",0,*,"","ele-1:All FHIR elements must have a @value or children {hasValue() or (children().count() > id.count())}
"
"mii-lm-studie-logicalmodel.Datennutzungsantrag.Dokument.Standort.Adresse.id","mii-lm-studie-logicalmodel.Datennutzungsantrag.Dokument.Standort.Adresse.id","","","",0,1,"","","","string {[]} {[]}
","Unique id for inter-element referencing","Unique id for the element within a resource (for internal references). This may be any string value that does not contain spaces.","","","","","","","","","",,,,,"",,,,"Element.id",0,1,"",""
"mii-lm-studie-logicalmodel.Datennutzungsantrag.Dokument.Standort.Adresse.extension","mii-lm-studie-logicalmodel.Datennutzungsantrag.Dokument.Standort.Adresse.extension","","extensions
user content","",0,*,"","","","Extension {[]} {[]}
","Additional content defined by implementations","May be used to represent additional information that is not part of the basic definition of the element. To make the use of extensions safe and manageable, there is a strict set of governance  applied to the definition and use of extensions. Though any implementer can define an extension, there is a set of requirements that SHALL be met as part of the definition of the extension.","There can be no stigma associated with the use of extensions by any application, project, or standard - regardless of the institution or jurisdiction that uses or defines the extensions.  The use of extensions is what allows the FHIR specification to retain a core level of simplicity for everyone.","","","","","","","","",,,,,"","value:url}
","Extensions are always sliced by (at least) url",,"open","Element.extension",0,*,"","ele-1:All FHIR elements must have a @value or children {hasValue() or (children().count() > id.count())}
ext-1:Must have either extensions or value[x], not both {extension.exists() != value.exists()}"
"mii-lm-studie-logicalmodel.Datennutzungsantrag.Dokument.Standort.Adresse.modifierExtension","mii-lm-studie-logicalmodel.Datennutzungsantrag.Dokument.Standort.Adresse.modifierExtension","","extensions
user contentmodifiers","",0,*,"","Y","Y","Extension {[]} {[]}
","Extensions that cannot be ignored even if unrecognized","May be used to represent additional information that is not part of the basic definition of the element and that modifies the understanding of the element in which it is contained and/or the understanding of the containing element's descendants. Usually modifier elements provide negation or qualification. To make the use of extensions safe and manageable, there is a strict set of governance applied to the definition and use of extensions. Though any implementer can define an extension, there is a set of requirements that SHALL be met as part of the definition of the extension. Applications processing a resource are required to check for modifier extensions.

Modifier extensions SHALL NOT change the meaning of any elements on Resource or DomainResource (including cannot change the meaning of modifierExtension itself).","There can be no stigma associated with the use of extensions by any application, project, or standard - regardless of the institution or jurisdiction that uses or defines the extensions.  The use of extensions is what allows the FHIR specification to retain a core level of simplicity for everyone.","Modifier extensions allow for extensions that *cannot* be safely ignored to be clearly distinguished from the vast majority of extensions which can be safely ignored.  This promotes interoperability by eliminating the need for implementers to prohibit the presence of extensions. For further information, see the [definition of modifier extensions](http://hl7.org/fhir/R4/extensibility.html#modifierExtension).","","","","","","","",,,,,"",,,,"BackboneElement.modifierExtension",0,*,"","ele-1:All FHIR elements must have a @value or children {hasValue() or (children().count() > id.count())}
ext-1:Must have either extensions or value[x], not both {extension.exists() != value.exists()}"
"mii-lm-studie-logicalmodel.Datennutzungsantrag.Dokument.Standort.Adresse.Strasse","mii-lm-studie-logicalmodel.Datennutzungsantrag.Dokument.Standort.Adresse.Strasse","","","",0,*,"","","","string {[]} {[]}
","Strasse einer Adresse","Strasse einer Adresse","","","","","","","","","",,,,,"",,,,"mii-lm-studie-logicalmodel.Datennutzungsantrag.Dokument.Standort.Adresse.Strasse",0,*,"",""
"mii-lm-studie-logicalmodel.Datennutzungsantrag.Dokument.Standort.Adresse.Hausnummer","mii-lm-studie-logicalmodel.Datennutzungsantrag.Dokument.Standort.Adresse.Hausnummer","","","",0,*,"","","","string {[]} {[]}
","Hausnummer einer Adresse","Hausnummer einer Adresse","","","","","","","","","",,,,,"",,,,"mii-lm-studie-logicalmodel.Datennutzungsantrag.Dokument.Standort.Adresse.Hausnummer",0,*,"",""
"mii-lm-studie-logicalmodel.Datennutzungsantrag.Dokument.Standort.Adresse.PLZ","mii-lm-studie-logicalmodel.Datennutzungsantrag.Dokument.Standort.Adresse.PLZ","","","",0,*,"","","","string {[]} {[]}
","PLZ einer Adresse","PLZ einer Adresse","","","","","","","","","",,,,,"",,,,"mii-lm-studie-logicalmodel.Datennutzungsantrag.Dokument.Standort.Adresse.PLZ",0,*,"",""
"mii-lm-studie-logicalmodel.Datennutzungsantrag.Dokument.Standort.Adresse.Wohnort","mii-lm-studie-logicalmodel.Datennutzungsantrag.Dokument.Standort.Adresse.Wohnort","","","",0,*,"","","","string {[]} {[]}
","Wohnort einer Adresse","Wohnort einer Adresse","","","","","","","","","",,,,,"",,,,"mii-lm-studie-logicalmodel.Datennutzungsantrag.Dokument.Standort.Adresse.Wohnort",0,*,"",""
"mii-lm-studie-logicalmodel.Datennutzungsantrag.Dokument.Standort.Adresse.Land","mii-lm-studie-logicalmodel.Datennutzungsantrag.Dokument.Standort.Adresse.Land","","","",0,*,"","","","code {[]} {[]}
","Land einer Adresse","Land einer Adresse","","","","","","","","","",,,,,"",,,,"mii-lm-studie-logicalmodel.Datennutzungsantrag.Dokument.Standort.Adresse.Land",0,*,"",""
"mii-lm-studie-logicalmodel.Datennutzungsantrag.Dokument.Dateigroesse","mii-lm-studie-logicalmodel.Datennutzungsantrag.Dokument.Dateigroesse","","","",0,*,"","","","Quantity {[]} {[]}
","Dateigrösse eines Dokumentes","Dateigrösse eines Dokumentes","","","","","","","","","",,,,,"",,,,"mii-lm-studie-logicalmodel.Datennutzungsantrag.Dokument.Dateigroesse",0,*,"",""
"mii-lm-studie-logicalmodel.Datennutzungsantrag.Dokument.url","mii-lm-studie-logicalmodel.Datennutzungsantrag.Dokument.url","","","",0,*,"","","","string {[]} {[]}
","URL eines Dokumentes","URL eines Dokumentes","","","","","","","","","",,,,,"",,,,"mii-lm-studie-logicalmodel.Datennutzungsantrag.Dokument.url",0,*,"",""
"mii-lm-studie-logicalmodel.url","mii-lm-studie-logicalmodel.url","","","",0,*,"","","","string {[]} {[]}
","URL einer Studie","URL einer Studie","","","","","","","","","",,,,,"",,,,"mii-lm-studie-logicalmodel.url",0,*,"",""
"mii-lm-studie-logicalmodel.Studienfokus","mii-lm-studie-logicalmodel.Studienfokus","","","",0,*,"","","","string {[]} {[]}
","Fokus einer Studie","Fokus einer Studie","","","","","","","","","",,,,,"",,,,"mii-lm-studie-logicalmodel.Studienfokus",0,*,"",""
"mii-lm-studie-logicalmodel.Schlagwort","mii-lm-studie-logicalmodel.Schlagwort","","","",0,*,"","","","code {[]} {[]}
","Schlagwort einer Studie","Schlagwort einer Studie","","","","","","","","","",,,,,"",,,,"mii-lm-studie-logicalmodel.Schlagwort",0,*,"",""
"mii-lm-studie-logicalmodel.Machbarkeit","mii-lm-studie-logicalmodel.Machbarkeit","","","",0,*,"","","","BackboneElement {[]} {[]}
","Machbarkeit einer Studie","Machbarkeit einer Studie","","","","","","","","","",,,,,"",,,,"mii-lm-studie-logicalmodel.Machbarkeit",0,*,"","ele-1:All FHIR elements must have a @value or children {hasValue() or (children().count() > id.count())}
"
"mii-lm-studie-logicalmodel.Machbarkeit.id","mii-lm-studie-logicalmodel.Machbarkeit.id","","","",0,1,"","","","string {[]} {[]}
","Unique id for inter-element referencing","Unique id for the element within a resource (for internal references). This may be any string value that does not contain spaces.","","","","","","","","","",,,,,"",,,,"Element.id",0,1,"",""
"mii-lm-studie-logicalmodel.Machbarkeit.extension","mii-lm-studie-logicalmodel.Machbarkeit.extension","","extensions
user content","",0,*,"","","","Extension {[]} {[]}
","Additional content defined by implementations","May be used to represent additional information that is not part of the basic definition of the element. To make the use of extensions safe and manageable, there is a strict set of governance  applied to the definition and use of extensions. Though any implementer can define an extension, there is a set of requirements that SHALL be met as part of the definition of the extension.","There can be no stigma associated with the use of extensions by any application, project, or standard - regardless of the institution or jurisdiction that uses or defines the extensions.  The use of extensions is what allows the FHIR specification to retain a core level of simplicity for everyone.","","","","","","","","",,,,,"","value:url}
","Extensions are always sliced by (at least) url",,"open","Element.extension",0,*,"","ele-1:All FHIR elements must have a @value or children {hasValue() or (children().count() > id.count())}
ext-1:Must have either extensions or value[x], not both {extension.exists() != value.exists()}"
"mii-lm-studie-logicalmodel.Machbarkeit.modifierExtension","mii-lm-studie-logicalmodel.Machbarkeit.modifierExtension","","extensions
user contentmodifiers","",0,*,"","Y","Y","Extension {[]} {[]}
","Extensions that cannot be ignored even if unrecognized","May be used to represent additional information that is not part of the basic definition of the element and that modifies the understanding of the element in which it is contained and/or the understanding of the containing element's descendants. Usually modifier elements provide negation or qualification. To make the use of extensions safe and manageable, there is a strict set of governance applied to the definition and use of extensions. Though any implementer can define an extension, there is a set of requirements that SHALL be met as part of the definition of the extension. Applications processing a resource are required to check for modifier extensions.

Modifier extensions SHALL NOT change the meaning of any elements on Resource or DomainResource (including cannot change the meaning of modifierExtension itself).","There can be no stigma associated with the use of extensions by any application, project, or standard - regardless of the institution or jurisdiction that uses or defines the extensions.  The use of extensions is what allows the FHIR specification to retain a core level of simplicity for everyone.","Modifier extensions allow for extensions that *cannot* be safely ignored to be clearly distinguished from the vast majority of extensions which can be safely ignored.  This promotes interoperability by eliminating the need for implementers to prohibit the presence of extensions. For further information, see the [definition of modifier extensions](http://hl7.org/fhir/R4/extensibility.html#modifierExtension).","","","","","","","",,,,,"",,,,"BackboneElement.modifierExtension",0,*,"","ele-1:All FHIR elements must have a @value or children {hasValue() or (children().count() > id.count())}
ext-1:Must have either extensions or value[x], not both {extension.exists() != value.exists()}"
"mii-lm-studie-logicalmodel.Machbarkeit.Abschaetzung","mii-lm-studie-logicalmodel.Machbarkeit.Abschaetzung","","","",0,*,"","","","string {[]} {[]}
","Abschaetzung der Machbarkeit","Abschaetzung der Machbarkeit","","","","","","","","","",,,,,"",,,,"mii-lm-studie-logicalmodel.Machbarkeit.Abschaetzung",0,*,"",""
"mii-lm-studie-logicalmodel.Machbarkeit.Dokument","mii-lm-studie-logicalmodel.Machbarkeit.Dokument","","","",0,*,"","","","BackboneElement {[]} {[]}
","Dokumentation der Machbarkeit","Dokumentation der Machbarkeit","","","","","","","","","",,,,,"",,,,"mii-lm-studie-logicalmodel.Machbarkeit.Dokument",0,*,"","ele-1:All FHIR elements must have a @value or children {hasValue() or (children().count() > id.count())}
"
"mii-lm-studie-logicalmodel.Machbarkeit.Dokument.id","mii-lm-studie-logicalmodel.Machbarkeit.Dokument.id","","","",0,1,"","","","string {[]} {[]}
","Unique id for inter-element referencing","Unique id for the element within a resource (for internal references). This may be any string value that does not contain spaces.","","","","","","","","","",,,,,"",,,,"Element.id",0,1,"",""
"mii-lm-studie-logicalmodel.Machbarkeit.Dokument.extension","mii-lm-studie-logicalmodel.Machbarkeit.Dokument.extension","","extensions
user content","",0,*,"","","","Extension {[]} {[]}
","Additional content defined by implementations","May be used to represent additional information that is not part of the basic definition of the element. To make the use of extensions safe and manageable, there is a strict set of governance  applied to the definition and use of extensions. Though any implementer can define an extension, there is a set of requirements that SHALL be met as part of the definition of the extension.","There can be no stigma associated with the use of extensions by any application, project, or standard - regardless of the institution or jurisdiction that uses or defines the extensions.  The use of extensions is what allows the FHIR specification to retain a core level of simplicity for everyone.","","","","","","","","",,,,,"","value:url}
","Extensions are always sliced by (at least) url",,"open","Element.extension",0,*,"","ele-1:All FHIR elements must have a @value or children {hasValue() or (children().count() > id.count())}
ext-1:Must have either extensions or value[x], not both {extension.exists() != value.exists()}"
"mii-lm-studie-logicalmodel.Machbarkeit.Dokument.modifierExtension","mii-lm-studie-logicalmodel.Machbarkeit.Dokument.modifierExtension","","extensions
user contentmodifiers","",0,*,"","Y","Y","Extension {[]} {[]}
","Extensions that cannot be ignored even if unrecognized","May be used to represent additional information that is not part of the basic definition of the element and that modifies the understanding of the element in which it is contained and/or the understanding of the containing element's descendants. Usually modifier elements provide negation or qualification. To make the use of extensions safe and manageable, there is a strict set of governance applied to the definition and use of extensions. Though any implementer can define an extension, there is a set of requirements that SHALL be met as part of the definition of the extension. Applications processing a resource are required to check for modifier extensions.

Modifier extensions SHALL NOT change the meaning of any elements on Resource or DomainResource (including cannot change the meaning of modifierExtension itself).","There can be no stigma associated with the use of extensions by any application, project, or standard - regardless of the institution or jurisdiction that uses or defines the extensions.  The use of extensions is what allows the FHIR specification to retain a core level of simplicity for everyone.","Modifier extensions allow for extensions that *cannot* be safely ignored to be clearly distinguished from the vast majority of extensions which can be safely ignored.  This promotes interoperability by eliminating the need for implementers to prohibit the presence of extensions. For further information, see the [definition of modifier extensions](http://hl7.org/fhir/R4/extensibility.html#modifierExtension).","","","","","","","",,,,,"",,,,"BackboneElement.modifierExtension",0,*,"","ele-1:All FHIR elements must have a @value or children {hasValue() or (children().count() > id.count())}
ext-1:Must have either extensions or value[x], not both {extension.exists() != value.exists()}"
"mii-lm-studie-logicalmodel.Machbarkeit.Dokument.Name","mii-lm-studie-logicalmodel.Machbarkeit.Dokument.Name","","","",0,*,"","","","string {[]} {[]}
","Name eines Dokumentes","Name eines Dokumentes","","","","","","","","","",,,,,"",,,,"mii-lm-studie-logicalmodel.Machbarkeit.Dokument.Name",0,*,"",""
"mii-lm-studie-logicalmodel.Machbarkeit.Dokument.Autor","mii-lm-studie-logicalmodel.Machbarkeit.Dokument.Autor","","","",0,*,"","","","string {[]} {[]}
","Autor eines Dokumentes","Autor eines Dokumentes","","","","","","","","","",,,,,"",,,,"mii-lm-studie-logicalmodel.Machbarkeit.Dokument.Autor",0,*,"",""
"mii-lm-studie-logicalmodel.Machbarkeit.Dokument.Dateityp","mii-lm-studie-logicalmodel.Machbarkeit.Dokument.Dateityp","","","",0,*,"","","","string {[]} {[]}
","Dateityp eines Dokumentes","Dateityp eines Dokumentes","","","","","","","","","",,,,,"",,,,"mii-lm-studie-logicalmodel.Machbarkeit.Dokument.Dateityp",0,*,"",""
"mii-lm-studie-logicalmodel.Machbarkeit.Dokument.Standort","mii-lm-studie-logicalmodel.Machbarkeit.Dokument.Standort","","","",0,*,"","","","BackboneElement {[]} {[]}
","Standort eines Dokumentes","Standort eines Dokumentes","","","","","","","","","",,,,,"",,,,"mii-lm-studie-logicalmodel.Machbarkeit.Dokument.Standort",0,*,"","ele-1:All FHIR elements must have a @value or children {hasValue() or (children().count() > id.count())}
"
"mii-lm-studie-logicalmodel.Machbarkeit.Dokument.Standort.id","mii-lm-studie-logicalmodel.Machbarkeit.Dokument.Standort.id","","","",0,1,"","","","string {[]} {[]}
","Unique id for inter-element referencing","Unique id for the element within a resource (for internal references). This may be any string value that does not contain spaces.","","","","","","","","","",,,,,"",,,,"Element.id",0,1,"",""
"mii-lm-studie-logicalmodel.Machbarkeit.Dokument.Standort.extension","mii-lm-studie-logicalmodel.Machbarkeit.Dokument.Standort.extension","","extensions
user content","",0,*,"","","","Extension {[]} {[]}
","Additional content defined by implementations","May be used to represent additional information that is not part of the basic definition of the element. To make the use of extensions safe and manageable, there is a strict set of governance  applied to the definition and use of extensions. Though any implementer can define an extension, there is a set of requirements that SHALL be met as part of the definition of the extension.","There can be no stigma associated with the use of extensions by any application, project, or standard - regardless of the institution or jurisdiction that uses or defines the extensions.  The use of extensions is what allows the FHIR specification to retain a core level of simplicity for everyone.","","","","","","","","",,,,,"","value:url}
","Extensions are always sliced by (at least) url",,"open","Element.extension",0,*,"","ele-1:All FHIR elements must have a @value or children {hasValue() or (children().count() > id.count())}
ext-1:Must have either extensions or value[x], not both {extension.exists() != value.exists()}"
"mii-lm-studie-logicalmodel.Machbarkeit.Dokument.Standort.modifierExtension","mii-lm-studie-logicalmodel.Machbarkeit.Dokument.Standort.modifierExtension","","extensions
user contentmodifiers","",0,*,"","Y","Y","Extension {[]} {[]}
","Extensions that cannot be ignored even if unrecognized","May be used to represent additional information that is not part of the basic definition of the element and that modifies the understanding of the element in which it is contained and/or the understanding of the containing element's descendants. Usually modifier elements provide negation or qualification. To make the use of extensions safe and manageable, there is a strict set of governance applied to the definition and use of extensions. Though any implementer can define an extension, there is a set of requirements that SHALL be met as part of the definition of the extension. Applications processing a resource are required to check for modifier extensions.

Modifier extensions SHALL NOT change the meaning of any elements on Resource or DomainResource (including cannot change the meaning of modifierExtension itself).","There can be no stigma associated with the use of extensions by any application, project, or standard - regardless of the institution or jurisdiction that uses or defines the extensions.  The use of extensions is what allows the FHIR specification to retain a core level of simplicity for everyone.","Modifier extensions allow for extensions that *cannot* be safely ignored to be clearly distinguished from the vast majority of extensions which can be safely ignored.  This promotes interoperability by eliminating the need for implementers to prohibit the presence of extensions. For further information, see the [definition of modifier extensions](http://hl7.org/fhir/R4/extensibility.html#modifierExtension).","","","","","","","",,,,,"",,,,"BackboneElement.modifierExtension",0,*,"","ele-1:All FHIR elements must have a @value or children {hasValue() or (children().count() > id.count())}
ext-1:Must have either extensions or value[x], not both {extension.exists() != value.exists()}"
"mii-lm-studie-logicalmodel.Machbarkeit.Dokument.Standort.Strasse","mii-lm-studie-logicalmodel.Machbarkeit.Dokument.Standort.Strasse","","","",0,*,"","","","string {[]} {[]}
","Strasse einer Adresse","Strasse einer Adresse","","","","","","","","","",,,,,"",,,,"mii-lm-studie-logicalmodel.Machbarkeit.Dokument.Standort.Strasse",0,*,"",""
"mii-lm-studie-logicalmodel.Machbarkeit.Dokument.Standort.Adresse","mii-lm-studie-logicalmodel.Machbarkeit.Dokument.Standort.Adresse","","","",0,*,"","","","BackboneElement {[]} {[]}
","Adresse eines Standorts","Adresse eines Standorts","","","","","","","","","",,,,,"",,,,"mii-lm-studie-logicalmodel.Machbarkeit.Dokument.Standort.Adresse",0,*,"","ele-1:All FHIR elements must have a @value or children {hasValue() or (children().count() > id.count())}
"
"mii-lm-studie-logicalmodel.Machbarkeit.Dokument.Standort.Adresse.id","mii-lm-studie-logicalmodel.Machbarkeit.Dokument.Standort.Adresse.id","","","",0,1,"","","","string {[]} {[]}
","Unique id for inter-element referencing","Unique id for the element within a resource (for internal references). This may be any string value that does not contain spaces.","","","","","","","","","",,,,,"",,,,"Element.id",0,1,"",""
"mii-lm-studie-logicalmodel.Machbarkeit.Dokument.Standort.Adresse.extension","mii-lm-studie-logicalmodel.Machbarkeit.Dokument.Standort.Adresse.extension","","extensions
user content","",0,*,"","","","Extension {[]} {[]}
","Additional content defined by implementations","May be used to represent additional information that is not part of the basic definition of the element. To make the use of extensions safe and manageable, there is a strict set of governance  applied to the definition and use of extensions. Though any implementer can define an extension, there is a set of requirements that SHALL be met as part of the definition of the extension.","There can be no stigma associated with the use of extensions by any application, project, or standard - regardless of the institution or jurisdiction that uses or defines the extensions.  The use of extensions is what allows the FHIR specification to retain a core level of simplicity for everyone.","","","","","","","","",,,,,"","value:url}
","Extensions are always sliced by (at least) url",,"open","Element.extension",0,*,"","ele-1:All FHIR elements must have a @value or children {hasValue() or (children().count() > id.count())}
ext-1:Must have either extensions or value[x], not both {extension.exists() != value.exists()}"
"mii-lm-studie-logicalmodel.Machbarkeit.Dokument.Standort.Adresse.modifierExtension","mii-lm-studie-logicalmodel.Machbarkeit.Dokument.Standort.Adresse.modifierExtension","","extensions
user contentmodifiers","",0,*,"","Y","Y","Extension {[]} {[]}
","Extensions that cannot be ignored even if unrecognized","May be used to represent additional information that is not part of the basic definition of the element and that modifies the understanding of the element in which it is contained and/or the understanding of the containing element's descendants. Usually modifier elements provide negation or qualification. To make the use of extensions safe and manageable, there is a strict set of governance applied to the definition and use of extensions. Though any implementer can define an extension, there is a set of requirements that SHALL be met as part of the definition of the extension. Applications processing a resource are required to check for modifier extensions.

Modifier extensions SHALL NOT change the meaning of any elements on Resource or DomainResource (including cannot change the meaning of modifierExtension itself).","There can be no stigma associated with the use of extensions by any application, project, or standard - regardless of the institution or jurisdiction that uses or defines the extensions.  The use of extensions is what allows the FHIR specification to retain a core level of simplicity for everyone.","Modifier extensions allow for extensions that *cannot* be safely ignored to be clearly distinguished from the vast majority of extensions which can be safely ignored.  This promotes interoperability by eliminating the need for implementers to prohibit the presence of extensions. For further information, see the [definition of modifier extensions](http://hl7.org/fhir/R4/extensibility.html#modifierExtension).","","","","","","","",,,,,"",,,,"BackboneElement.modifierExtension",0,*,"","ele-1:All FHIR elements must have a @value or children {hasValue() or (children().count() > id.count())}
ext-1:Must have either extensions or value[x], not both {extension.exists() != value.exists()}"
"mii-lm-studie-logicalmodel.Machbarkeit.Dokument.Standort.Adresse.Strasse","mii-lm-studie-logicalmodel.Machbarkeit.Dokument.Standort.Adresse.Strasse","","","",0,*,"","","","string {[]} {[]}
","Strasse einer Adresse","Strasse einer Adresse","","","","","","","","","",,,,,"",,,,"mii-lm-studie-logicalmodel.Machbarkeit.Dokument.Standort.Adresse.Strasse",0,*,"",""
"mii-lm-studie-logicalmodel.Machbarkeit.Dokument.Standort.Adresse.Hausnummer","mii-lm-studie-logicalmodel.Machbarkeit.Dokument.Standort.Adresse.Hausnummer","","","",0,*,"","","","string {[]} {[]}
","Hausnummer einer Adresse","Hausnummer einer Adresse","","","","","","","","","",,,,,"",,,,"mii-lm-studie-logicalmodel.Machbarkeit.Dokument.Standort.Adresse.Hausnummer",0,*,"",""
"mii-lm-studie-logicalmodel.Machbarkeit.Dokument.Standort.Adresse.PLZ","mii-lm-studie-logicalmodel.Machbarkeit.Dokument.Standort.Adresse.PLZ","","","",0,*,"","","","string {[]} {[]}
","PLZ einer Adresse","PLZ einer Adresse","","","","","","","","","",,,,,"",,,,"mii-lm-studie-logicalmodel.Machbarkeit.Dokument.Standort.Adresse.PLZ",0,*,"",""
"mii-lm-studie-logicalmodel.Machbarkeit.Dokument.Standort.Adresse.Wohnort","mii-lm-studie-logicalmodel.Machbarkeit.Dokument.Standort.Adresse.Wohnort","","","",0,*,"","","","string {[]} {[]}
","Wohnort einer Adresse","Wohnort einer Adresse","","","","","","","","","",,,,,"",,,,"mii-lm-studie-logicalmodel.Machbarkeit.Dokument.Standort.Adresse.Wohnort",0,*,"",""
"mii-lm-studie-logicalmodel.Machbarkeit.Dokument.Standort.Adresse.Land","mii-lm-studie-logicalmodel.Machbarkeit.Dokument.Standort.Adresse.Land","","","",0,*,"","","","code {[]} {[]}
","Land einer Adresse","Land einer Adresse","","","","","","","","","",,,,,"",,,,"mii-lm-studie-logicalmodel.Machbarkeit.Dokument.Standort.Adresse.Land",0,*,"",""
"mii-lm-studie-logicalmodel.Machbarkeit.Dokument.Dateigroesse","mii-lm-studie-logicalmodel.Machbarkeit.Dokument.Dateigroesse","","","",0,*,"","","","Quantity {[]} {[]}
","Dateigrösse eines Dokumentes","Dateigrösse eines Dokumentes","","","","","","","","","",,,,,"",,,,"mii-lm-studie-logicalmodel.Machbarkeit.Dokument.Dateigroesse",0,*,"",""
"mii-lm-studie-logicalmodel.Machbarkeit.Dokument.url","mii-lm-studie-logicalmodel.Machbarkeit.Dokument.url","","","",0,*,"","","","string {[]} {[]}
","URL eines Dokumentes","URL eines Dokumentes","","","","","","","","","",,,,,"",,,,"mii-lm-studie-logicalmodel.Machbarkeit.Dokument.url",0,*,"",""
"mii-lm-studie-logicalmodel.Machbarkeit.Ergebnis","mii-lm-studie-logicalmodel.Machbarkeit.Ergebnis","","","",0,*,"","","","string {[]} {[]}
","Ergebnis der Machbarkeit","Ergebnis der Machbarkeit","","","","","","","","","",,,,,"",,,,"mii-lm-studie-logicalmodel.Machbarkeit.Ergebnis",0,*,"",""
"mii-lm-studie-logicalmodel.Machbarkeit.HatPrescreening","mii-lm-studie-logicalmodel.Machbarkeit.HatPrescreening","","","",0,*,"","","","boolean {[]} {[]}
","Ob ein Prescreening vorhanden ist","Ob ein Prescreening vorhanden ist","","","","","","","","","",,,,,"",,,,"mii-lm-studie-logicalmodel.Machbarkeit.HatPrescreening",0,*,"",""
"mii-lm-studie-logicalmodel.Machbarkeit.Version","mii-lm-studie-logicalmodel.Machbarkeit.Version","","","",0,*,"","","","string {[]} {[]}
","Version der Machbarkeit","Version der Machbarkeit","","","","","","","","","",,,,,"",,,,"mii-lm-studie-logicalmodel.Machbarkeit.Version",0,*,"",""
"mii-lm-studie-logicalmodel.Ethikvotum","mii-lm-studie-logicalmodel.Ethikvotum","","","",0,*,"","","","BackboneElement {[]} {[]}
","Ethikvotum der Studie","Ethikvotum der Studie","","","","","","","","","",,,,,"",,,,"mii-lm-studie-logicalmodel.Ethikvotum",0,*,"","ele-1:All FHIR elements must have a @value or children {hasValue() or (children().count() > id.count())}
"
"mii-lm-studie-logicalmodel.Ethikvotum.id","mii-lm-studie-logicalmodel.Ethikvotum.id","","","",0,1,"","","","string {[]} {[]}
","Unique id for inter-element referencing","Unique id for the element within a resource (for internal references). This may be any string value that does not contain spaces.","","","","","","","","","",,,,,"",,,,"Element.id",0,1,"",""
"mii-lm-studie-logicalmodel.Ethikvotum.extension","mii-lm-studie-logicalmodel.Ethikvotum.extension","","extensions
user content","",0,*,"","","","Extension {[]} {[]}
","Additional content defined by implementations","May be used to represent additional information that is not part of the basic definition of the element. To make the use of extensions safe and manageable, there is a strict set of governance  applied to the definition and use of extensions. Though any implementer can define an extension, there is a set of requirements that SHALL be met as part of the definition of the extension.","There can be no stigma associated with the use of extensions by any application, project, or standard - regardless of the institution or jurisdiction that uses or defines the extensions.  The use of extensions is what allows the FHIR specification to retain a core level of simplicity for everyone.","","","","","","","","",,,,,"","value:url}
","Extensions are always sliced by (at least) url",,"open","Element.extension",0,*,"","ele-1:All FHIR elements must have a @value or children {hasValue() or (children().count() > id.count())}
ext-1:Must have either extensions or value[x], not both {extension.exists() != value.exists()}"
"mii-lm-studie-logicalmodel.Ethikvotum.modifierExtension","mii-lm-studie-logicalmodel.Ethikvotum.modifierExtension","","extensions
user contentmodifiers","",0,*,"","Y","Y","Extension {[]} {[]}
","Extensions that cannot be ignored even if unrecognized","May be used to represent additional information that is not part of the basic definition of the element and that modifies the understanding of the element in which it is contained and/or the understanding of the containing element's descendants. Usually modifier elements provide negation or qualification. To make the use of extensions safe and manageable, there is a strict set of governance applied to the definition and use of extensions. Though any implementer can define an extension, there is a set of requirements that SHALL be met as part of the definition of the extension. Applications processing a resource are required to check for modifier extensions.

Modifier extensions SHALL NOT change the meaning of any elements on Resource or DomainResource (including cannot change the meaning of modifierExtension itself).","There can be no stigma associated with the use of extensions by any application, project, or standard - regardless of the institution or jurisdiction that uses or defines the extensions.  The use of extensions is what allows the FHIR specification to retain a core level of simplicity for everyone.","Modifier extensions allow for extensions that *cannot* be safely ignored to be clearly distinguished from the vast majority of extensions which can be safely ignored.  This promotes interoperability by eliminating the need for implementers to prohibit the presence of extensions. For further information, see the [definition of modifier extensions](http://hl7.org/fhir/R4/extensibility.html#modifierExtension).","","","","","","","",,,,,"",,,,"BackboneElement.modifierExtension",0,*,"","ele-1:All FHIR elements must have a @value or children {hasValue() or (children().count() > id.count())}
ext-1:Must have either extensions or value[x], not both {extension.exists() != value.exists()}"
"mii-lm-studie-logicalmodel.Ethikvotum.Status","mii-lm-studie-logicalmodel.Ethikvotum.Status","","","",0,*,"","","","code {[]} {[]}
","Status des Ethikvotums","Status des Ethikvotums","","","","","","","","","",,,,,"",,,,"mii-lm-studie-logicalmodel.Ethikvotum.Status",0,*,"",""
"mii-lm-studie-logicalmodel.Ethikvotum.Kommission","mii-lm-studie-logicalmodel.Ethikvotum.Kommission","","","",0,*,"","","","string {[]} {[]}
","Kommission des Ethikvotums","Kommission des Ethikvotums","","","","","","","","","",,,,,"",,,,"mii-lm-studie-logicalmodel.Ethikvotum.Kommission",0,*,"",""
"mii-lm-studie-logicalmodel.Ethikvotum.Ethiknummer","mii-lm-studie-logicalmodel.Ethikvotum.Ethiknummer","","","",0,*,"","","","string {[]} {[]}
","Nummer des Ethikvotums","Nummer des Ethikvotums","","","","","","","","","",,,,,"",,,,"mii-lm-studie-logicalmodel.Ethikvotum.Ethiknummer",0,*,"",""
"mii-lm-studie-logicalmodel.Finanzierung","mii-lm-studie-logicalmodel.Finanzierung","","","",0,*,"","","","string {[]} {[]}
","Finanzierung der Studie","Finanzierung der Studie","","","","","","","","","",,,,,"",,,,"mii-lm-studie-logicalmodel.Finanzierung",0,*,"",""
